{
	"point": [
		[155.3353786,566.8963882],
		[155.3353786,515.451262],
		[155.3353786,395.4126342],
		[241.0772556,378.2642588],
		[223.9288802,549.7480128],
		[69.5935016,532.5996374],
		[103.8902524,361.1158834],
		[69.5935016,292.5223818],
		[138.1870032,189.6321294],
		[258.225631,206.7805048],
		[326.8191326,292.5223818],
		[275.3740064,343.967508],
		[189.6321294,172.483754],
		[189.6321294,69.5935016]
	],
	"score": 1.170162
}
