{
	"point": [
		[134.3830579,534.5322314],
		[110.1315928,413.2749061],
		[122.2573253,279.8918482],
		[182.885988,279.8918482],
		[182.885988,413.2749061],
		[170.7602554,558.7836965],
		[122.2573253,207.137453],
		[98.00586026,158.6345229],
		[110.1315928,98.00586026],
		[219.2631856,110.1315928],
		[219.2631856,207.137453],
		[219.2631856,292.0175808],
		[158.6345229,85.88012772],
		[158.6345229,25.25146506]
	],
	"score": 1.007500676
}
