{
	"point": [
		[117.9643451,520.8415337],
		[104.9683067,403.8771886],
		[91.97226839,247.9247285],
		[169.9484984,299.9088819],
		[169.9484984,416.8732269],
		[156.9524601,533.837572],
		[65.98019171,325.9009585],
		[78.97623005,208.9366135],
		[91.97226839,117.9643451],
		[195.9405751,117.9643451],
		[195.9405751,182.9445368],
		[195.9405751,260.9207668],
		[143.9564218,91.97226839],
		[143.9564218,26.99207668]
	],
	"score": 1.499360579
}
