{
	"point": [
		[182.9445368,520.8415337],
		[169.9484984,390.8811503],
		[156.9524601,273.9168052],
		[221.9326518,273.9168052],
		[221.9326518,390.8811503],
		[208.9366135,520.8415337],
		[130.9603834,156.9524601],
		[117.9643451,208.9366135],
		[143.9564218,117.9643451],
		[234.9286902,117.9643451],
		[247.9247285,208.9366135],
		[234.9286902,299.9088819],
		[182.9445368,104.9683067],
		[182.9445368,39.98811503]
	],
	"score": 1.676452655
}
