{
	"point": [
		[117.9643451,533.837572],
		[104.9683067,416.8732269],
		[104.9683067,286.9128435],
		[156.9524601,273.9168052],
		[156.9524601,416.8732269],
		[156.9524601,546.8336104],
		[78.97623005,312.9049202],
		[78.97623005,221.9326518],
		[91.97226839,130.9603834],
		[182.9445368,117.9643451],
		[182.9445368,182.9445368],
		[182.9445368,260.9207668],
		[130.9603834,104.9683067],
		[130.9603834,26.99207668]
	],
	"score": 1.408538152
}
