{
	"point": [
		[195.9405751,533.837572],
		[169.9484984,403.8771886],
		[169.9484984,273.9168052],
		[221.9326518,273.9168052],
		[208.9366135,416.8732269],
		[221.9326518,559.8296487],
		[143.9564218,325.9009585],
		[143.9564218,221.9326518],
		[143.9564218,117.9643451],
		[247.9247285,117.9643451],
		[260.9207668,195.9405751],
		[208.9366135,234.9286902],
		[195.9405751,91.97226839],
		[195.9405751,26.99207668]
	],
	"score": 1.503562305
}
