{
	"point": [
		[182.9445368,559.8296487],
		[169.9484984,416.8732269],
		[169.9484984,260.9207668],
		[221.9326518,286.9128435],
		[208.9366135,429.8692653],
		[195.9405751,559.8296487],
		[117.9643451,273.9168052],
		[156.9524601,195.9405751],
		[156.9524601,117.9643451],
		[247.9247285,117.9643451],
		[260.9207668,169.9484984],
		[286.9128435,234.9286902],
		[195.9405751,91.97226839],
		[195.9405751,26.99207668]
	],
	"score": 1.027753138
}
