{
	"point": [
		[195.0117205,558.7836965],
		[170.7602554,413.2749061],
		[158.6345229,255.6403832],
		[219.2631856,267.7661157],
		[207.137453,401.1491736],
		[207.137453,510.2807663],
		[110.1315928,279.8918482],
		[146.5087904,195.0117205],
		[158.6345229,110.1315928],
		[243.5146506,110.1315928],
		[255.6403832,195.0117205],
		[219.2631856,231.3889181],
		[195.0117205,85.88012772],
		[195.0117205,25.25146506]
	],
	"score": 1.340734009
}
