{
	"point": [
		[168.1457082,544.2235515],
		[154.2168991,418.8642704],
		[154.2168991,307.4337983],
		[209.9321352,279.5761803],
		[209.9321352,432.7930794],
		[196.0033262,544.2235515],
		[126.3592811,335.2914163],
		[140.2880901,237.7897532],
		[126.3592811,154.2168991],
		[237.7897532,140.2880901],
		[237.7897532,237.7897532],
		[237.7897532,335.2914163],
		[182.0745172,126.3592811],
		[182.0745172,42.78642704]
	],
	"score": 1.230891062
}
