{
	"point": [
		[195.9405751,507.8454953],
		[169.9484984,377.8851119],
		[156.9524601,260.9207668],
		[234.9286902,273.9168052],
		[221.9326518,403.8771886],
		[208.9366135,507.8454953],
		[143.9564218,130.9603834],
		[104.9683067,65.98019171],
		[156.9524601,117.9643451],
		[247.9247285,117.9643451],
		[260.9207668,182.9445368],
		[234.9286902,234.9286902],
		[195.9405751,104.9683067],
		[195.9405751,39.98811503]
	],
	"score": 1.086546264
}
