{
	"point": [
		[73.75439519,546.6579639],
		[73.75439519,413.2749061],
		[49.50293013,267.7661157],
		[110.1315928,292.0175808],
		[98.00586026,413.2749061],
		[85.88012772,546.6579639],
		[98.00586026,207.137453],
		[61.62866266,170.7602554],
		[49.50293013,122.2573253],
		[134.3830579,122.2573253],
		[134.3830579,207.137453],
		[98.00586026,231.3889181],
		[85.88012772,98.00586026],
		[85.88012772,25.25146506]
	],
	"score": 1.204742726
}
