{
	"point": [
		[156.9524601,533.837572],
		[169.9484984,403.8771886],
		[169.9484984,286.9128435],
		[221.9326518,286.9128435],
		[221.9326518,416.8732269],
		[221.9326518,533.837572],
		[143.9564218,312.9049202],
		[143.9564218,221.9326518],
		[156.9524601,130.9603834],
		[247.9247285,130.9603834],
		[260.9207668,208.9366135],
		[247.9247285,312.9049202],
		[195.9405751,104.9683067],
		[195.9405751,39.98811503]
	],
	"score": 1.063672566
}
