{
	"point": [
		[135.3567508,553.355531],
		[120.4282229,418.9987802],
		[105.4996951,269.7135016],
		[180.1423344,284.6420294],
		[180.1423344,433.9273081],
		[165.2138065,553.355531],
		[60.71411146,269.7135016],
		[75.64263932,165.2138065],
		[90.57116719,105.4996951],
		[195.0708622,120.4282229],
		[195.0708622,224.927918],
		[135.3567508,224.927918],
		[150.2852786,90.57116719],
		[150.2852786,15.92852786]
	],
	"score": 1.545193078
}
