{
	"point": [
		[182.0745172,544.2235515],
		[154.2168991,404.9354614],
		[154.2168991,279.5761803],
		[223.8609442,279.5761803],
		[223.8609442,418.8642704],
		[223.8609442,544.2235515],
		[126.3592811,293.5049893],
		[140.2880901,209.9321352],
		[154.2168991,140.2880901],
		[251.7185622,140.2880901],
		[251.7185622,209.9321352],
		[293.5049893,293.5049893],
		[209.9321352,112.4304721],
		[209.9321352,42.78642704]
	],
	"score": 1.401154095
}
