{
	"point": [
		[140.2880901,558.1523605],
		[126.3592811,432.7930794],
		[126.3592811,279.5761803],
		[182.0745172,307.4337983],
		[168.1457082,432.7930794],
		[168.1457082,558.1523605],
		[84.57285408,307.4337983],
		[84.57285408,209.9321352],
		[98.50166309,112.4304721],
		[209.9321352,126.3592811],
		[209.9321352,209.9321352],
		[209.9321352,321.3626073],
		[154.2168991,98.50166309],
		[154.2168991,28.85761803]
	],
	"score": 1.466159248
}
