{
	"point": [
		[126.3592811,544.2235515],
		[98.50166309,418.8642704],
		[98.50166309,293.5049893],
		[168.1457082,223.8609442],
		[168.1457082,404.9354614],
		[168.1457082,544.2235515],
		[84.57285408,349.2202253],
		[98.50166309,237.7897532],
		[112.4304721,126.3592811],
		[209.9321352,112.4304721],
		[209.9321352,209.9321352],
		[209.9321352,321.3626073],
		[154.2168991,98.50166309],
		[154.2168991,28.85761803]
	],
	"score": 1.261173933
}
