{
	"point": [
		[170.7602554,498.1550338],
		[170.7602554,376.8977085],
		[158.6345229,243.5146506],
		[207.137453,267.7661157],
		[207.137453,376.8977085],
		[182.885988,510.2807663],
		[134.3830579,255.6403832],
		[134.3830579,195.0117205],
		[134.3830579,122.2573253],
		[231.3889181,122.2573253],
		[279.8918482,182.885988],
		[231.3889181,231.3889181],
		[182.885988,98.00586026],
		[182.885988,37.3771976]
	],
	"score": 1.359173471
}
