{
	"point": [
		[135.3567508,538.4270031],
		[120.4282229,404.0702523],
		[120.4282229,239.8564458],
		[180.1423344,254.7849737],
		[180.1423344,404.0702523],
		[165.2138065,553.355531],
		[90.57116719,299.5705573],
		[90.57116719,195.0708622],
		[105.4996951,105.4996951],
		[209.9993901,105.4996951],
		[209.9993901,209.9993901],
		[224.927918,314.4990852],
		[150.2852786,90.57116719],
		[150.2852786,15.92852786]
	],
	"score": 1.518152343
}
