{
	"point": [
		[182.9445368,559.8296487],
		[169.9484984,403.8771886],
		[169.9484984,247.9247285],
		[221.9326518,286.9128435],
		[208.9366135,403.8771886],
		[182.9445368,520.8415337],
		[117.9643451,312.9049202],
		[143.9564218,208.9366135],
		[156.9524601,117.9643451],
		[247.9247285,117.9643451],
		[247.9247285,208.9366135],
		[247.9247285,299.9088819],
		[195.9405751,91.97226839],
		[195.9405751,26.99207668]
	],
	"score": 1.042917869
}
