{
	"point": [
		[208.9366135,533.837572],
		[195.9405751,403.8771886],
		[182.9445368,273.9168052],
		[234.9286902,273.9168052],
		[234.9286902,403.8771886],
		[234.9286902,507.8454953],
		[130.9603834,221.9326518],
		[156.9524601,208.9366135],
		[169.9484984,130.9603834],
		[260.9207668,130.9603834],
		[247.9247285,208.9366135],
		[182.9445368,273.9168052],
		[221.9326518,104.9683067],
		[221.9326518,39.98811503]
	],
	"score": 1.219734004
}
