{
	"point": [
		[73.75439519,546.6579639],
		[49.50293013,389.023441],
		[37.3771976,243.5146506],
		[85.88012772,267.7661157],
		[85.88012772,389.023441],
		[73.75439519,486.0293013],
		[13.12573253,98.00586026],
		[1,170.7602554],
		[13.12573253,110.1315928],
		[122.2573253,110.1315928],
		[122.2573253,158.6345229],
		[146.5087904,231.3889181],
		[61.62866266,85.88012772],
		[61.62866266,25.25146506]
	],
	"score": 1.254915315
}
