{
	"point": [
		[172.483754,549.7480128],
		[172.483754,429.709385],
		[172.483754,292.5223818],
		[258.225631,292.5223818],
		[258.225631,412.5610096],
		[258.225631,566.8963882],
		[138.1870032,412.5610096],
		[138.1870032,275.3740064],
		[138.1870032,155.3353786],
		[275.3740064,155.3353786],
		[292.5223818,309.6707572],
		[292.5223818,395.4126342],
		[206.7805048,138.1870032],
		[206.7805048,35.2967508]
	],
	"score": 1.094035525
}
