{
	"point": [
		[143.9564218,520.8415337],
		[169.9484984,390.8811503],
		[169.9484984,286.9128435],
		[221.9326518,273.9168052],
		[208.9366135,416.8732269],
		[195.9405751,533.837572],
		[143.9564218,312.9049202],
		[143.9564218,221.9326518],
		[143.9564218,130.9603834],
		[234.9286902,117.9643451],
		[247.9247285,208.9366135],
		[247.9247285,312.9049202],
		[195.9405751,104.9683067],
		[195.9405751,39.98811503]
	],
	"score": 1.216423717
}
