{
	"point": {
		"_ArrayType_": "double",
		"_ArraySize_": [14,2,2],
		"_ArrayData_": [84.57285408,84.57285408,112.4304721,168.1457082,182.0745172,196.0033262,84.57285408,70.64404506,70.64404506,182.0745172,182.0745172,196.0033262,126.3592811,112.4304721,558.1523605,418.8642704,279.5761803,279.5761803,432.7930794,558.1523605,307.4337983,223.8609442,112.4304721,112.4304721,209.9321352,321.3626073,98.50166309,28.85761803,391.0066524,404.9354614,418.8642704,460.6506974,404.9354614,404.9354614,391.0066524,404.9354614,404.9354614,502.4371245,488.5083154,488.5083154,446.7218884,432.7930794,544.2235515,404.9354614,265.6473712,265.6473712,404.9354614,516.3659335,307.4337983,209.9321352,112.4304721,112.4304721,209.9321352,279.5761803,98.50166309,28.85761803]
	},
	"score": [0.4288932149,0.03359187798]
}
