{
	"point": {
		"_ArrayType_": "double",
		"_ArraySize_": [14,2,2],
		"_ArrayData_": [52.98415337,65.98019171,91.97226839,169.9484984,169.9484984,156.9524601,78.97623005,78.97623005,91.97226839,195.9405751,208.9366135,182.9445368,143.9564218,156.9524601,546.8336104,416.8732269,260.9207668,286.9128435,416.8732269,559.8296487,182.9445368,130.9603834,104.9683067,104.9683067,182.9445368,234.9286902,78.97623005,26.99207668,481.8534186,455.861342,442.8653036,494.849457,507.8454953,507.8454953,390.8811503,403.8771886,429.8692653,507.8454953,572.825687,507.8454953,455.861342,429.8692653,520.8415337,390.8811503,234.9286902,221.9326518,338.8969969,390.8811503,299.9088819,195.9405751,104.9683067,104.9683067,169.9484984,221.9326518,91.97226839,26.99207668]
	},
	"score": [0.5199082165,0.1805158783]
}
