{
	"point": [
		[143.9564218,533.837572],
		[169.9484984,403.8771886],
		[195.9405751,260.9207668],
		[260.9207668,286.9128435],
		[247.9247285,416.8732269],
		[234.9286902,559.8296487],
		[221.9326518,91.97226839],
		[195.9405751,169.9484984],
		[221.9326518,117.9643451],
		[312.9049202,117.9643451],
		[351.8930352,195.9405751],
		[299.9088819,247.9247285],
		[260.9207668,104.9683067],
		[260.9207668,39.98811503]
	],
	"score": 1.375121012
}
