{
	"point": [
		[154.2168991,544.2235515],
		[182.0745172,404.9354614],
		[154.2168991,265.6473712],
		[196.0033262,279.5761803],
		[196.0033262,418.8642704],
		[182.0745172,544.2235515],
		[112.4304721,279.5761803],
		[112.4304721,196.0033262],
		[126.3592811,98.50166309],
		[237.7897532,112.4304721],
		[237.7897532,209.9321352],
		[237.7897532,307.4337983],
		[182.0745172,84.57285408],
		[182.0745172,14.92880901]
	],
	"score": 1.118642731
}
