{
	"point": [
		[209.9321352,544.2235515],
		[209.9321352,418.8642704],
		[196.0033262,279.5761803],
		[251.7185622,265.6473712],
		[265.6473712,432.7930794],
		[265.6473712,558.1523605],
		[168.1457082,335.2914163],
		[168.1457082,223.8609442],
		[168.1457082,126.3592811],
		[265.6473712,126.3592811],
		[279.5761803,196.0033262],
		[279.5761803,279.5761803],
		[209.9321352,112.4304721],
		[209.9321352,42.78642704]
	],
	"score": 1.373691323
}
