{
	"point": [
		[169.9484984,533.837572],
		[169.9484984,403.8771886],
		[156.9524601,260.9207668],
		[234.9286902,273.9168052],
		[221.9326518,403.8771886],
		[208.9366135,546.8336104],
		[117.9643451,299.9088819],
		[130.9603834,221.9326518],
		[156.9524601,117.9643451],
		[247.9247285,117.9643451],
		[247.9247285,182.9445368],
		[247.9247285,260.9207668],
		[208.9366135,104.9683067],
		[221.9326518,39.98811503]
	],
	"score": 1.262946177
}
