{
	"point": [
		[150.2852786,553.355531],
		[135.3567508,404.0702523],
		[135.3567508,254.7849737],
		[195.0708622,254.7849737],
		[180.1423344,404.0702523],
		[180.1423344,553.355531],
		[90.57116719,314.4990852],
		[90.57116719,209.9993901],
		[90.57116719,105.4996951],
		[209.9993901,120.4282229],
		[224.927918,224.927918],
		[224.927918,314.4990852],
		[150.2852786,90.57116719],
		[150.2852786,15.92852786]
	],
	"score": 1.260921672
}
