{
	"point": [
		[169.9484984,559.8296487],
		[143.9564218,429.8692653],
		[143.9564218,260.9207668],
		[195.9405751,286.9128435],
		[195.9405751,429.8692653],
		[195.9405751,559.8296487],
		[78.97623005,221.9326518],
		[91.97226839,156.9524601],
		[143.9564218,117.9643451],
		[247.9247285,117.9643451],
		[247.9247285,221.9326518],
		[247.9247285,325.9009585],
		[195.9405751,104.9683067],
		[195.9405751,26.99207668]
	],
	"score": 1.306409373
}
