{
	"point": [
		[170.7056275,544.058008],
		[159.391919,419.6072145],
		[148.0782105,272.529004],
		[204.646753,317.783838],
		[204.646753,430.920923],
		[204.646753,544.058008],
		[114.137085,340.411255],
		[114.137085,238.5878785],
		[136.764502,148.0782105],
		[227.27417,159.391919],
		[249.901587,238.5878785],
		[261.2152955,306.4701295],
		[182.019336,136.764502],
		[182.019336,57.56854249]
	],
	"score": 1.118209639
}
