{
	"point": [
		[234.9286902,533.837572],
		[208.9366135,403.8771886],
		[182.9445368,260.9207668],
		[221.9326518,273.9168052],
		[208.9366135,403.8771886],
		[221.9326518,520.8415337],
		[143.9564218,299.9088819],
		[169.9484984,234.9286902],
		[182.9445368,130.9603834],
		[260.9207668,130.9603834],
		[247.9247285,208.9366135],
		[260.9207668,286.9128435],
		[221.9326518,117.9643451],
		[221.9326518,39.98811503]
	],
	"score": 1.103015257
}
