{
	"point": [
		[182.0745172,544.2235515],
		[168.1457082,404.9354614],
		[168.1457082,265.6473712],
		[237.7897532,265.6473712],
		[237.7897532,418.8642704],
		[223.8609442,558.1523605],
		[140.2880901,321.3626073],
		[140.2880901,209.9321352],
		[154.2168991,126.3592811],
		[251.7185622,126.3592811],
		[265.6473712,223.8609442],
		[265.6473712,321.3626073],
		[209.9321352,98.50166309],
		[196.0033262,28.85761803]
	],
	"score": 1.352537742
}
