{
	"point": [
		[146.5087904,546.6579639],
		[134.3830579,413.2749061],
		[110.1315928,267.7661157],
		[170.7602554,231.3889181],
		[182.885988,364.771976],
		[170.7602554,473.9035688],
		[85.88012772,304.1433133],
		[98.00586026,207.137453],
		[98.00586026,122.2573253],
		[207.137453,110.1315928],
		[255.6403832,182.885988],
		[207.137453,231.3889181],
		[146.5087904,98.00586026],
		[146.5087904,25.25146506]
	],
	"score": 1.196355697
}
