{
	"point": [
		[182.9445368,507.8454953],
		[169.9484984,403.8771886],
		[169.9484984,273.9168052],
		[208.9366135,273.9168052],
		[182.9445368,390.8811503],
		[156.9524601,494.849457],
		[143.9564218,299.9088819],
		[143.9564218,208.9366135],
		[143.9564218,117.9643451],
		[234.9286902,130.9603834],
		[247.9247285,221.9326518],
		[247.9247285,299.9088819],
		[182.9445368,104.9683067],
		[182.9445368,39.98811503]
	],
	"score": 1.272249445
}
