{
	"point": [
		[207.137453,510.2807663],
		[207.137453,401.1491736],
		[195.0117205,267.7661157],
		[267.7661157,279.8918482],
		[255.6403832,401.1491736],
		[243.5146506,510.2807663],
		[182.885988,231.3889181],
		[146.5087904,182.885988],
		[182.885988,122.2573253],
		[292.0175808,122.2573253],
		[292.0175808,207.137453],
		[292.0175808,304.1433133],
		[243.5146506,110.1315928],
		[243.5146506,37.3771976]
	],
	"score": 1.328457969
}
