{
	"point": [
		[182.9445368,533.837572],
		[169.9484984,403.8771886],
		[169.9484984,260.9207668],
		[234.9286902,286.9128435],
		[221.9326518,416.8732269],
		[208.9366135,559.8296487],
		[130.9603834,286.9128435],
		[130.9603834,195.9405751],
		[143.9564218,117.9643451],
		[247.9247285,117.9643451],
		[260.9207668,208.9366135],
		[260.9207668,312.9049202],
		[182.9445368,91.97226839],
		[182.9445368,26.99207668]
	],
	"score": 1.448042277
}
