{
	"point": [
		[130.9603834,546.8336104],
		[130.9603834,403.8771886],
		[130.9603834,260.9207668],
		[156.9524601,273.9168052],
		[143.9564218,403.8771886],
		[143.9564218,546.8336104],
		[130.9603834,169.9484984],
		[130.9603834,169.9484984],
		[130.9603834,117.9643451],
		[221.9326518,117.9643451],
		[247.9247285,182.9445368],
		[182.9445368,221.9326518],
		[169.9484984,91.97226839],
		[169.9484984,26.99207668]
	],
	"score": 1.222564342
}
