{
	"point": [
		[196.0033262,544.2235515],
		[182.0745172,432.7930794],
		[168.1457082,279.5761803],
		[223.8609442,279.5761803],
		[223.8609442,418.8642704],
		[209.9321352,544.2235515],
		[140.2880901,335.2914163],
		[140.2880901,223.8609442],
		[154.2168991,126.3592811],
		[265.6473712,126.3592811],
		[321.3626073,209.9321352],
		[251.7185622,265.6473712],
		[209.9321352,98.50166309],
		[209.9321352,28.85761803]
	],
	"score": 1.669934888
}
