{
	"point": {
		"_ArrayType_": "double",
		"_ArraySize_": [14,2,2],
		"_ArrayData_": [112.4304721,98.50166309,84.57285408,154.2168991,154.2168991,154.2168991,56.71523605,70.64404506,70.64404506,168.1457082,168.1457082,168.1457082,112.4304721,112.4304721,544.2235515,404.9354614,279.5761803,293.5049893,418.8642704,544.2235515,307.4337983,223.8609442,140.2880901,140.2880901,237.7897532,321.3626073,126.3592811,42.78642704,338.8969969,338.8969969,325.9009585,351.8930352,338.8969969,338.8969969,286.9128435,273.9168052,286.9128435,390.8811503,390.8811503,390.8811503,338.8969969,351.8930352,546.8336104,416.8732269,299.9088819,260.9207668,390.8811503,546.8336104,299.9088819,221.9326518,156.9524601,169.9484984,221.9326518,312.9049202,156.9524601,78.97623005]
	},
	"score": [1.222335196,0.552009496]
}
