{
	"point": [
		[98.50166309,516.3659335],
		[84.57285408,391.0066524],
		[70.64404506,237.7897532],
		[126.3592811,237.7897532],
		[126.3592811,404.9354614],
		[126.3592811,544.2235515],
		[28.85761803,293.5049893],
		[28.85761803,223.8609442],
		[42.78642704,126.3592811],
		[140.2880901,112.4304721],
		[154.2168991,196.0033262],
		[182.0745172,279.5761803],
		[84.57285408,98.50166309],
		[84.57285408,28.85761803]
	],
	"score": 1.087242762
}
