{
	"point": [
		[110.1315928,546.6579639],
		[110.1315928,425.4006386],
		[98.00586026,279.8918482],
		[158.6345229,279.8918482],
		[146.5087904,425.4006386],
		[146.5087904,558.7836965],
		[98.00586026,231.3889181],
		[49.50293013,219.2631856],
		[73.75439519,134.3830579],
		[170.7602554,134.3830579],
		[195.0117205,207.137453],
		[158.6345229,255.6403832],
		[122.2573253,110.1315928],
		[122.2573253,37.3771976]
	],
	"score": 1.579531317
}
