{
	"point": [
		[182.0745172,530.2947425],
		[168.1457082,404.9354614],
		[168.1457082,251.7185622],
		[223.8609442,265.6473712],
		[223.8609442,391.0066524],
		[223.8609442,530.2947425],
		[140.2880901,321.3626073],
		[154.2168991,209.9321352],
		[154.2168991,112.4304721],
		[251.7185622,112.4304721],
		[251.7185622,209.9321352],
		[265.6473712,307.4337983],
		[196.0033262,98.50166309],
		[196.0033262,28.85761803]
	],
	"score": 1.828495085
}
