{
	"point": [
		[140.2880901,544.2235515],
		[140.2880901,404.9354614],
		[126.3592811,251.7185622],
		[182.0745172,265.6473712],
		[182.0745172,418.8642704],
		[168.1457082,558.1523605],
		[98.50166309,307.4337983],
		[98.50166309,209.9321352],
		[112.4304721,112.4304721],
		[209.9321352,112.4304721],
		[209.9321352,209.9321352],
		[223.8609442,321.3626073],
		[154.2168991,84.57285408],
		[154.2168991,14.92880901]
	],
	"score": 1.189101799
}
