{
	"point": [
		[98.50166309,544.2235515],
		[126.3592811,404.9354614],
		[140.2880901,265.6473712],
		[209.9321352,265.6473712],
		[223.8609442,404.9354614],
		[223.8609442,558.1523605],
		[140.2880901,293.5049893],
		[126.3592811,196.0033262],
		[140.2880901,112.4304721],
		[223.8609442,112.4304721],
		[237.7897532,209.9321352],
		[223.8609442,307.4337983],
		[182.0745172,98.50166309],
		[182.0745172,28.85761803]
	],
	"score": 1.140011075
}
