{
	"point": [
		[98.00586026,522.4064989],
		[85.88012772,389.023441],
		[61.62866266,255.6403832],
		[122.2573253,255.6403832],
		[110.1315928,389.023441],
		[98.00586026,522.4064989],
		[37.3771976,304.1433133],
		[49.50293013,219.2631856],
		[49.50293013,122.2573253],
		[146.5087904,110.1315928],
		[195.0117205,182.885988],
		[146.5087904,231.3889181],
		[98.00586026,98.00586026],
		[98.00586026,37.3771976]
	],
	"score": 1.562259013
}
