{
	"point": [
		[169.9484984,533.837572],
		[169.9484984,403.8771886],
		[169.9484984,260.9207668],
		[247.9247285,273.9168052],
		[247.9247285,403.8771886],
		[247.9247285,546.8336104],
		[143.9564218,312.9049202],
		[143.9564218,221.9326518],
		[143.9564218,130.9603834],
		[234.9286902,130.9603834],
		[247.9247285,195.9405751],
		[273.9168052,286.9128435],
		[195.9405751,104.9683067],
		[195.9405751,39.98811503]
	],
	"score": 1.234170946
}
