{
	"point": [
		[182.9445368,507.8454953],
		[156.9524601,390.8811503],
		[156.9524601,286.9128435],
		[221.9326518,286.9128435],
		[221.9326518,390.8811503],
		[247.9247285,507.8454953],
		[130.9603834,299.9088819],
		[117.9643451,195.9405751],
		[130.9603834,130.9603834],
		[221.9326518,130.9603834],
		[234.9286902,221.9326518],
		[195.9405751,273.9168052],
		[169.9484984,104.9683067],
		[169.9484984,39.98811503]
	],
	"score": 1.419250487
}
