{
	"point": [
		[154.2168991,558.1523605],
		[126.3592811,418.8642704],
		[112.4304721,279.5761803],
		[182.0745172,307.4337983],
		[182.0745172,432.7930794],
		[182.0745172,558.1523605],
		[84.57285408,335.2914163],
		[98.50166309,223.8609442],
		[112.4304721,126.3592811],
		[209.9321352,112.4304721],
		[251.7185622,168.1457082],
		[182.0745172,209.9321352],
		[154.2168991,98.50166309],
		[154.2168991,28.85761803]
	],
	"score": 1.197128599
}
