{
	"point": [
		[209.9321352,558.1523605],
		[182.0745172,418.8642704],
		[168.1457082,279.5761803],
		[237.7897532,307.4337983],
		[237.7897532,432.7930794],
		[223.8609442,544.2235515],
		[126.3592811,335.2914163],
		[140.2880901,223.8609442],
		[154.2168991,126.3592811],
		[251.7185622,112.4304721],
		[265.6473712,209.9321352],
		[293.5049893,293.5049893],
		[196.0033262,98.50166309],
		[196.0033262,28.85761803]
	],
	"score": 1.615515767
}
