{
	"point": [
		[169.9484984,507.8454953],
		[169.9484984,390.8811503],
		[156.9524601,247.9247285],
		[208.9366135,247.9247285],
		[208.9366135,390.8811503],
		[195.9405751,507.8454953],
		[117.9643451,286.9128435],
		[130.9603834,195.9405751],
		[143.9564218,117.9643451],
		[247.9247285,104.9683067],
		[286.9128435,91.97226839],
		[234.9286902,65.98019171],
		[195.9405751,104.9683067],
		[195.9405751,39.98811503]
	],
	"score": 1.719873698
}
