{
	"point": [
		[195.9405751,507.8454953],
		[169.9484984,377.8851119],
		[169.9484984,260.9207668],
		[208.9366135,260.9207668],
		[208.9366135,390.8811503],
		[169.9484984,494.849457],
		[130.9603834,312.9049202],
		[143.9564218,221.9326518],
		[156.9524601,130.9603834],
		[247.9247285,117.9643451],
		[247.9247285,195.9405751],
		[247.9247285,286.9128435],
		[195.9405751,104.9683067],
		[182.9445368,39.98811503]
	],
	"score": 1.354837288
}
