{
	"point": [
		[117.9643451,507.8454953],
		[117.9643451,403.8771886],
		[117.9643451,260.9207668],
		[182.9445368,273.9168052],
		[169.9484984,416.8732269],
		[117.9643451,559.8296487],
		[91.97226839,299.9088819],
		[91.97226839,195.9405751],
		[91.97226839,104.9683067],
		[195.9405751,117.9643451],
		[208.9366135,195.9405751],
		[234.9286902,273.9168052],
		[143.9564218,91.97226839],
		[143.9564218,13.99603834]
	],
	"score": 1.303495121
}
