{
	"point": [
		[182.0745172,544.2235515],
		[182.0745172,418.8642704],
		[168.1457082,293.5049893],
		[223.8609442,293.5049893],
		[223.8609442,418.8642704],
		[209.9321352,558.1523605],
		[126.3592811,307.4337983],
		[126.3592811,223.8609442],
		[154.2168991,140.2880901],
		[251.7185622,140.2880901],
		[251.7185622,237.7897532],
		[251.7185622,321.3626073],
		[209.9321352,126.3592811],
		[209.9321352,42.78642704]
	],
	"score": 1.949728052
}
