{
	"point": [
		[279.5761803,544.2235515],
		[265.6473712,418.8642704],
		[251.7185622,279.5761803],
		[321.3626073,307.4337983],
		[307.4337983,432.7930794],
		[335.2914163,544.2235515],
		[223.8609442,279.5761803],
		[251.7185622,196.0033262],
		[251.7185622,98.50166309],
		[363.1490343,112.4304721],
		[363.1490343,209.9321352],
		[363.1490343,321.3626073],
		[307.4337983,84.57285408],
		[307.4337983,14.92880901]
	],
	"score": 1.061023746
}
