{
	"point": [
		[180.1423344,553.355531],
		[180.1423344,418.9987802],
		[195.0708622,269.7135016],
		[254.7849737,269.7135016],
		[254.7849737,418.9987802],
		[239.8564458,553.355531],
		[150.2852786,299.5705573],
		[165.2138065,209.9993901],
		[180.1423344,120.4282229],
		[284.6420294,120.4282229],
		[299.5705573,224.927918],
		[299.5705573,344.3561409],
		[224.927918,90.57116719],
		[224.927918,15.92852786]
	],
	"score": 1.017576928
}
