{
	"point": [
		[293.5049893,544.2235515],
		[279.5761803,404.9354614],
		[279.5761803,293.5049893],
		[321.3626073,293.5049893],
		[321.3626073,418.8642704],
		[321.3626073,544.2235515],
		[251.7185622,321.3626073],
		[251.7185622,223.8609442],
		[251.7185622,126.3592811],
		[349.2202253,126.3592811],
		[363.1490343,223.8609442],
		[377.0778433,307.4337983],
		[293.5049893,98.50166309],
		[293.5049893,28.85761803]
	],
	"score": 1.261251105
}
