{
	"point": [
		[195.9405751,507.8454953],
		[182.9445368,403.8771886],
		[182.9445368,273.9168052],
		[234.9286902,260.9207668],
		[221.9326518,403.8771886],
		[195.9405751,533.837572],
		[143.9564218,247.9247285],
		[104.9683067,195.9405751],
		[156.9524601,117.9643451],
		[247.9247285,104.9683067],
		[273.9168052,195.9405751],
		[273.9168052,312.9049202],
		[195.9405751,91.97226839],
		[182.9445368,26.99207668]
	],
	"score": 1.464394639
}
