{
	"point": [
		[143.9564218,520.8415337],
		[156.9524601,390.8811503],
		[169.9484984,247.9247285],
		[221.9326518,234.9286902],
		[221.9326518,377.8851119],
		[221.9326518,520.8415337],
		[156.9524601,221.9326518],
		[156.9524601,143.9564218],
		[156.9524601,91.97226839],
		[247.9247285,117.9643451],
		[260.9207668,208.9366135],
		[260.9207668,299.9088819],
		[208.9366135,91.97226839],
		[208.9366135,26.99207668]
	],
	"score": 1.371325952
}
