{
	"point": [
		[104.9683067,546.8336104],
		[91.97226839,403.8771886],
		[78.97623005,260.9207668],
		[130.9603834,260.9207668],
		[130.9603834,403.8771886],
		[130.9603834,559.8296487],
		[52.98415337,234.9286902],
		[52.98415337,182.9445368],
		[52.98415337,117.9643451],
		[143.9564218,117.9643451],
		[156.9524601,182.9445368],
		[130.9603834,221.9326518],
		[91.97226839,91.97226839],
		[104.9683067,39.98811503]
	],
	"score": 1.076847404
}
