{
	"point": [
		[182.885988,534.5322314],
		[182.885988,425.4006386],
		[182.885988,304.1433133],
		[219.2631856,292.0175808],
		[219.2631856,413.2749061],
		[207.137453,534.5322314],
		[134.3830579,316.2690458],
		[134.3830579,243.5146506],
		[158.6345229,158.6345229],
		[243.5146506,158.6345229],
		[243.5146506,243.5146506],
		[255.6403832,340.5205109],
		[195.0117205,146.5087904],
		[195.0117205,73.75439519]
	],
	"score": 1.845317186
}
