{
	"point": [
		[180.1423344,523.4984753],
		[165.2138065,404.0702523],
		[150.2852786,254.7849737],
		[209.9993901,254.7849737],
		[209.9993901,389.1417245],
		[209.9993901,523.4984753],
		[150.2852786,105.4996951],
		[120.4282229,195.0708622],
		[135.3567508,120.4282229],
		[239.8564458,120.4282229],
		[284.6420294,165.2138065],
		[224.927918,209.9993901],
		[180.1423344,105.4996951],
		[180.1423344,30.85705573]
	],
	"score": 1.774623647
}
