{
	"point": [
		[221.5500842,570.7543841],
		[203.1709105,460.479342],
		[166.4125631,313.4459526],
		[221.5500842,313.4459526],
		[129.6542158,423.7209946],
		[111.2750421,570.7543841],
		[129.6542158,405.341821],
		[129.6542158,276.6876052],
		[129.6542158,148.0333894],
		[258.3084315,166.4125631],
		[276.6876052,295.0667789],
		[276.6876052,423.7209946],
		[203.1709105,129.6542158],
		[203.1709105,37.75834736]
	],
	"score": 1.142184086
}
