{
	"point": [
		[91.97226839,546.8336104],
		[91.97226839,416.8732269],
		[78.97623005,286.9128435],
		[143.9564218,273.9168052],
		[143.9564218,416.8732269],
		[117.9643451,546.8336104],
		[39.98811503,325.9009585],
		[52.98415337,221.9326518],
		[52.98415337,130.9603834],
		[156.9524601,117.9643451],
		[208.9366135,182.9445368],
		[156.9524601,221.9326518],
		[104.9683067,104.9683067],
		[104.9683067,26.99207668]
	],
	"score": 1.234468762
}
