{
	"point": [
		[182.0745172,544.2235515],
		[182.0745172,391.0066524],
		[182.0745172,251.7185622],
		[223.8609442,279.5761803],
		[223.8609442,418.8642704],
		[209.9321352,544.2235515],
		[154.2168991,321.3626073],
		[154.2168991,209.9321352],
		[154.2168991,112.4304721],
		[251.7185622,112.4304721],
		[251.7185622,209.9321352],
		[265.6473712,293.5049893],
		[196.0033262,98.50166309],
		[196.0033262,28.85761803]
	],
	"score": 1.685346827
}
