{
	"point": [
		[209.9993901,538.4270031],
		[195.0708622,418.9987802],
		[180.1423344,269.7135016],
		[239.8564458,284.6420294],
		[239.8564458,418.9987802],
		[209.9993901,538.4270031],
		[150.2852786,299.5705573],
		[150.2852786,209.9993901],
		[165.2138065,120.4282229],
		[254.7849737,120.4282229],
		[284.6420294,195.0708622],
		[239.8564458,239.8564458],
		[224.927918,105.4996951],
		[224.927918,30.85705573]
	],
	"score": 1.282261602
}
