{
	"point": [
		[112.4304721,558.1523605],
		[112.4304721,418.8642704],
		[112.4304721,265.6473712],
		[154.2168991,279.5761803],
		[154.2168991,404.9354614],
		[140.2880901,544.2235515],
		[70.64404506,321.3626073],
		[70.64404506,209.9321352],
		[84.57285408,112.4304721],
		[182.0745172,112.4304721],
		[237.7897532,182.0745172],
		[182.0745172,237.7897532],
		[126.3592811,98.50166309],
		[126.3592811,28.85761803]
	],
	"score": 1.738601022
}
