{
	"point": {
		"_ArrayType_": "double",
		"_ArraySize_": [14,2,2],
		"_ArrayData_": [351.8930352,377.8851119,338.8969969,390.8811503,364.8890736,351.8930352,312.9049202,312.9049202,312.9049202,390.8811503,390.8811503,377.8851119,351.8930352,351.8930352,507.8454953,377.8851119,247.9247285,234.9286902,364.8890736,507.8454953,286.9128435,208.9366135,117.9643451,117.9643451,195.9405751,104.9683067,104.9683067,39.98811503,112.4304721,84.57285408,84.57285408,126.3592811,84.57285408,112.4304721,126.3592811,98.50166309,98.50166309,168.1457082,168.1457082,168.1457082,140.2880901,126.3592811,488.5083154,363.1490343,237.7897532,251.7185622,377.0778433,502.4371245,279.5761803,209.9321352,112.4304721,126.3592811,223.8609442,307.4337983,98.50166309,42.78642704]
	},
	"score": [0.3492671665,0.1253274724]
}
