{
	"point": [
		[221.9326518,533.837572],
		[208.9366135,403.8771886],
		[195.9405751,247.9247285],
		[247.9247285,273.9168052],
		[247.9247285,390.8811503],
		[234.9286902,520.8415337],
		[143.9564218,286.9128435],
		[156.9524601,182.9445368],
		[169.9484984,91.97226839],
		[273.9168052,104.9683067],
		[273.9168052,195.9405751],
		[273.9168052,195.9405751],
		[221.9326518,78.97623005],
		[221.9326518,26.99207668]
	],
	"score": 1.763645497
}
