{
	"point": [
		[182.9445368,533.837572],
		[169.9484984,403.8771886],
		[169.9484984,286.9128435],
		[221.9326518,273.9168052],
		[221.9326518,403.8771886],
		[208.9366135,546.8336104],
		[130.9603834,247.9247285],
		[104.9683067,195.9405751],
		[143.9564218,117.9643451],
		[247.9247285,104.9683067],
		[286.9128435,195.9405751],
		[247.9247285,247.9247285],
		[195.9405751,91.97226839],
		[195.9405751,26.99207668]
	],
	"score": 1.727206988
}
