{
	"point": [
		[134.3830579,534.5322314],
		[122.2573253,437.5263712],
		[122.2573253,328.3947784],
		[182.885988,328.3947784],
		[182.885988,437.5263712],
		[170.7602554,534.5322314],
		[134.3830579,146.5087904],
		[98.00586026,219.2631856],
		[110.1315928,158.6345229],
		[195.0117205,158.6345229],
		[219.2631856,219.2631856],
		[219.2631856,292.0175808],
		[158.6345229,146.5087904],
		[158.6345229,85.88012772]
	],
	"score": 1.065297184
}
