{
	"point": [
		[196.0033262,544.2235515],
		[168.1457082,418.8642704],
		[154.2168991,265.6473712],
		[209.9321352,279.5761803],
		[209.9321352,418.8642704],
		[182.0745172,544.2235515],
		[126.3592811,307.4337983],
		[126.3592811,209.9321352],
		[126.3592811,112.4304721],
		[237.7897532,112.4304721],
		[237.7897532,209.9321352],
		[237.7897532,321.3626073],
		[182.0745172,84.57285408],
		[196.0033262,28.85761803]
	],
	"score": 1.271078767
}
