{
	"point": [
		[182.9445368,507.8454953],
		[182.9445368,390.8811503],
		[182.9445368,260.9207668],
		[221.9326518,260.9207668],
		[221.9326518,377.8851119],
		[208.9366135,507.8454953],
		[143.9564218,221.9326518],
		[91.97226839,169.9484984],
		[156.9524601,117.9643451],
		[260.9207668,117.9643451],
		[286.9128435,182.9445368],
		[234.9286902,221.9326518],
		[195.9405751,104.9683067],
		[195.9405751,39.98811503]
	],
	"score": 1.878748734
}
