{
	"point": {
		"_ArrayType_": "double",
		"_ArraySize_": [14,2,2],
		"_ArrayData_": [193.3330445,159.391919,182.019336,238.5878785,238.5878785,215.9604615,148.0782105,159.391919,170.7056275,249.901587,261.2152955,283.8427125,204.646753,204.646753,544.058008,419.6072145,283.8427125,261.2152955,385.666089,510.1168825,306.4701295,204.646753,114.137085,114.137085,215.9604615,295.156421,91.50966799,23.627417,318.2449449,318.2449449,309.6707572,352.5416957,343.967508,326.8191326,301.0965695,301.0965695,301.0965695,352.5416957,361.1158834,369.6900711,326.8191326,335.3933203,318.2449449,241.0772556,163.9095663,172.483754,258.225631,343.967508,198.2063171,129.6128155,78.1676893,86.741877,146.7611909,215.3546925,69.5935016,26.7225631]
	},
	"score": [0.8051880119,0.3187704501]
}
