{
	"point": [
		[231.3889181,558.7836965],
		[207.137453,425.4006386],
		[195.0117205,279.8918482],
		[255.6403832,292.0175808],
		[243.5146506,425.4006386],
		[243.5146506,570.909429],
		[158.6345229,231.3889181],
		[134.3830579,182.885988],
		[182.885988,110.1315928],
		[279.8918482,110.1315928],
		[292.0175808,195.0117205],
		[279.8918482,292.0175808],
		[231.3889181,85.88012772],
		[231.3889181,25.25146506]
	],
	"score": 1.124366753
}
