{
	"point": [
		[182.9445368,559.8296487],
		[182.9445368,429.8692653],
		[169.9484984,273.9168052],
		[247.9247285,273.9168052],
		[247.9247285,429.8692653],
		[247.9247285,559.8296487],
		[143.9564218,208.9366135],
		[130.9603834,208.9366135],
		[143.9564218,130.9603834],
		[260.9207668,130.9603834],
		[273.9168052,234.9286902],
		[286.9128435,312.9049202],
		[208.9366135,104.9683067],
		[208.9366135,26.99207668]
	],
	"score": 1.136187838
}
