{
	"point": [
		[196.0033262,530.2947425],
		[182.0745172,377.0778433],
		[154.2168991,237.7897532],
		[196.0033262,279.5761803],
		[196.0033262,460.6506974],
		[196.0033262,586.0099785],
		[126.3592811,293.5049893],
		[140.2880901,196.0033262],
		[140.2880901,112.4304721],
		[237.7897532,112.4304721],
		[279.5761803,196.0033262],
		[223.8609442,223.8609442],
		[196.0033262,98.50166309],
		[196.0033262,28.85761803]
	],
	"score": 1.378201044
}
