{
	"point": [
		[209.9321352,544.2235515],
		[182.0745172,404.9354614],
		[154.2168991,279.5761803],
		[223.8609442,251.7185622],
		[223.8609442,391.0066524],
		[209.9321352,530.2947425],
		[140.2880901,223.8609442],
		[126.3592811,168.1457082],
		[140.2880901,98.50166309],
		[251.7185622,98.50166309],
		[251.7185622,182.0745172],
		[251.7185622,279.5761803],
		[196.0033262,84.57285408],
		[196.0033262,14.92880901]
	],
	"score": 1.071513107
}
