{
	"point": [
		[91.97226839,520.8415337],
		[78.97623005,403.8771886],
		[78.97623005,260.9207668],
		[130.9603834,273.9168052],
		[117.9643451,403.8771886],
		[91.97226839,546.8336104],
		[65.98019171,65.98019171],
		[39.98811503,156.9524601],
		[52.98415337,104.9683067],
		[143.9564218,117.9643451],
		[143.9564218,208.9366135],
		[169.9484984,299.9088819],
		[104.9683067,91.97226839],
		[104.9683067,26.99207668]
	],
	"score": 1.242865937
}
