{
	"point": [
		[158.6345229,498.1550338],
		[146.5087904,389.023441],
		[122.2573253,267.7661157],
		[182.885988,279.8918482],
		[182.885988,425.4006386],
		[170.7602554,546.6579639],
		[73.75439519,304.1433133],
		[85.88012772,231.3889181],
		[110.1315928,134.3830579],
		[207.137453,134.3830579],
		[207.137453,207.137453],
		[231.3889181,279.8918482],
		[158.6345229,110.1315928],
		[158.6345229,37.3771976]
	],
	"score": 1.23066633
}
