{
	"point": [
		[182.9445368,494.849457],
		[156.9524601,377.8851119],
		[143.9564218,247.9247285],
		[208.9366135,273.9168052],
		[208.9366135,429.8692653],
		[182.9445368,559.8296487],
		[117.9643451,312.9049202],
		[117.9643451,208.9366135],
		[117.9643451,117.9643451],
		[221.9326518,117.9643451],
		[221.9326518,195.9405751],
		[247.9247285,273.9168052],
		[169.9484984,91.97226839],
		[169.9484984,26.99207668]
	],
	"score": 1.031906926
}
