{
	"point": [
		[182.9445368,533.837572],
		[169.9484984,403.8771886],
		[156.9524601,286.9128435],
		[221.9326518,312.9049202],
		[208.9366135,442.8653036],
		[208.9366135,533.837572],
		[117.9643451,273.9168052],
		[143.9564218,195.9405751],
		[169.9484984,130.9603834],
		[260.9207668,130.9603834],
		[260.9207668,221.9326518],
		[247.9247285,338.8969969],
		[208.9366135,104.9683067],
		[208.9366135,26.99207668]
	],
	"score": 1.439788028
}
