{
	"point": [
		[237.7897532,544.2235515],
		[223.8609442,391.0066524],
		[209.9321352,237.7897532],
		[279.5761803,237.7897532],
		[265.6473712,404.9354614],
		[251.7185622,544.2235515],
		[154.2168991,307.4337983],
		[168.1457082,209.9321352],
		[182.0745172,112.4304721],
		[293.5049893,126.3592811],
		[293.5049893,209.9321352],
		[321.3626073,293.5049893],
		[237.7897532,98.50166309],
		[237.7897532,28.85761803]
	],
	"score": 1.239004591
}
