{
	"point": [
		[182.9445368,546.8336104],
		[156.9524601,416.8732269],
		[156.9524601,260.9207668],
		[221.9326518,299.9088819],
		[234.9286902,403.8771886],
		[273.9168052,520.8415337],
		[156.9524601,78.97623005],
		[130.9603834,156.9524601],
		[143.9564218,104.9683067],
		[234.9286902,130.9603834],
		[234.9286902,208.9366135],
		[234.9286902,299.9088819],
		[208.9366135,104.9683067],
		[221.9326518,26.99207668]
	],
	"score": 1.068205128
}
