{
	"point": [
		[221.9326518,546.8336104],
		[234.9286902,403.8771886],
		[208.9366135,273.9168052],
		[273.9168052,273.9168052],
		[273.9168052,403.8771886],
		[247.9247285,559.8296487],
		[182.9445368,312.9049202],
		[182.9445368,208.9366135],
		[195.9405751,104.9683067],
		[299.9088819,104.9683067],
		[312.9049202,195.9405751],
		[338.8969969,299.9088819],
		[247.9247285,78.97623005],
		[247.9247285,13.99603834]
	],
	"score": 1.539083563
}
