{
	"point": [
		[221.9326518,533.837572],
		[208.9366135,403.8771886],
		[195.9405751,247.9247285],
		[247.9247285,273.9168052],
		[247.9247285,416.8732269],
		[247.9247285,546.8336104],
		[169.9484984,312.9049202],
		[182.9445368,208.9366135],
		[182.9445368,117.9643451],
		[273.9168052,117.9643451],
		[273.9168052,208.9366135],
		[273.9168052,312.9049202],
		[221.9326518,91.97226839],
		[221.9326518,13.99603834]
	],
	"score": 1.321261882
}
