{
	"point": [
		[196.0033262,558.1523605],
		[209.9321352,418.8642704],
		[196.0033262,293.5049893],
		[251.7185622,265.6473712],
		[251.7185622,418.8642704],
		[223.8609442,558.1523605],
		[168.1457082,307.4337983],
		[168.1457082,196.0033262],
		[182.0745172,112.4304721],
		[293.5049893,112.4304721],
		[321.3626073,196.0033262],
		[279.5761803,223.8609442],
		[237.7897532,98.50166309],
		[237.7897532,28.85761803]
	],
	"score": 1.520826524
}
