{
	"point": [
		[209.9321352,544.2235515],
		[182.0745172,404.9354614],
		[168.1457082,251.7185622],
		[237.7897532,265.6473712],
		[237.7897532,418.8642704],
		[237.7897532,544.2235515],
		[126.3592811,307.4337983],
		[154.2168991,196.0033262],
		[154.2168991,112.4304721],
		[265.6473712,98.50166309],
		[279.5761803,112.4304721],
		[265.6473712,196.0033262],
		[196.0033262,84.57285408],
		[196.0033262,28.85761803]
	],
	"score": 1.013505986
}
