{
	"point": [
		[209.9993901,553.355531],
		[209.9993901,404.0702523],
		[209.9993901,254.7849737],
		[284.6420294,269.7135016],
		[269.7135016,404.0702523],
		[269.7135016,553.355531],
		[180.1423344,299.5705573],
		[195.0708622,195.0708622],
		[209.9993901,105.4996951],
		[314.4990852,105.4996951],
		[314.4990852,209.9993901],
		[314.4990852,314.4990852],
		[254.7849737,90.57116719],
		[254.7849737,15.92852786]
	],
	"score": 1.812567393
}
