{
	"point": [
		[209.9321352,558.1523605],
		[196.0033262,404.9354614],
		[182.0745172,251.7185622],
		[237.7897532,279.5761803],
		[237.7897532,418.8642704],
		[237.7897532,558.1523605],
		[154.2168991,335.2914163],
		[154.2168991,209.9321352],
		[154.2168991,112.4304721],
		[265.6473712,112.4304721],
		[279.5761803,209.9321352],
		[279.5761803,321.3626073],
		[209.9321352,84.57285408],
		[209.9321352,28.85761803]
	],
	"score": 1.511192034
}
