{
	"point": [
		[130.9603834,546.8336104],
		[130.9603834,416.8732269],
		[117.9643451,273.9168052],
		[182.9445368,286.9128435],
		[169.9484984,416.8732269],
		[156.9524601,559.8296487],
		[91.97226839,273.9168052],
		[91.97226839,195.9405751],
		[104.9683067,117.9643451],
		[195.9405751,104.9683067],
		[221.9326518,182.9445368],
		[182.9445368,221.9326518],
		[143.9564218,91.97226839],
		[143.9564218,26.99207668]
	],
	"score": 1.137003584
}
