{
	"point": [
		[251.7185622,544.2235515],
		[251.7185622,418.8642704],
		[223.8609442,265.6473712],
		[279.5761803,279.5761803],
		[265.6473712,418.8642704],
		[279.5761803,544.2235515],
		[196.0033262,279.5761803],
		[209.9321352,196.0033262],
		[209.9321352,112.4304721],
		[321.3626073,112.4304721],
		[321.3626073,196.0033262],
		[335.2914163,307.4337983],
		[265.6473712,98.50166309],
		[265.6473712,28.85761803]
	],
	"score": 1.266725324
}
