{
	"point": [
		[182.019336,476.175757],
		[182.019336,385.666089],
		[170.7056275,283.8427125],
		[227.27417,295.156421],
		[215.9604615,419.6072145],
		[204.646753,544.058008],
		[148.0782105,329.0975465],
		[148.0782105,238.5878785],
		[159.391919,159.391919],
		[249.901587,159.391919],
		[249.901587,215.9604615],
		[261.2152955,227.27417],
		[204.646753,148.0782105],
		[204.646753,80.19595949]
	],
	"score": 1.148497569
}
