{
	"point": [
		[196.0033262,544.2235515],
		[182.0745172,404.9354614],
		[154.2168991,279.5761803],
		[223.8609442,279.5761803],
		[223.8609442,418.8642704],
		[223.8609442,544.2235515],
		[126.3592811,307.4337983],
		[140.2880901,196.0033262],
		[140.2880901,126.3592811],
		[237.7897532,126.3592811],
		[265.6473712,223.8609442],
		[279.5761803,321.3626073],
		[182.0745172,112.4304721],
		[182.0745172,42.78642704]
	],
	"score": 2.019680248
}
