{
	"point": [
		[143.9564218,546.8336104],
		[130.9603834,403.8771886],
		[117.9643451,260.9207668],
		[182.9445368,273.9168052],
		[169.9484984,403.8771886],
		[169.9484984,559.8296487],
		[104.9683067,299.9088819],
		[91.97226839,195.9405751],
		[104.9683067,104.9683067],
		[208.9366135,117.9643451],
		[195.9405751,208.9366135],
		[208.9366135,312.9049202],
		[156.9524601,91.97226839],
		[156.9524601,26.99207668]
	],
	"score": 1.533852627
}
