{
	"point": [
		[112.4304721,516.3659335],
		[112.4304721,377.0778433],
		[126.3592811,251.7185622],
		[182.0745172,251.7185622],
		[168.1457082,377.0778433],
		[140.2880901,516.3659335],
		[84.57285408,293.5049893],
		[112.4304721,196.0033262],
		[126.3592811,126.3592811],
		[237.7897532,126.3592811],
		[279.5761803,196.0033262],
		[209.9321352,223.8609442],
		[196.0033262,112.4304721],
		[196.0033262,42.78642704]
	],
	"score": 1.120565604
}
