{
	"point": [
		[170.7602554,510.2807663],
		[146.5087904,389.023441],
		[134.3830579,279.8918482],
		[195.0117205,279.8918482],
		[182.885988,389.023441],
		[182.885988,510.2807663],
		[110.1315928,292.0175808],
		[122.2573253,207.137453],
		[134.3830579,122.2573253],
		[231.3889181,134.3830579],
		[231.3889181,219.2631856],
		[231.3889181,304.1433133],
		[195.0117205,110.1315928],
		[195.0117205,37.3771976]
	],
	"score": 1.235722491
}
