{
	"point": [
		[196.0033262,502.4371245],
		[182.0745172,404.9354614],
		[182.0745172,265.6473712],
		[237.7897532,293.5049893],
		[223.8609442,418.8642704],
		[209.9321352,558.1523605],
		[126.3592811,251.7185622],
		[154.2168991,168.1457082],
		[168.1457082,98.50166309],
		[279.5761803,126.3592811],
		[265.6473712,209.9321352],
		[279.5761803,307.4337983],
		[237.7897532,98.50166309],
		[237.7897532,28.85761803]
	],
	"score": 1.381123314
}
