{
	"point": [
		[208.9366135,546.8336104],
		[195.9405751,390.8811503],
		[195.9405751,273.9168052],
		[247.9247285,247.9247285],
		[247.9247285,403.8771886],
		[247.9247285,546.8336104],
		[169.9484984,299.9088819],
		[169.9484984,195.9405751],
		[182.9445368,104.9683067],
		[273.9168052,117.9643451],
		[286.9128435,208.9366135],
		[286.9128435,299.9088819],
		[234.9286902,91.97226839],
		[234.9286902,26.99207668]
	],
	"score": 1.081483852
}
