{
	"point": [
		[135.3567508,553.355531],
		[120.4282229,404.0702523],
		[120.4282229,239.8564458],
		[180.1423344,284.6420294],
		[180.1423344,418.9987802],
		[150.2852786,553.355531],
		[90.57116719,299.5705573],
		[105.4996951,195.0708622],
		[105.4996951,105.4996951],
		[224.927918,120.4282229],
		[254.7849737,195.0708622],
		[195.0708622,239.8564458],
		[165.2138065,90.57116719],
		[165.2138065,15.92852786]
	],
	"score": 1.314139251
}
