{
	"point": [
		[150.2852786,538.4270031],
		[135.3567508,404.0702523],
		[120.4282229,239.8564458],
		[180.1423344,254.7849737],
		[180.1423344,404.0702523],
		[165.2138065,553.355531],
		[105.4996951,299.5705573],
		[90.57116719,180.1423344],
		[105.4996951,105.4996951],
		[224.927918,105.4996951],
		[209.9993901,195.0708622],
		[209.9993901,314.4990852],
		[165.2138065,90.57116719],
		[165.2138065,30.85705573]
	],
	"score": 1.396101205
}
