{
	"point": [
		[130.9603834,546.8336104],
		[117.9643451,403.8771886],
		[117.9643451,260.9207668],
		[169.9484984,273.9168052],
		[169.9484984,416.8732269],
		[169.9484984,559.8296487],
		[91.97226839,299.9088819],
		[91.97226839,208.9366135],
		[104.9683067,117.9643451],
		[208.9366135,117.9643451],
		[208.9366135,169.9484984],
		[195.9405751,247.9247285],
		[156.9524601,91.97226839],
		[156.9524601,26.99207668]
	],
	"score": 1.949874406
}
