{
	"point": {
		"_ArrayType_": "double",
		"_ArraySize_": [14,2,2],
		"_ArrayData_": [279.5761803,265.6473712,251.7185622,307.4337983,307.4337983,293.5049893,223.8609442,182.0745172,223.8609442,321.3626073,335.2914163,335.2914163,279.5761803,265.6473712,516.3659335,391.0066524,251.7185622,265.6473712,391.0066524,530.2947425,223.8609442,182.0745172,112.4304721,112.4304721,209.9321352,293.5049893,84.57285408,28.85761803,73.75439519,49.50293013,37.3771976,98.00586026,85.88012772,73.75439519,49.50293013,37.3771976,25.25146506,122.2573253,122.2573253,134.3830579,73.75439519,61.62866266,498.1550338,376.8977085,267.7661157,255.6403832,401.1491736,522.4064989,110.1315928,170.7602554,110.1315928,98.00586026,182.885988,279.8918482,85.88012772,25.25146506]
	},
	"score": [1.41716527,1.216893734]
}
