{
	"point": [
		[219.2631856,522.4064989],
		[195.0117205,413.2749061],
		[195.0117205,292.0175808],
		[243.5146506,279.8918482],
		[243.5146506,413.2749061],
		[219.2631856,558.7836965],
		[170.7602554,328.3947784],
		[158.6345229,231.3889181],
		[170.7602554,134.3830579],
		[267.7661157,134.3830579],
		[292.0175808,219.2631856],
		[279.8918482,316.2690458],
		[219.2631856,110.1315928],
		[219.2631856,37.3771976]
	],
	"score": 1.557155975
}
