{
	"point": [
		[208.9366135,546.8336104],
		[208.9366135,403.8771886],
		[182.9445368,247.9247285],
		[260.9207668,260.9207668],
		[234.9286902,390.8811503],
		[234.9286902,546.8336104],
		[156.9524601,299.9088819],
		[169.9484984,195.9405751],
		[169.9484984,104.9683067],
		[273.9168052,117.9643451],
		[286.9128435,182.9445368],
		[286.9128435,260.9207668],
		[221.9326518,91.97226839],
		[221.9326518,26.99207668]
	],
	"score": 1.224036379
}
