{
	"point": [
		[170.7602554,437.5263712],
		[158.6345229,328.3947784],
		[170.7602554,219.2631856],
		[243.5146506,243.5146506],
		[243.5146506,364.771976],
		[243.5146506,437.5263712],
		[134.3830579,267.7661157],
		[146.5087904,195.0117205],
		[146.5087904,110.1315928],
		[243.5146506,110.1315928],
		[255.6403832,207.137453],
		[267.7661157,304.1433133],
		[195.0117205,85.88012772],
		[195.0117205,25.25146506]
	],
	"score": 1.033842063
}
