{
	"point": [
		[143.9564218,546.8336104],
		[104.9683067,416.8732269],
		[117.9643451,286.9128435],
		[182.9445368,286.9128435],
		[182.9445368,416.8732269],
		[169.9484984,559.8296487],
		[117.9643451,234.9286902],
		[117.9643451,156.9524601],
		[117.9643451,104.9683067],
		[221.9326518,104.9683067],
		[221.9326518,182.9445368],
		[195.9405751,221.9326518],
		[169.9484984,91.97226839],
		[169.9484984,26.99207668]
	],
	"score": 1.209756163
}
