{
	"point": [
		[209.9321352,530.2947425],
		[196.0033262,377.0778433],
		[196.0033262,265.6473712],
		[237.7897532,251.7185622],
		[237.7897532,391.0066524],
		[209.9321352,530.2947425],
		[154.2168991,279.5761803],
		[154.2168991,182.0745172],
		[168.1457082,98.50166309],
		[279.5761803,98.50166309],
		[279.5761803,196.0033262],
		[279.5761803,307.4337983],
		[223.8609442,84.57285408],
		[223.8609442,14.92880901]
	],
	"score": 1.579405579
}
