{
	"point": [
		[156.9524601,559.8296487],
		[143.9564218,416.8732269],
		[143.9564218,247.9247285],
		[182.9445368,286.9128435],
		[182.9445368,416.8732269],
		[169.9484984,559.8296487],
		[130.9603834,286.9128435],
		[117.9643451,182.9445368],
		[117.9643451,117.9643451],
		[208.9366135,104.9683067],
		[208.9366135,208.9366135],
		[195.9405751,286.9128435],
		[156.9524601,91.97226839],
		[156.9524601,26.99207668]
	],
	"score": 1.022379174
}
