{
	"point": [
		[159.391919,532.7442995],
		[159.391919,396.9797975],
		[159.391919,283.8427125],
		[227.27417,272.529004],
		[227.27417,396.9797975],
		[215.9604615,532.7442995],
		[136.764502,317.783838],
		[148.0782105,238.5878785],
		[148.0782105,159.391919],
		[238.5878785,148.0782105],
		[249.901587,159.391919],
		[238.5878785,215.9604615],
		[193.3330445,136.764502],
		[193.3330445,68.88225099]
	],
	"score": 1.398623935
}
