{
	"point": [
		[170.7602554,558.7836965],
		[170.7602554,425.4006386],
		[158.6345229,267.7661157],
		[207.137453,279.8918482],
		[207.137453,425.4006386],
		[195.0117205,558.7836965],
		[122.2573253,243.5146506],
		[122.2573253,170.7602554],
		[122.2573253,110.1315928],
		[231.3889181,122.2573253],
		[231.3889181,182.885988],
		[207.137453,207.137453],
		[182.885988,98.00586026],
		[182.885988,25.25146506]
	],
	"score": 1.426425581
}
