{
	"point": [
		[158.6345229,546.6579639],
		[158.6345229,425.4006386],
		[158.6345229,316.2690458],
		[231.3889181,316.2690458],
		[219.2631856,425.4006386],
		[195.0117205,558.7836965],
		[110.1315928,316.2690458],
		[146.5087904,243.5146506],
		[158.6345229,158.6345229],
		[255.6403832,158.6345229],
		[267.7661157,243.5146506],
		[255.6403832,340.5205109],
		[207.137453,134.3830579],
		[207.137453,73.75439519]
	],
	"score": 1.258716724
}
