{
	"point": [
		[196.0033262,544.2235515],
		[168.1457082,404.9354614],
		[168.1457082,265.6473712],
		[223.8609442,265.6473712],
		[223.8609442,391.0066524],
		[223.8609442,544.2235515],
		[140.2880901,307.4337983],
		[140.2880901,209.9321352],
		[140.2880901,126.3592811],
		[237.7897532,112.4304721],
		[279.5761803,182.0745172],
		[251.7185622,237.7897532],
		[182.0745172,98.50166309],
		[182.0745172,28.85761803]
	],
	"score": 1.087252312
}
