{
	"point": [
		[223.8609442,544.2235515],
		[196.0033262,418.8642704],
		[182.0745172,293.5049893],
		[251.7185622,293.5049893],
		[251.7185622,404.9354614],
		[237.7897532,544.2235515],
		[154.2168991,237.7897532],
		[112.4304721,182.0745172],
		[154.2168991,126.3592811],
		[279.5761803,112.4304721],
		[335.2914163,182.0745172],
		[265.6473712,237.7897532],
		[223.8609442,98.50166309],
		[223.8609442,28.85761803]
	],
	"score": 1.094100465
}
