{
	"point": [
		[182.885988,510.2807663],
		[195.0117205,389.023441],
		[170.7602554,279.8918482],
		[207.137453,243.5146506],
		[207.137453,376.8977085],
		[182.885988,510.2807663],
		[146.5087904,267.7661157],
		[122.2573253,207.137453],
		[134.3830579,122.2573253],
		[219.2631856,122.2573253],
		[231.3889181,195.0117205],
		[243.5146506,267.7661157],
		[182.885988,110.1315928],
		[182.885988,37.3771976]
	],
	"score": 1.625194235
}
