{
	"point": [
		[120.4282229,553.355531],
		[120.4282229,404.0702523],
		[120.4282229,284.6420294],
		[180.1423344,284.6420294],
		[180.1423344,404.0702523],
		[165.2138065,553.355531],
		[90.57116719,314.4990852],
		[90.57116719,209.9993901],
		[105.4996951,105.4996951],
		[209.9993901,120.4282229],
		[224.927918,224.927918],
		[224.927918,314.4990852],
		[165.2138065,90.57116719],
		[165.2138065,15.92852786]
	],
	"score": 1.364898097
}
