{
	"point": [
		[331.8251262,552.3752104],
		[221.5500842,552.3752104],
		[203.1709105,350.2042999],
		[295.0667789,368.5834736],
		[295.0667789,533.9960367],
		[129.6542158,533.9960367],
		[148.0333894,423.7209946],
		[184.7917368,295.0667789],
		[184.7917368,148.0333894],
		[331.8251262,166.4125631],
		[350.2042999,295.0667789],
		[405.341821,423.7209946],
		[258.3084315,129.6542158],
		[258.3084315,37.75834736]
	],
	"score": 1.106669592
}
