{
	"point": [
		[90.57116719,508.5699474],
		[60.71411146,404.0702523],
		[90.57116719,284.6420294],
		[180.1423344,254.7849737],
		[150.2852786,404.0702523],
		[135.3567508,538.4270031],
		[30.85705573,299.5705573],
		[60.71411146,195.0708622],
		[75.64263932,120.4282229],
		[180.1423344,135.3567508],
		[195.0708622,224.927918],
		[150.2852786,284.6420294],
		[135.3567508,105.4996951],
		[135.3567508,30.85705573]
	],
	"score": 1.069531962
}
