{
	"point": [
		[196.0033262,544.2235515],
		[182.0745172,404.9354614],
		[182.0745172,279.5761803],
		[223.8609442,279.5761803],
		[209.9321352,418.8642704],
		[209.9321352,558.1523605],
		[140.2880901,251.7185622],
		[112.4304721,196.0033262],
		[140.2880901,126.3592811],
		[251.7185622,112.4304721],
		[293.5049893,196.0033262],
		[251.7185622,251.7185622],
		[196.0033262,98.50166309],
		[196.0033262,28.85761803]
	],
	"score": 1.434609411
}
