{
	"point": [
		[237.7897532,558.1523605],
		[223.8609442,404.9354614],
		[223.8609442,265.6473712],
		[293.5049893,279.5761803],
		[279.5761803,418.8642704],
		[307.4337983,544.2235515],
		[182.0745172,335.2914163],
		[209.9321352,209.9321352],
		[209.9321352,112.4304721],
		[335.2914163,112.4304721],
		[335.2914163,209.9321352],
		[335.2914163,307.4337983],
		[279.5761803,84.57285408],
		[279.5761803,14.92880901]
	],
	"score": 1.213063053
}
