{
	"point": [
		[180.1423344,553.355531],
		[165.2138065,418.9987802],
		[165.2138065,269.7135016],
		[239.8564458,269.7135016],
		[254.7849737,418.9987802],
		[254.7849737,553.355531],
		[135.3567508,284.6420294],
		[90.57116719,224.927918],
		[135.3567508,135.3567508],
		[254.7849737,135.3567508],
		[269.7135016,224.927918],
		[269.7135016,329.427613],
		[180.1423344,120.4282229],
		[180.1423344,30.85705573]
	],
	"score": 1.041469931
}
