{
	"point": [
		[112.4304721,516.3659335],
		[98.50166309,391.0066524],
		[84.57285408,237.7897532],
		[140.2880901,251.7185622],
		[126.3592811,404.9354614],
		[112.4304721,558.1523605],
		[42.78642704,307.4337983],
		[56.71523605,209.9321352],
		[70.64404506,112.4304721],
		[168.1457082,112.4304721],
		[182.0745172,196.0033262],
		[196.0033262,265.6473712],
		[112.4304721,84.57285408],
		[112.4304721,14.92880901]
	],
	"score": 1.02170396
}
