{
	"point": [
		[130.9603834,546.8336104],
		[117.9643451,416.8732269],
		[104.9683067,273.9168052],
		[169.9484984,312.9049202],
		[156.9524601,429.8692653],
		[156.9524601,559.8296487],
		[65.98019171,312.9049202],
		[78.97623005,208.9366135],
		[104.9683067,104.9683067],
		[208.9366135,117.9643451],
		[247.9247285,195.9405751],
		[195.9405751,247.9247285],
		[143.9564218,91.97226839],
		[143.9564218,26.99207668]
	],
	"score": 1.429011426
}
