{
	"point": [
		[389.023441,486.0293013],
		[364.771976,389.023441],
		[364.771976,279.8918482],
		[413.2749061,231.3889181],
		[413.2749061,364.771976],
		[401.1491736,486.0293013],
		[352.6462434,207.137453],
		[364.771976,158.6345229],
		[352.6462434,110.1315928],
		[449.6521037,110.1315928],
		[498.1550338,170.7602554],
		[437.5263712,207.137453],
		[401.1491736,98.00586026],
		[401.1491736,37.3771976]
	],
	"score": 1.56234548
}
