{
	"point": [
		[269.7135016,538.4270031],
		[269.7135016,404.0702523],
		[269.7135016,284.6420294],
		[344.3561409,269.7135016],
		[329.427613,404.0702523],
		[314.4990852,553.355531],
		[239.8564458,314.4990852],
		[239.8564458,209.9993901],
		[254.7849737,105.4996951],
		[359.2846688,120.4282229],
		[359.2846688,209.9993901],
		[389.1417245,314.4990852],
		[314.4990852,90.57116719],
		[314.4990852,15.92852786]
	],
	"score": 1.561147538
}
