{
	"point": [
		[251.7185622,530.2947425],
		[209.9321352,404.9354614],
		[196.0033262,251.7185622],
		[265.6473712,265.6473712],
		[265.6473712,404.9354614],
		[251.7185622,544.2235515],
		[182.0745172,307.4337983],
		[182.0745172,196.0033262],
		[182.0745172,98.50166309],
		[293.5049893,112.4304721],
		[293.5049893,196.0033262],
		[307.4337983,307.4337983],
		[237.7897532,84.57285408],
		[237.7897532,14.92880901]
	],
	"score": 1.341789345
}
