{
	"point": [
		[126.3592811,558.1523605],
		[112.4304721,418.8642704],
		[112.4304721,251.7185622],
		[196.0033262,265.6473712],
		[182.0745172,404.9354614],
		[182.0745172,558.1523605],
		[84.57285408,293.5049893],
		[98.50166309,209.9321352],
		[98.50166309,112.4304721],
		[209.9321352,112.4304721],
		[209.9321352,209.9321352],
		[223.8609442,307.4337983],
		[154.2168991,84.57285408],
		[154.2168991,14.92880901]
	],
	"score": 1.273627775
}
