{
	"point": [
		[140.2880901,544.2235515],
		[112.4304721,418.8642704],
		[126.3592811,293.5049893],
		[182.0745172,293.5049893],
		[182.0745172,418.8642704],
		[168.1457082,558.1523605],
		[126.3592811,279.5761803],
		[112.4304721,196.0033262],
		[126.3592811,126.3592811],
		[209.9321352,126.3592811],
		[265.6473712,196.0033262],
		[209.9321352,237.7897532],
		[168.1457082,98.50166309],
		[154.2168991,28.85761803]
	],
	"score": 1.196759454
}
