{
	"point": [
		[182.9445368,507.8454953],
		[169.9484984,390.8811503],
		[143.9564218,273.9168052],
		[208.9366135,273.9168052],
		[195.9405751,390.8811503],
		[182.9445368,507.8454953],
		[104.9683067,286.9128435],
		[130.9603834,208.9366135],
		[143.9564218,130.9603834],
		[247.9247285,130.9603834],
		[260.9207668,208.9366135],
		[286.9128435,299.9088819],
		[195.9405751,104.9683067],
		[195.9405751,39.98811503]
	],
	"score": 1.628044864
}
