{
	"point": [
		[207.137453,473.9035688],
		[158.6345229,389.023441],
		[158.6345229,292.0175808],
		[207.137453,267.7661157],
		[195.0117205,389.023441],
		[182.885988,510.2807663],
		[134.3830579,255.6403832],
		[134.3830579,170.7602554],
		[146.5087904,122.2573253],
		[243.5146506,122.2573253],
		[279.8918482,182.885988],
		[231.3889181,219.2631856],
		[195.0117205,110.1315928],
		[195.0117205,37.3771976]
	],
	"score": 1.31840777
}
