{
	"point": [
		[168.1457082,558.1523605],
		[154.2168991,404.9354614],
		[140.2880901,279.5761803],
		[196.0033262,251.7185622],
		[196.0033262,404.9354614],
		[182.0745172,544.2235515],
		[98.50166309,307.4337983],
		[84.57285408,209.9321352],
		[84.57285408,112.4304721],
		[196.0033262,112.4304721],
		[209.9321352,196.0033262],
		[223.8609442,293.5049893],
		[140.2880901,98.50166309],
		[140.2880901,28.85761803]
	],
	"score": 1.185395825
}
