{
	"point": [
		[170.7602554,510.2807663],
		[158.6345229,389.023441],
		[158.6345229,255.6403832],
		[207.137453,255.6403832],
		[195.0117205,401.1491736],
		[170.7602554,546.6579639],
		[98.00586026,292.0175808],
		[110.1315928,195.0117205],
		[134.3830579,110.1315928],
		[231.3889181,122.2573253],
		[231.3889181,195.0117205],
		[243.5146506,279.8918482],
		[182.885988,98.00586026],
		[182.885988,25.25146506]
	],
	"score": 1.195658643
}
