{
	"point": [
		[112.4304721,530.2947425],
		[98.50166309,391.0066524],
		[84.57285408,237.7897532],
		[140.2880901,237.7897532],
		[112.4304721,391.0066524],
		[112.4304721,544.2235515],
		[56.71523605,293.5049893],
		[56.71523605,196.0033262],
		[56.71523605,112.4304721],
		[168.1457082,112.4304721],
		[168.1457082,209.9321352],
		[182.0745172,293.5049893],
		[112.4304721,98.50166309],
		[112.4304721,28.85761803]
	],
	"score": 1.31680931
}
