{
	"point": [
		[170.7602554,510.2807663],
		[182.885988,389.023441],
		[170.7602554,279.8918482],
		[207.137453,279.8918482],
		[195.0117205,389.023441],
		[182.885988,510.2807663],
		[122.2573253,219.2631856],
		[134.3830579,170.7602554],
		[146.5087904,122.2573253],
		[231.3889181,122.2573253],
		[231.3889181,182.885988],
		[207.137453,207.137453],
		[195.0117205,110.1315928],
		[195.0117205,37.3771976]
	],
	"score": 1.665005165
}
