{
	"point": [
		[209.9993901,538.4270031],
		[195.0708622,404.0702523],
		[195.0708622,284.6420294],
		[269.7135016,254.7849737],
		[269.7135016,404.0702523],
		[269.7135016,553.355531],
		[180.1423344,299.5705573],
		[180.1423344,195.0708622],
		[195.0708622,105.4996951],
		[284.6420294,105.4996951],
		[284.6420294,209.9993901],
		[314.4990852,314.4990852],
		[239.8564458,90.57116719],
		[239.8564458,15.92852786]
	],
	"score": 1.054151877
}
