{
	"point": [
		[126.3592811,558.1523605],
		[112.4304721,418.8642704],
		[112.4304721,279.5761803],
		[182.0745172,279.5761803],
		[196.0033262,418.8642704],
		[196.0033262,558.1523605],
		[98.50166309,251.7185622],
		[84.57285408,196.0033262],
		[98.50166309,112.4304721],
		[209.9321352,112.4304721],
		[223.8609442,182.0745172],
		[196.0033262,237.7897532],
		[154.2168991,98.50166309],
		[154.2168991,28.85761803]
	],
	"score": 1.460849196
}
