{
	"point": [
		[169.9484984,494.849457],
		[169.9484984,390.8811503],
		[156.9524601,247.9247285],
		[195.9405751,260.9207668],
		[208.9366135,390.8811503],
		[195.9405751,507.8454953],
		[143.9564218,299.9088819],
		[130.9603834,208.9366135],
		[143.9564218,117.9643451],
		[234.9286902,130.9603834],
		[234.9286902,234.9286902],
		[234.9286902,312.9049202],
		[195.9405751,104.9683067],
		[195.9405751,39.98811503]
	],
	"score": 1.900287156
}
