{
	"point": [
		[265.6473712,544.2235515],
		[265.6473712,418.8642704],
		[265.6473712,279.5761803],
		[321.3626073,251.7185622],
		[321.3626073,404.9354614],
		[307.4337983,544.2235515],
		[223.8609442,321.3626073],
		[237.7897532,209.9321352],
		[237.7897532,112.4304721],
		[349.2202253,126.3592811],
		[349.2202253,209.9321352],
		[363.1490343,279.5761803],
		[293.5049893,98.50166309],
		[293.5049893,28.85761803]
	],
	"score": 1.862928555
}
