{
	"point": [
		[209.9321352,544.2235515],
		[196.0033262,418.8642704],
		[182.0745172,265.6473712],
		[251.7185622,237.7897532],
		[251.7185622,404.9354614],
		[237.7897532,544.2235515],
		[154.2168991,237.7897532],
		[112.4304721,182.0745172],
		[154.2168991,126.3592811],
		[265.6473712,112.4304721],
		[279.5761803,209.9321352],
		[279.5761803,307.4337983],
		[209.9321352,98.50166309],
		[209.9321352,28.85761803]
	],
	"score": 1.387417218
}
