{
	"point": [
		[182.0745172,544.2235515],
		[182.0745172,404.9354614],
		[168.1457082,251.7185622],
		[237.7897532,265.6473712],
		[251.7185622,404.9354614],
		[279.5761803,544.2235515],
		[140.2880901,307.4337983],
		[154.2168991,209.9321352],
		[168.1457082,112.4304721],
		[265.6473712,112.4304721],
		[265.6473712,209.9321352],
		[265.6473712,307.4337983],
		[209.9321352,98.50166309],
		[209.9321352,28.85761803]
	],
	"score": 1.851218713
}
