{
	"point": [
		[135.3567508,553.355531],
		[120.4282229,404.0702523],
		[120.4282229,269.7135016],
		[165.2138065,269.7135016],
		[165.2138065,404.0702523],
		[150.2852786,553.355531],
		[75.64263932,299.5705573],
		[75.64263932,209.9993901],
		[90.57116719,105.4996951],
		[195.0708622,120.4282229],
		[209.9993901,209.9993901],
		[224.927918,314.4990852],
		[135.3567508,90.57116719],
		[135.3567508,30.85705573]
	],
	"score": 1.326497798
}
