{
	"point": [
		[170.7602554,486.0293013],
		[158.6345229,389.023441],
		[158.6345229,279.8918482],
		[207.137453,279.8918482],
		[195.0117205,389.023441],
		[182.885988,498.1550338],
		[134.3830579,122.2573253],
		[122.2573253,195.0117205],
		[146.5087904,122.2573253],
		[231.3889181,134.3830579],
		[243.5146506,207.137453],
		[219.2631856,304.1433133],
		[195.0117205,110.1315928],
		[195.0117205,37.3771976]
	],
	"score": 1.636609856
}
