{
	"point": [
		[208.9366135,546.8336104],
		[208.9366135,416.8732269],
		[208.9366135,312.9049202],
		[247.9247285,273.9168052],
		[247.9247285,403.8771886],
		[234.9286902,546.8336104],
		[182.9445368,299.9088819],
		[182.9445368,221.9326518],
		[195.9405751,143.9564218],
		[286.9128435,143.9564218],
		[260.9207668,221.9326518],
		[273.9168052,312.9049202],
		[247.9247285,130.9603834],
		[247.9247285,65.98019171]
	],
	"score": 1.220235609
}
