{
	"point": [
		[195.0117205,486.0293013],
		[146.5087904,376.8977085],
		[158.6345229,255.6403832],
		[207.137453,267.7661157],
		[195.0117205,376.8977085],
		[195.0117205,498.1550338],
		[122.2573253,279.8918482],
		[134.3830579,195.0117205],
		[146.5087904,122.2573253],
		[243.5146506,134.3830579],
		[231.3889181,219.2631856],
		[231.3889181,316.2690458],
		[207.137453,110.1315928],
		[207.137453,37.3771976]
	],
	"score": 1.054526688
}
