{
	"point": [
		[182.885988,546.6579639],
		[158.6345229,389.023441],
		[134.3830579,255.6403832],
		[195.0117205,267.7661157],
		[182.885988,389.023441],
		[158.6345229,522.4064989],
		[110.1315928,267.7661157],
		[122.2573253,195.0117205],
		[134.3830579,122.2573253],
		[231.3889181,122.2573253],
		[219.2631856,219.2631856],
		[219.2631856,316.2690458],
		[170.7602554,98.00586026],
		[170.7602554,37.3771976]
	],
	"score": 1.115691726
}
