{
	"point": [
		[195.9405751,546.8336104],
		[182.9445368,403.8771886],
		[169.9484984,286.9128435],
		[234.9286902,286.9128435],
		[221.9326518,416.8732269],
		[221.9326518,546.8336104],
		[130.9603834,325.9009585],
		[130.9603834,221.9326518],
		[143.9564218,117.9643451],
		[247.9247285,130.9603834],
		[247.9247285,195.9405751],
		[234.9286902,273.9168052],
		[195.9405751,104.9683067],
		[195.9405751,39.98811503]
	],
	"score": 1.44127271
}
