{
	"point": [
		[182.9445368,533.837572],
		[182.9445368,429.8692653],
		[182.9445368,299.9088819],
		[234.9286902,299.9088819],
		[221.9326518,416.8732269],
		[208.9366135,533.837572],
		[143.9564218,260.9207668],
		[104.9683067,195.9405751],
		[156.9524601,130.9603834],
		[260.9207668,143.9564218],
		[260.9207668,247.9247285],
		[260.9207668,338.8969969],
		[208.9366135,117.9643451],
		[208.9366135,39.98811503]
	],
	"score": 1.927579999
}
