{
	"point": [
		[154.2168991,544.2235515],
		[126.3592811,391.0066524],
		[126.3592811,251.7185622],
		[154.2168991,279.5761803],
		[140.2880901,404.9354614],
		[126.3592811,558.1523605],
		[98.50166309,321.3626073],
		[98.50166309,209.9321352],
		[84.57285408,112.4304721],
		[196.0033262,112.4304721],
		[209.9321352,209.9321352],
		[209.9321352,307.4337983],
		[140.2880901,84.57285408],
		[140.2880901,28.85761803]
	],
	"score": 1.232148844
}
