{
	"point": [
		[209.9321352,530.2947425],
		[196.0033262,404.9354614],
		[196.0033262,279.5761803],
		[251.7185622,251.7185622],
		[251.7185622,404.9354614],
		[251.7185622,544.2235515],
		[265.6473712,223.8609442],
		[182.0745172,209.9321352],
		[182.0745172,126.3592811],
		[279.5761803,112.4304721],
		[279.5761803,196.0033262],
		[237.7897532,251.7185622],
		[223.8609442,98.50166309],
		[223.8609442,28.85761803]
	],
	"score": 1.151340325
}
