{
	"point": [
		[168.1457082,502.4371245],
		[154.2168991,377.0778433],
		[140.2880901,279.5761803],
		[209.9321352,265.6473712],
		[223.8609442,391.0066524],
		[196.0033262,502.4371245],
		[126.3592811,307.4337983],
		[126.3592811,209.9321352],
		[112.4304721,112.4304721],
		[223.8609442,112.4304721],
		[251.7185622,209.9321352],
		[251.7185622,293.5049893],
		[168.1457082,98.50166309],
		[168.1457082,42.78642704]
	],
	"score": 1.102957
}
