{
	"point": [
		[150.2852786,553.355531],
		[120.4282229,418.9987802],
		[120.4282229,239.8564458],
		[180.1423344,239.8564458],
		[195.0708622,404.0702523],
		[165.2138065,553.355531],
		[90.57116719,314.4990852],
		[90.57116719,224.927918],
		[105.4996951,120.4282229],
		[209.9993901,105.4996951],
		[209.9993901,209.9993901],
		[224.927918,299.5705573],
		[150.2852786,90.57116719],
		[150.2852786,15.92852786]
	],
	"score": 1.055213514
}
