{
	"point": [
		[223.8609442,544.2235515],
		[209.9321352,432.7930794],
		[196.0033262,279.5761803],
		[251.7185622,321.3626073],
		[237.7897532,432.7930794],
		[237.7897532,544.2235515],
		[154.2168991,335.2914163],
		[168.1457082,223.8609442],
		[154.2168991,126.3592811],
		[251.7185622,126.3592811],
		[265.6473712,209.9321352],
		[279.5761803,293.5049893],
		[196.0033262,112.4304721],
		[196.0033262,42.78642704]
	],
	"score": 1.14648378
}
