{
	"point": [
		[182.9445368,533.837572],
		[169.9484984,390.8811503],
		[169.9484984,247.9247285],
		[221.9326518,260.9207668],
		[221.9326518,390.8811503],
		[208.9366135,533.837572],
		[91.97226839,234.9286902],
		[130.9603834,169.9484984],
		[143.9564218,104.9683067],
		[247.9247285,91.97226839],
		[247.9247285,143.9564218],
		[247.9247285,208.9366135],
		[195.9405751,78.97623005],
		[195.9405751,26.99207668]
	],
	"score": 1.178240543
}
