{
	"point": [
		[117.9643451,546.8336104],
		[117.9643451,403.8771886],
		[104.9683067,260.9207668],
		[169.9484984,273.9168052],
		[169.9484984,416.8732269],
		[143.9564218,546.8336104],
		[78.97623005,273.9168052],
		[78.97623005,195.9405751],
		[91.97226839,130.9603834],
		[195.9405751,130.9603834],
		[195.9405751,208.9366135],
		[195.9405751,325.9009585],
		[143.9564218,104.9683067],
		[143.9564218,39.98811503]
	],
	"score": 2.008932201
}
