{
	"point": [
		[126.3592811,544.2235515],
		[98.50166309,404.9354614],
		[126.3592811,265.6473712],
		[182.0745172,265.6473712],
		[182.0745172,404.9354614],
		[168.1457082,544.2235515],
		[84.57285408,251.7185622],
		[70.64404506,182.0745172],
		[98.50166309,98.50166309],
		[196.0033262,112.4304721],
		[196.0033262,209.9321352],
		[223.8609442,321.3626073],
		[154.2168991,84.57285408],
		[154.2168991,28.85761803]
	],
	"score": 1.305420064
}
