{
	"point": [
		[239.8564458,553.355531],
		[224.927918,418.9987802],
		[209.9993901,299.5705573],
		[284.6420294,299.5705573],
		[284.6420294,433.9273081],
		[269.7135016,553.355531],
		[195.0708622,299.5705573],
		[180.1423344,195.0708622],
		[180.1423344,120.4282229],
		[299.5705573,105.4996951],
		[314.4990852,165.2138065],
		[269.7135016,209.9993901],
		[239.8564458,90.57116719],
		[239.8564458,15.92852786]
	],
	"score": 1.018348516
}
