{
	"point": [
		[195.9405751,507.8454953],
		[182.9445368,403.8771886],
		[169.9484984,273.9168052],
		[234.9286902,273.9168052],
		[221.9326518,403.8771886],
		[221.9326518,507.8454953],
		[117.9643451,299.9088819],
		[143.9564218,208.9366135],
		[169.9484984,117.9643451],
		[260.9207668,117.9643451],
		[260.9207668,182.9445368],
		[286.9128435,260.9207668],
		[208.9366135,91.97226839],
		[208.9366135,26.99207668]
	],
	"score": 1.114738143
}
