{
	"point": [
		[134.3830579,558.7836965],
		[122.2573253,401.1491736],
		[122.2573253,267.7661157],
		[182.885988,267.7661157],
		[170.7602554,413.2749061],
		[182.885988,558.7836965],
		[98.00586026,292.0175808],
		[98.00586026,195.0117205],
		[98.00586026,110.1315928],
		[207.137453,98.00586026],
		[207.137453,170.7602554],
		[195.0117205,243.5146506],
		[146.5087904,85.88012772],
		[146.5087904,25.25146506]
	],
	"score": 1.395409721
}
