{
	"point": [
		[146.5087904,510.2807663],
		[134.3830579,389.023441],
		[122.2573253,255.6403832],
		[170.7602554,279.8918482],
		[170.7602554,413.2749061],
		[158.6345229,510.2807663],
		[98.00586026,328.3947784],
		[110.1315928,219.2631856],
		[110.1315928,110.1315928],
		[207.137453,98.00586026],
		[219.2631856,170.7602554],
		[195.0117205,195.0117205],
		[146.5087904,85.88012772],
		[146.5087904,25.25146506]
	],
	"score": 1.140272582
}
