{
	"point": [
		[182.0745172,544.2235515],
		[182.0745172,404.9354614],
		[168.1457082,251.7185622],
		[237.7897532,279.5761803],
		[237.7897532,418.8642704],
		[223.8609442,558.1523605],
		[126.3592811,251.7185622],
		[126.3592811,182.0745172],
		[140.2880901,112.4304721],
		[265.6473712,112.4304721],
		[279.5761803,196.0033262],
		[251.7185622,237.7897532],
		[196.0033262,98.50166309],
		[196.0033262,28.85761803]
	],
	"score": 1.035446978
}
