{
	"point": {
		"_ArrayType_": "double",
		"_ArraySize_": [14,2,2],
		"_ArrayData_": [182.019336,182.019336,170.7056275,227.27417,215.9604615,204.646753,148.0782105,148.0782105,159.391919,249.901587,249.901587,204.646753,204.646753,204.646753,453.54834,385.666089,283.8427125,295.156421,419.6072145,544.058008,329.0975465,238.5878785,159.391919,159.391919,215.9604615,261.2152955,148.0782105,80.19595949,297,289,289,321,305,305,297,273,289,345,345,337,321,321,385,305,225,241,321,385,217,185,145,161,217,273,145,113]
	},
	"score": [1.230220791,-0.006701159922]
}
