{
	"point": {
		"_ArrayType_": "double",
		"_ArraySize_": [14,2,2],
		"_ArrayData_": [182.019336,170.7056275,159.391919,215.9604615,204.646753,182.019336,91.50966799,114.137085,125.4507935,215.9604615,215.9604615,238.5878785,170.7056275,182.019336,498.803174,396.9797975,249.901587,261.2152955,396.9797975,532.7442995,261.2152955,204.646753,125.4507935,125.4507935,204.646753,272.529004,102.8233765,34.9411255,296.4746592,276.7763486,276.7763486,306.3238145,306.3238145,296.4746592,257.078038,257.078038,247.2288827,316.1729698,326.0221251,345.7204357,276.7763486,286.6255039,345.7204357,247.2288827,168.4356402,168.4356402,266.9271933,345.7204357,188.1339508,109.3407084,60.09493184,50.24577653,109.3407084,178.2847955,40.39662123,1]
	},
	"score": [0.1251299159,0.01953814352]
}
