{
	"point": [
		[154.2168991,544.2235515],
		[140.2880901,418.8642704],
		[126.3592811,279.5761803],
		[182.0745172,265.6473712],
		[168.1457082,418.8642704],
		[154.2168991,558.1523605],
		[70.64404506,321.3626073],
		[84.57285408,237.7897532],
		[84.57285408,140.2880901],
		[196.0033262,126.3592811],
		[223.8609442,223.8609442],
		[251.7185622,307.4337983],
		[140.2880901,112.4304721],
		[140.2880901,28.85761803]
	],
	"score": 1.017956298
}
