{
	"point": [
		[182.885988,534.5322314],
		[170.7602554,413.2749061],
		[158.6345229,292.0175808],
		[219.2631856,292.0175808],
		[219.2631856,425.4006386],
		[207.137453,546.6579639],
		[122.2573253,304.1433133],
		[134.3830579,207.137453],
		[146.5087904,122.2573253],
		[243.5146506,122.2573253],
		[243.5146506,219.2631856],
		[255.6403832,304.1433133],
		[182.885988,98.00586026],
		[182.885988,25.25146506]
	],
	"score": 1.217573795
}
