{
	"point": [
		[140.2880901,544.2235515],
		[126.3592811,432.7930794],
		[98.50166309,279.5761803],
		[154.2168991,335.2914163],
		[140.2880901,460.6506974],
		[168.1457082,544.2235515],
		[70.64404506,335.2914163],
		[70.64404506,237.7897532],
		[84.57285408,140.2880901],
		[196.0033262,140.2880901],
		[251.7185622,223.8609442],
		[182.0745172,279.5761803],
		[140.2880901,112.4304721],
		[140.2880901,28.85761803]
	],
	"score": 1.158338478
}
