{
	"point": [
		[196.0033262,586.0099785],
		[168.1457082,446.7218884],
		[168.1457082,321.3626073],
		[237.7897532,293.5049893],
		[237.7897532,446.7218884],
		[223.8609442,572.0811695],
		[140.2880901,349.2202253],
		[126.3592811,251.7185622],
		[126.3592811,154.2168991],
		[223.8609442,126.3592811],
		[251.7185622,209.9321352],
		[265.6473712,293.5049893],
		[168.1457082,126.3592811],
		[168.1457082,42.78642704]
	],
	"score": 1.040208834
}
