{
	"point": [
		[207.137453,558.7836965],
		[195.0117205,413.2749061],
		[195.0117205,292.0175808],
		[255.6403832,279.8918482],
		[243.5146506,413.2749061],
		[243.5146506,558.7836965],
		[158.6345229,316.2690458],
		[158.6345229,207.137453],
		[158.6345229,122.2573253],
		[255.6403832,110.1315928],
		[279.8918482,207.137453],
		[279.8918482,304.1433133],
		[207.137453,85.88012772],
		[207.137453,25.25146506]
	],
	"score": 1.903113517
}
