{
	"point": [
		[196.0033262,544.2235515],
		[182.0745172,404.9354614],
		[168.1457082,265.6473712],
		[237.7897532,279.5761803],
		[237.7897532,418.8642704],
		[223.8609442,558.1523605],
		[140.2880901,321.3626073],
		[154.2168991,209.9321352],
		[154.2168991,112.4304721],
		[251.7185622,126.3592811],
		[251.7185622,223.8609442],
		[265.6473712,321.3626073],
		[209.9321352,98.50166309],
		[209.9321352,28.85761803]
	],
	"score": 1.505299301
}
