{
	"point": [
		[154.2168991,544.2235515],
		[154.2168991,404.9354614],
		[182.0745172,265.6473712],
		[237.7897532,265.6473712],
		[223.8609442,418.8642704],
		[237.7897532,544.2235515],
		[168.1457082,237.7897532],
		[140.2880901,209.9321352],
		[154.2168991,126.3592811],
		[265.6473712,126.3592811],
		[279.5761803,223.8609442],
		[293.5049893,321.3626073],
		[209.9321352,98.50166309],
		[209.9321352,28.85761803]
	],
	"score": 1.037582846
}
