{
	"point": [
		[143.9564218,559.8296487],
		[130.9603834,416.8732269],
		[104.9683067,260.9207668],
		[169.9484984,273.9168052],
		[169.9484984,429.8692653],
		[182.9445368,559.8296487],
		[78.97623005,312.9049202],
		[91.97226839,195.9405751],
		[104.9683067,117.9643451],
		[208.9366135,104.9683067],
		[208.9366135,195.9405751],
		[208.9366135,299.9088819],
		[156.9524601,91.97226839],
		[156.9524601,26.99207668]
	],
	"score": 1.407368372
}
