{
	"point": [
		[293.5049893,544.2235515],
		[279.5761803,404.9354614],
		[279.5761803,251.7185622],
		[335.2914163,293.5049893],
		[321.3626073,418.8642704],
		[321.3626073,544.2235515],
		[251.7185622,307.4337983],
		[251.7185622,209.9321352],
		[251.7185622,126.3592811],
		[349.2202253,126.3592811],
		[349.2202253,209.9321352],
		[363.1490343,307.4337983],
		[307.4337983,98.50166309],
		[307.4337983,42.78642704]
	],
	"score": 1.130144102
}
