{
	"point": [
		[117.9643451,546.8336104],
		[130.9603834,390.8811503],
		[130.9603834,273.9168052],
		[195.9405751,273.9168052],
		[195.9405751,390.8811503],
		[182.9445368,546.8336104],
		[104.9683067,299.9088819],
		[117.9643451,221.9326518],
		[130.9603834,143.9564218],
		[234.9286902,117.9643451],
		[286.9128435,91.97226839],
		[221.9326518,52.98415337],
		[182.9445368,117.9643451],
		[182.9445368,39.98811503]
	],
	"score": 1.093884087
}
