{
	"point": [
		[117.9643451,559.8296487],
		[91.97226839,416.8732269],
		[78.97623005,312.9049202],
		[130.9603834,312.9049202],
		[130.9603834,442.8653036],
		[130.9603834,559.8296487],
		[39.98811503,312.9049202],
		[26.99207668,234.9286902],
		[52.98415337,156.9524601],
		[156.9524601,156.9524601],
		[169.9484984,247.9247285],
		[169.9484984,247.9247285],
		[104.9683067,143.9564218],
		[104.9683067,78.97623005]
	],
	"score": 1.01741789
}
