{
	"point": [
		[182.885988,522.4064989],
		[170.7602554,425.4006386],
		[170.7602554,316.2690458],
		[219.2631856,292.0175808],
		[219.2631856,413.2749061],
		[207.137453,522.4064989],
		[146.5087904,364.771976],
		[158.6345229,267.7661157],
		[170.7602554,182.885988],
		[255.6403832,182.885988],
		[255.6403832,255.6403832],
		[255.6403832,340.5205109],
		[207.137453,170.7602554],
		[207.137453,110.1315928]
	],
	"score": 1.011839571
}
