{
	"point": [
		[105.4996951,553.355531],
		[105.4996951,404.0702523],
		[105.4996951,299.5705573],
		[180.1423344,269.7135016],
		[165.2138065,404.0702523],
		[165.2138065,538.4270031],
		[75.64263932,314.4990852],
		[75.64263932,209.9993901],
		[90.57116719,135.3567508],
		[195.0708622,135.3567508],
		[195.0708622,254.7849737],
		[195.0708622,374.2131966],
		[135.3567508,120.4282229],
		[135.3567508,45.78558359]
	],
	"score": 1.202275676
}
