{
	"point": [
		[134.3830579,558.7836965],
		[134.3830579,413.2749061],
		[110.1315928,292.0175808],
		[182.885988,279.8918482],
		[182.885988,425.4006386],
		[195.0117205,534.5322314],
		[85.88012772,304.1433133],
		[98.00586026,207.137453],
		[110.1315928,122.2573253],
		[219.2631856,122.2573253],
		[219.2631856,207.137453],
		[219.2631856,304.1433133],
		[158.6345229,98.00586026],
		[158.6345229,25.25146506]
	],
	"score": 1.076722485
}
