{
	"point": [
		[105.4996951,538.4270031],
		[90.57116719,404.0702523],
		[75.64263932,254.7849737],
		[135.3567508,269.7135016],
		[135.3567508,418.9987802],
		[135.3567508,538.4270031],
		[45.78558359,314.4990852],
		[60.71411146,209.9993901],
		[15.92852786,105.4996951],
		[120.4282229,105.4996951],
		[150.2852786,195.0708622],
		[180.1423344,284.6420294],
		[60.71411146,90.57116719],
		[60.71411146,30.85705573]
	],
	"score": 1.122130997
}
