{
	"point": [
		[146.5087904,522.4064989],
		[122.2573253,401.1491736],
		[122.2573253,267.7661157],
		[170.7602554,279.8918482],
		[170.7602554,401.1491736],
		[158.6345229,534.5322314],
		[85.88012772,255.6403832],
		[98.00586026,195.0117205],
		[110.1315928,122.2573253],
		[207.137453,122.2573253],
		[207.137453,182.885988],
		[207.137453,243.5146506],
		[158.6345229,110.1315928],
		[158.6345229,37.3771976]
	],
	"score": 1.850346496
}
