{
	"point": [
		[224.927918,538.4270031],
		[209.9993901,389.1417245],
		[195.0708622,254.7849737],
		[269.7135016,269.7135016],
		[269.7135016,404.0702523],
		[329.427613,538.4270031],
		[195.0708622,224.927918],
		[135.3567508,180.1423344],
		[180.1423344,105.4996951],
		[299.5705573,105.4996951],
		[299.5705573,209.9993901],
		[299.5705573,314.4990852],
		[239.8564458,75.64263932],
		[239.8564458,15.92852786]
	],
	"score": 1.039837155
}
