{
	"point": [
		[182.9445368,507.8454953],
		[169.9484984,377.8851119],
		[169.9484984,247.9247285],
		[221.9326518,273.9168052],
		[208.9366135,390.8811503],
		[208.9366135,494.849457],
		[143.9564218,286.9128435],
		[143.9564218,195.9405751],
		[143.9564218,130.9603834],
		[247.9247285,117.9643451],
		[260.9207668,169.9484984],
		[247.9247285,247.9247285],
		[182.9445368,104.9683067],
		[182.9445368,39.98811503]
	],
	"score": 1.695667328
}
