{
	"point": {
		"_ArrayType_": "double",
		"_ArraySize_": [14,2,2],
		"_ArrayData_": [148.0782105,136.764502,125.4507935,193.3330445,182.019336,170.7056275,91.50966799,102.8233765,114.137085,193.3330445,193.3330445,204.646753,159.391919,159.391919,498.803174,396.9797975,272.529004,261.2152955,385.666089,487.4894655,261.2152955,193.3330445,114.137085,114.137085,170.7056275,227.27417,91.50966799,23.627417,57,57,57,81,81,73,33,41,49,105,113,97,73,73,257,193,137,129,201,273,145,97,49,49,97,113,41,9]
	},
	"score": [0.608599233,0.06481719128]
}
