{
	"point": [
		[78.97623005,546.8336104],
		[65.98019171,416.8732269],
		[65.98019171,260.9207668],
		[117.9643451,273.9168052],
		[104.9683067,429.8692653],
		[104.9683067,546.8336104],
		[65.98019171,208.9366135],
		[52.98415337,208.9366135],
		[52.98415337,117.9643451],
		[143.9564218,104.9683067],
		[143.9564218,208.9366135],
		[156.9524601,325.9009585],
		[91.97226839,91.97226839],
		[91.97226839,26.99207668]
	],
	"score": 1.505550085
}
