{
	"point": [
		[140.2880901,544.2235515],
		[98.50166309,418.8642704],
		[98.50166309,279.5761803],
		[168.1457082,279.5761803],
		[168.1457082,404.9354614],
		[140.2880901,558.1523605],
		[70.64404506,321.3626073],
		[84.57285408,209.9321352],
		[98.50166309,112.4304721],
		[196.0033262,112.4304721],
		[223.8609442,196.0033262],
		[182.0745172,237.7897532],
		[140.2880901,98.50166309],
		[140.2880901,28.85761803]
	],
	"score": 1.396360531
}
