{
	"point": {
		"_ArrayType_": "double",
		"_ArraySize_": [14,2,2],
		"_ArrayData_": [168.1457082,168.1457082,168.1457082,223.8609442,209.9321352,196.0033262,126.3592811,140.2880901,140.2880901,251.7185622,251.7185622,251.7185622,196.0033262,196.0033262,544.2235515,404.9354614,279.5761803,265.6473712,404.9354614,544.2235515,307.4337983,209.9321352,126.3592811,126.3592811,223.8609442,321.3626073,112.4304721,42.78642704,322.6355394,322.6355394,322.6355394,359.3938868,368.5834736,377.7730604,267.4980184,285.877192,304.2563657,386.9626473,377.7730604,368.5834736,350.2042999,350.2042999,451.2897552,359.3938868,267.4980184,267.4980184,377.7730604,469.6689288,212.3604973,157.2229763,157.2229763,166.4125631,203.1709105,138.8438026,148.0333894,92.8958684]
	},
	"score": [0.8679204188,0.1402863131]
}
