{
	"point": [
		[207.137453,534.5322314],
		[207.137453,413.2749061],
		[195.0117205,255.6403832],
		[243.5146506,267.7661157],
		[243.5146506,413.2749061],
		[243.5146506,534.5322314],
		[170.7602554,316.2690458],
		[170.7602554,219.2631856],
		[182.885988,122.2573253],
		[279.8918482,122.2573253],
		[279.8918482,207.137453],
		[279.8918482,304.1433133],
		[231.3889181,98.00586026],
		[231.3889181,25.25146506]
	],
	"score": 1.184062094
}
