{
	"point": [
		[209.9321352,544.2235515],
		[182.0745172,404.9354614],
		[168.1457082,265.6473712],
		[209.9321352,251.7185622],
		[223.8609442,377.0778433],
		[209.9321352,530.2947425],
		[140.2880901,279.5761803],
		[126.3592811,182.0745172],
		[140.2880901,112.4304721],
		[251.7185622,112.4304721],
		[237.7897532,209.9321352],
		[237.7897532,321.3626073],
		[196.0033262,98.50166309],
		[196.0033262,28.85761803]
	],
	"score": 1.318891041
}
