{
	"point": [
		[196.0033262,530.2947425],
		[182.0745172,404.9354614],
		[182.0745172,265.6473712],
		[223.8609442,251.7185622],
		[223.8609442,404.9354614],
		[196.0033262,558.1523605],
		[154.2168991,265.6473712],
		[154.2168991,182.0745172],
		[154.2168991,112.4304721],
		[237.7897532,112.4304721],
		[237.7897532,168.1457082],
		[237.7897532,98.50166309],
		[196.0033262,98.50166309],
		[196.0033262,28.85761803]
	],
	"score": 1.158579948
}
