{
	"point": [
		[169.9484984,546.8336104],
		[156.9524601,416.8732269],
		[130.9603834,260.9207668],
		[208.9366135,273.9168052],
		[208.9366135,416.8732269],
		[208.9366135,546.8336104],
		[117.9643451,182.9445368],
		[117.9643451,182.9445368],
		[130.9603834,117.9643451],
		[234.9286902,117.9643451],
		[286.9128435,169.9484984],
		[221.9326518,208.9366135],
		[169.9484984,91.97226839],
		[169.9484984,26.99207668]
	],
	"score": 1.608478947
}
