{
	"point": [
		[130.9603834,533.837572],
		[104.9683067,403.8771886],
		[91.97226839,234.9286902],
		[169.9484984,286.9128435],
		[143.9564218,429.8692653],
		[130.9603834,559.8296487],
		[65.98019171,286.9128435],
		[65.98019171,182.9445368],
		[78.97623005,104.9683067],
		[182.9445368,117.9643451],
		[169.9484984,208.9366135],
		[195.9405751,299.9088819],
		[130.9603834,91.97226839],
		[117.9643451,13.99603834]
	],
	"score": 1.031859127
}
