{
	"point": [
		[207.137453,546.6579639],
		[195.0117205,413.2749061],
		[182.885988,255.6403832],
		[243.5146506,243.5146506],
		[231.3889181,376.8977085],
		[219.2631856,498.1550338],
		[146.5087904,316.2690458],
		[158.6345229,219.2631856],
		[170.7602554,134.3830579],
		[255.6403832,122.2573253],
		[267.7661157,219.2631856],
		[292.0175808,304.1433133],
		[207.137453,110.1315928],
		[207.137453,37.3771976]
	],
	"score": 1.188433462
}
