{
	"point": [
		[196.0033262,530.2947425],
		[168.1457082,404.9354614],
		[154.2168991,307.4337983],
		[223.8609442,279.5761803],
		[209.9321352,432.7930794],
		[196.0033262,544.2235515],
		[154.2168991,307.4337983],
		[154.2168991,209.9321352],
		[154.2168991,140.2880901],
		[237.7897532,126.3592811],
		[293.5049893,196.0033262],
		[237.7897532,237.7897532],
		[196.0033262,112.4304721],
		[196.0033262,42.78642704]
	],
	"score": 1.036752409
}
