{
	"point": [
		[158.6345229,558.7836965],
		[158.6345229,413.2749061],
		[158.6345229,267.7661157],
		[231.3889181,279.8918482],
		[219.2631856,413.2749061],
		[207.137453,558.7836965],
		[122.2573253,304.1433133],
		[134.3830579,207.137453],
		[146.5087904,122.2573253],
		[243.5146506,122.2573253],
		[243.5146506,195.0117205],
		[243.5146506,267.7661157],
		[195.0117205,98.00586026],
		[195.0117205,25.25146506]
	],
	"score": 1.426123612
}
