{
	"point": [
		[195.0117205,546.6579639],
		[182.885988,413.2749061],
		[182.885988,292.0175808],
		[219.2631856,316.2690458],
		[219.2631856,437.5263712],
		[195.0117205,558.7836965],
		[158.6345229,316.2690458],
		[158.6345229,243.5146506],
		[158.6345229,158.6345229],
		[243.5146506,170.7602554],
		[231.3889181,243.5146506],
		[219.2631856,267.7661157],
		[207.137453,146.5087904],
		[207.137453,73.75439519]
	],
	"score": 1.07803421
}
