{
	"point": [
		[182.0745172,432.7930794],
		[168.1457082,349.2202253],
		[168.1457082,265.6473712],
		[223.8609442,251.7185622],
		[223.8609442,391.0066524],
		[182.0745172,488.5083154],
		[140.2880901,293.5049893],
		[126.3592811,196.0033262],
		[140.2880901,126.3592811],
		[251.7185622,112.4304721],
		[265.6473712,196.0033262],
		[265.6473712,279.5761803],
		[196.0033262,98.50166309],
		[196.0033262,28.85761803]
	],
	"score": 1.046722854
}
