{
	"point": [
		[223.8609442,544.2235515],
		[209.9321352,404.9354614],
		[196.0033262,279.5761803],
		[265.6473712,265.6473712],
		[251.7185622,404.9354614],
		[251.7185622,544.2235515],
		[154.2168991,237.7897532],
		[168.1457082,182.0745172],
		[182.0745172,112.4304721],
		[279.5761803,112.4304721],
		[307.4337983,196.0033262],
		[307.4337983,307.4337983],
		[223.8609442,98.50166309],
		[223.8609442,28.85761803]
	],
	"score": 1.241528887
}
