{
	"point": [
		[85.88012772,558.7836965],
		[73.75439519,413.2749061],
		[61.62866266,255.6403832],
		[122.2573253,267.7661157],
		[122.2573253,413.2749061],
		[122.2573253,558.7836965],
		[25.25146506,279.8918482],
		[25.25146506,207.137453],
		[37.3771976,110.1315928],
		[134.3830579,122.2573253],
		[146.5087904,207.137453],
		[158.6345229,316.2690458],
		[85.88012772,98.00586026],
		[85.88012772,25.25146506]
	],
	"score": 1.308011179
}
