{
	"point": [
		[146.5087904,534.5322314],
		[146.5087904,425.4006386],
		[170.7602554,292.0175808],
		[219.2631856,279.8918482],
		[219.2631856,413.2749061],
		[207.137453,546.6579639],
		[134.3830579,255.6403832],
		[110.1315928,195.0117205],
		[158.6345229,134.3830579],
		[255.6403832,134.3830579],
		[243.5146506,231.3889181],
		[279.8918482,304.1433133],
		[207.137453,110.1315928],
		[207.137453,37.3771976]
	],
	"score": 1.613476165
}
