{
	"point": [
		[154.2168991,544.2235515],
		[154.2168991,404.9354614],
		[154.2168991,279.5761803],
		[223.8609442,265.6473712],
		[209.9321352,404.9354614],
		[209.9321352,544.2235515],
		[126.3592811,307.4337983],
		[140.2880901,209.9321352],
		[140.2880901,126.3592811],
		[237.7897532,126.3592811],
		[237.7897532,209.9321352],
		[223.8609442,140.2880901],
		[196.0033262,112.4304721],
		[196.0033262,28.85761803]
	],
	"score": 1.672768225
}
