{
	"point": [
		[196.0033262,446.7218884],
		[196.0033262,335.2914163],
		[196.0033262,223.8609442],
		[251.7185622,251.7185622],
		[251.7185622,377.0778433],
		[251.7185622,474.5795064],
		[154.2168991,321.3626073],
		[168.1457082,209.9321352],
		[196.0033262,112.4304721],
		[293.5049893,126.3592811],
		[321.3626073,209.9321352],
		[377.0778433,293.5049893],
		[251.7185622,98.50166309],
		[251.7185622,28.85761803]
	],
	"score": 1.265508241
}
