{
	"point": [
		[117.9643451,520.8415337],
		[78.97623005,403.8771886],
		[65.98019171,273.9168052],
		[130.9603834,273.9168052],
		[117.9643451,403.8771886],
		[104.9683067,546.8336104],
		[39.98811503,312.9049202],
		[26.99207668,208.9366135],
		[52.98415337,117.9643451],
		[156.9524601,117.9643451],
		[208.9366135,195.9405751],
		[156.9524601,247.9247285],
		[104.9683067,104.9683067],
		[104.9683067,26.99207668]
	],
	"score": 1.846831827
}
