{
	"point": [
		[104.9683067,546.8336104],
		[78.97623005,403.8771886],
		[65.98019171,260.9207668],
		[130.9603834,260.9207668],
		[130.9603834,416.8732269],
		[117.9643451,546.8336104],
		[78.97623005,91.97226839],
		[52.98415337,169.9484984],
		[52.98415337,117.9643451],
		[143.9564218,104.9683067],
		[156.9524601,195.9405751],
		[156.9524601,208.9366135],
		[91.97226839,91.97226839],
		[91.97226839,26.99207668]
	],
	"score": 1.149181879
}
