{
	"point": [
		[110.1315928,558.7836965],
		[122.2573253,413.2749061],
		[122.2573253,267.7661157],
		[195.0117205,267.7661157],
		[182.885988,413.2749061],
		[182.885988,558.7836965],
		[98.00586026,304.1433133],
		[85.88012772,207.137453],
		[98.00586026,110.1315928],
		[195.0117205,110.1315928],
		[207.137453,207.137453],
		[219.2631856,304.1433133],
		[146.5087904,85.88012772],
		[146.5087904,25.25146506]
	],
	"score": 1.342736039
}
