{
	"point": [
		[156.9524601,546.8336104],
		[130.9603834,416.8732269],
		[130.9603834,260.9207668],
		[195.9405751,260.9207668],
		[195.9405751,390.8811503],
		[182.9445368,546.8336104],
		[104.9683067,312.9049202],
		[117.9643451,208.9366135],
		[117.9643451,117.9643451],
		[221.9326518,104.9683067],
		[221.9326518,195.9405751],
		[221.9326518,312.9049202],
		[169.9484984,91.97226839],
		[169.9484984,26.99207668]
	],
	"score": 1.319300345
}
