{
	"point": [
		[158.6345229,510.2807663],
		[146.5087904,376.8977085],
		[134.3830579,243.5146506],
		[195.0117205,243.5146506],
		[182.885988,364.771976],
		[170.7602554,498.1550338],
		[98.00586026,219.2631856],
		[73.75439519,170.7602554],
		[110.1315928,110.1315928],
		[195.0117205,110.1315928],
		[195.0117205,158.6345229],
		[219.2631856,231.3889181],
		[146.5087904,98.00586026],
		[146.5087904,25.25146506]
	],
	"score": 1.136585658
}
