{
	"point": [
		[168.1457082,558.1523605],
		[154.2168991,432.7930794],
		[126.3592811,293.5049893],
		[209.9321352,293.5049893],
		[196.0033262,432.7930794],
		[196.0033262,558.1523605],
		[70.64404506,279.5761803],
		[98.50166309,209.9321352],
		[126.3592811,126.3592811],
		[237.7897532,140.2880901],
		[251.7185622,251.7185622],
		[279.5761803,335.2914163],
		[182.0745172,112.4304721],
		[182.0745172,42.78642704]
	],
	"score": 1.151756467
}
