{
	"point": [
		[170.7056275,498.803174],
		[170.7056275,408.293506],
		[159.391919,306.4701295],
		[215.9604615,306.4701295],
		[215.9604615,408.293506],
		[204.646753,544.058008],
		[136.764502,317.783838],
		[148.0782105,227.27417],
		[159.391919,148.0782105],
		[249.901587,148.0782105],
		[261.2152955,193.3330445],
		[261.2152955,261.2152955],
		[204.646753,136.764502],
		[204.646753,68.88225099]
	],
	"score": 1.21154068
}
