{
	"point": [
		[154.2168991,516.3659335],
		[140.2880901,418.8642704],
		[140.2880901,279.5761803],
		[196.0033262,279.5761803],
		[196.0033262,418.8642704],
		[196.0033262,544.2235515],
		[98.50166309,279.5761803],
		[126.3592811,209.9321352],
		[140.2880901,126.3592811],
		[223.8609442,126.3592811],
		[223.8609442,209.9321352],
		[223.8609442,293.5049893],
		[182.0745172,112.4304721],
		[182.0745172,28.85761803]
	],
	"score": 1.38465015
}
