{
	"point": [
		[143.9564218,559.8296487],
		[130.9603834,429.8692653],
		[130.9603834,286.9128435],
		[208.9366135,260.9207668],
		[208.9366135,377.8851119],
		[221.9326518,481.8534186],
		[130.9603834,312.9049202],
		[143.9564218,221.9326518],
		[130.9603834,130.9603834],
		[234.9286902,117.9643451],
		[234.9286902,208.9366135],
		[247.9247285,299.9088819],
		[182.9445368,104.9683067],
		[182.9445368,39.98811503]
	],
	"score": 1.150258009
}
