{
	"point": [
		[180.1423344,553.355531],
		[165.2138065,433.9273081],
		[150.2852786,284.6420294],
		[224.927918,299.5705573],
		[209.9993901,433.9273081],
		[195.0708622,553.355531],
		[150.2852786,254.7849737],
		[120.4282229,224.927918],
		[135.3567508,135.3567508],
		[239.8564458,135.3567508],
		[254.7849737,239.8564458],
		[269.7135016,329.427613],
		[195.0708622,105.4996951],
		[195.0708622,30.85705573]
	],
	"score": 1.192384957
}
