{
	"point": {
		"_ArrayType_": "double",
		"_ArraySize_": [14,2,2],
		"_ArrayData_": [125.4507935,114.137085,91.50966799,148.0782105,148.0782105,125.4507935,57.56854249,68.88225099,80.19595949,170.7056275,170.7056275,170.7056275,125.4507935,125.4507935,487.4894655,363.038672,238.5878785,272.529004,374.3523805,498.803174,306.4701295,215.9604615,125.4507935,125.4507935,215.9604615,317.783838,102.8233765,34.9411255,363.1490343,349.2202253,321.3626073,363.1490343,363.1490343,349.2202253,279.5761803,293.5049893,293.5049893,391.0066524,391.0066524,391.0066524,349.2202253,349.2202253,516.3659335,391.0066524,251.7185622,265.6473712,391.0066524,488.5083154,293.5049893,209.9321352,126.3592811,126.3592811,223.8609442,321.3626073,112.4304721,42.78642704]
	},
	"score": [1.875078758,1.571512836]
}
