{
	"point": [
		[143.9564218,507.8454953],
		[156.9524601,377.8851119],
		[156.9524601,286.9128435],
		[208.9366135,247.9247285],
		[208.9366135,364.8890736],
		[208.9366135,507.8454953],
		[130.9603834,286.9128435],
		[130.9603834,208.9366135],
		[143.9564218,130.9603834],
		[234.9286902,130.9603834],
		[286.9128435,195.9405751],
		[234.9286902,234.9286902],
		[195.9405751,104.9683067],
		[195.9405751,39.98811503]
	],
	"score": 1.771134127
}
