{
	"point": [
		[180.1423344,538.4270031],
		[105.4996951,404.0702523],
		[120.4282229,269.7135016],
		[180.1423344,269.7135016],
		[180.1423344,404.0702523],
		[165.2138065,538.4270031],
		[90.57116719,314.4990852],
		[105.4996951,209.9993901],
		[105.4996951,120.4282229],
		[209.9993901,105.4996951],
		[209.9993901,224.927918],
		[209.9993901,329.427613],
		[165.2138065,90.57116719],
		[165.2138065,15.92852786]
	],
	"score": 1.047988135
}
