{
	"point": [
		[209.9321352,544.2235515],
		[237.7897532,404.9354614],
		[223.8609442,265.6473712],
		[279.5761803,265.6473712],
		[265.6473712,404.9354614],
		[237.7897532,544.2235515],
		[196.0033262,321.3626073],
		[209.9321352,223.8609442],
		[209.9321352,126.3592811],
		[307.4337983,126.3592811],
		[307.4337983,196.0033262],
		[307.4337983,98.50166309],
		[265.6473712,98.50166309],
		[265.6473712,28.85761803]
	],
	"score": 1.040859641
}
