{
	"point": [
		[209.9321352,544.2235515],
		[237.7897532,404.9354614],
		[223.8609442,251.7185622],
		[279.5761803,251.7185622],
		[265.6473712,404.9354614],
		[265.6473712,558.1523605],
		[209.9321352,307.4337983],
		[182.0745172,196.0033262],
		[182.0745172,112.4304721],
		[307.4337983,98.50166309],
		[307.4337983,196.0033262],
		[321.3626073,293.5049893],
		[237.7897532,84.57285408],
		[237.7897532,28.85761803]
	],
	"score": 1.07812131
}
