{
	"point": [
		[143.9564218,533.837572],
		[143.9564218,416.8732269],
		[143.9564218,286.9128435],
		[195.9405751,286.9128435],
		[182.9445368,416.8732269],
		[169.9484984,533.837572],
		[104.9683067,312.9049202],
		[104.9683067,221.9326518],
		[117.9643451,130.9603834],
		[221.9326518,130.9603834],
		[234.9286902,221.9326518],
		[234.9286902,312.9049202],
		[169.9484984,104.9683067],
		[156.9524601,39.98811503]
	],
	"score": 1.375766143
}
