{
	"point": [
		[135.3567508,553.355531],
		[120.4282229,404.0702523],
		[105.4996951,299.5705573],
		[180.1423344,269.7135016],
		[180.1423344,418.9987802],
		[209.9993901,553.355531],
		[75.64263932,314.4990852],
		[90.57116719,209.9993901],
		[105.4996951,105.4996951],
		[209.9993901,120.4282229],
		[224.927918,209.9993901],
		[209.9993901,314.4990852],
		[165.2138065,90.57116719],
		[165.2138065,15.92852786]
	],
	"score": 1.360686731
}
