{
	"point": [
		[182.9445368,533.837572],
		[182.9445368,403.8771886],
		[182.9445368,247.9247285],
		[234.9286902,273.9168052],
		[234.9286902,403.8771886],
		[208.9366135,533.837572],
		[143.9564218,247.9247285],
		[104.9683067,182.9445368],
		[156.9524601,117.9643451],
		[260.9207668,117.9643451],
		[260.9207668,208.9366135],
		[260.9207668,312.9049202],
		[208.9366135,91.97226839],
		[208.9366135,26.99207668]
	],
	"score": 1.240557279
}
