{
	"point": [
		[91.97226839,533.837572],
		[91.97226839,403.8771886],
		[78.97623005,273.9168052],
		[143.9564218,286.9128435],
		[130.9603834,416.8732269],
		[104.9683067,546.8336104],
		[39.98811503,325.9009585],
		[52.98415337,221.9326518],
		[65.98019171,130.9603834],
		[156.9524601,130.9603834],
		[156.9524601,208.9366135],
		[169.9484984,273.9168052],
		[117.9643451,104.9683067],
		[117.9643451,26.99207668]
	],
	"score": 1.247712764
}
