{
	"point": [
		[208.9366135,533.837572],
		[208.9366135,403.8771886],
		[195.9405751,260.9207668],
		[260.9207668,260.9207668],
		[247.9247285,390.8811503],
		[221.9326518,533.837572],
		[156.9524601,221.9326518],
		[130.9603834,169.9484984],
		[182.9445368,104.9683067],
		[286.9128435,104.9683067],
		[286.9128435,182.9445368],
		[312.9049202,273.9168052],
		[234.9286902,78.97623005],
		[234.9286902,13.99603834]
	],
	"score": 1.139886721
}
