{
	"point": {
		"_ArrayType_": "double",
		"_ArraySize_": [14,2,2],
		"_ArrayData_": [170.7602554,146.5087904,182.885988,243.5146506,243.5146506,255.6403832,182.885988,170.7602554,182.885988,255.6403832,267.7661157,267.7661157,207.137453,195.0117205,473.9035688,352.6462434,243.5146506,231.3889181,328.3947784,413.2749061,207.137453,207.137453,134.3830579,110.1315928,182.885988,255.6403832,98.00586026,37.3771976,455.861342,442.8653036,455.861342,507.8454953,507.8454953,507.8454953,455.861342,429.8692653,442.8653036,533.837572,546.8336104,572.825687,481.8534186,481.8534186,494.849457,377.8851119,234.9286902,234.9286902,377.8851119,507.8454953,65.98019171,143.9564218,91.97226839,91.97226839,182.9445368,273.9168052,78.97623005,13.99603834]
	},
	"score": [0.4507549148,0.03115191278]
}
