{
	"point": [
		[126.3592811,544.2235515],
		[140.2880901,404.9354614],
		[182.0745172,265.6473712],
		[237.7897532,279.5761803],
		[223.8609442,418.8642704],
		[223.8609442,558.1523605],
		[182.0745172,196.0033262],
		[126.3592811,196.0033262],
		[168.1457082,112.4304721],
		[279.5761803,126.3592811],
		[279.5761803,237.7897532],
		[279.5761803,335.2914163],
		[223.8609442,98.50166309],
		[223.8609442,28.85761803]
	],
	"score": 1.218806856
}
