{
	"point": [
		[237.7897532,544.2235515],
		[209.9321352,391.0066524],
		[209.9321352,265.6473712],
		[265.6473712,265.6473712],
		[265.6473712,391.0066524],
		[251.7185622,558.1523605],
		[182.0745172,293.5049893],
		[196.0033262,182.0745172],
		[209.9321352,112.4304721],
		[321.3626073,98.50166309],
		[363.1490343,196.0033262],
		[307.4337983,265.6473712],
		[265.6473712,84.57285408],
		[265.6473712,14.92880901]
	],
	"score": 1.65395491
}
