{
	"point": [
		[196.0033262,544.2235515],
		[182.0745172,418.8642704],
		[168.1457082,293.5049893],
		[237.7897532,307.4337983],
		[237.7897532,432.7930794],
		[223.8609442,544.2235515],
		[140.2880901,265.6473712],
		[112.4304721,196.0033262],
		[154.2168991,126.3592811],
		[265.6473712,126.3592811],
		[293.5049893,209.9321352],
		[279.5761803,279.5761803],
		[209.9321352,112.4304721],
		[209.9321352,28.85761803]
	],
	"score": 1.497141986
}
