{
	"point": [
		[182.9445368,507.8454953],
		[169.9484984,377.8851119],
		[156.9524601,247.9247285],
		[208.9366135,273.9168052],
		[208.9366135,390.8811503],
		[195.9405751,507.8454953],
		[130.9603834,286.9128435],
		[130.9603834,208.9366135],
		[143.9564218,117.9643451],
		[234.9286902,130.9603834],
		[234.9286902,208.9366135],
		[247.9247285,286.9128435],
		[182.9445368,104.9683067],
		[182.9445368,39.98811503]
	],
	"score": 1.687945212
}
