{
	"point": [
		[208.9366135,520.8415337],
		[234.9286902,390.8811503],
		[234.9286902,260.9207668],
		[286.9128435,247.9247285],
		[286.9128435,351.8930352],
		[260.9207668,429.8692653],
		[195.9405751,325.9009585],
		[221.9326518,221.9326518],
		[221.9326518,143.9564218],
		[312.9049202,130.9603834],
		[312.9049202,247.9247285],
		[325.9009585,325.9009585],
		[260.9207668,117.9643451],
		[260.9207668,39.98811503]
	],
	"score": 1.033453442
}
