{
	"point": [
		[234.9286902,520.8415337],
		[195.9405751,403.8771886],
		[182.9445368,273.9168052],
		[234.9286902,299.9088819],
		[234.9286902,416.8732269],
		[234.9286902,533.837572],
		[156.9524601,234.9286902],
		[130.9603834,182.9445368],
		[169.9484984,117.9643451],
		[273.9168052,117.9643451],
		[286.9128435,208.9366135],
		[273.9168052,273.9168052],
		[221.9326518,104.9683067],
		[221.9326518,39.98811503]
	],
	"score": 1.298704926
}
