{
	"point": [
		[146.5087904,558.7836965],
		[122.2573253,413.2749061],
		[122.2573253,267.7661157],
		[170.7602554,279.8918482],
		[170.7602554,425.4006386],
		[170.7602554,558.7836965],
		[85.88012772,316.2690458],
		[98.00586026,219.2631856],
		[98.00586026,122.2573253],
		[207.137453,110.1315928],
		[207.137453,170.7602554],
		[195.0117205,243.5146506],
		[146.5087904,98.00586026],
		[146.5087904,25.25146506]
	],
	"score": 1.419326616
}
