{
	"point": [
		[182.0745172,544.2235515],
		[154.2168991,404.9354614],
		[140.2880901,279.5761803],
		[209.9321352,265.6473712],
		[223.8609442,432.7930794],
		[223.8609442,544.2235515],
		[140.2880901,154.2168991],
		[126.3592811,223.8609442],
		[140.2880901,126.3592811],
		[223.8609442,140.2880901],
		[223.8609442,209.9321352],
		[251.7185622,279.5761803],
		[182.0745172,112.4304721],
		[182.0745172,42.78642704]
	],
	"score": 1.11704702
}
