{
	"point": [
		[182.0745172,544.2235515],
		[182.0745172,404.9354614],
		[168.1457082,251.7185622],
		[223.8609442,321.3626073],
		[223.8609442,432.7930794],
		[223.8609442,558.1523605],
		[154.2168991,307.4337983],
		[154.2168991,209.9321352],
		[154.2168991,112.4304721],
		[251.7185622,112.4304721],
		[251.7185622,168.1457082],
		[237.7897532,251.7185622],
		[196.0033262,98.50166309],
		[196.0033262,28.85761803]
	],
	"score": 1.095432036
}
