{
	"point": [
		[195.9405751,533.837572],
		[182.9445368,390.8811503],
		[182.9445368,247.9247285],
		[234.9286902,247.9247285],
		[234.9286902,403.8771886],
		[221.9326518,546.8336104],
		[156.9524601,286.9128435],
		[156.9524601,208.9366135],
		[169.9484984,130.9603834],
		[260.9207668,130.9603834],
		[260.9207668,195.9405751],
		[195.9405751,195.9405751],
		[221.9326518,104.9683067],
		[221.9326518,26.99207668]
	],
	"score": 1.376294801
}
