{
	"point": [
		[182.9445368,533.837572],
		[169.9484984,403.8771886],
		[156.9524601,286.9128435],
		[221.9326518,299.9088819],
		[221.9326518,416.8732269],
		[182.9445368,546.8336104],
		[117.9643451,312.9049202],
		[117.9643451,234.9286902],
		[143.9564218,143.9564218],
		[247.9247285,143.9564218],
		[247.9247285,221.9326518],
		[247.9247285,312.9049202],
		[195.9405751,130.9603834],
		[195.9405751,65.98019171]
	],
	"score": 1.35453887
}
