{
	"point": {
		"_ArrayType_": "double",
		"_ArraySize_": [14,2,2],
		"_ArrayData_": [113,81,65,257,241,209,65,65,97,241,273,305,161,161,561,433,289,337,433,561,369,241,129,145,241,337,113,33,189.6321294,181.0579417,163.9095663,181.0579417,181.0579417,198.2063171,121.0386278,103.8902524,129.6128155,206.7805048,223.9288802,181.0579417,172.483754,163.9095663,283.9481941,206.7805048,138.1870032,129.6128155,198.2063171,283.9481941,103.8902524,69.5935016,43.8709385,52.4451262,86.741877,103.8902524,43.8709385,18.1483754]
	},
	"score": [0.7016162251,0.005828764086]
}
