{
	"point": [
		[195.9405751,533.837572],
		[169.9484984,390.8811503],
		[169.9484984,260.9207668],
		[221.9326518,260.9207668],
		[208.9366135,390.8811503],
		[182.9445368,494.849457],
		[143.9564218,312.9049202],
		[143.9564218,208.9366135],
		[143.9564218,117.9643451],
		[247.9247285,104.9683067],
		[247.9247285,182.9445368],
		[247.9247285,286.9128435],
		[182.9445368,91.97226839],
		[182.9445368,26.99207668]
	],
	"score": 1.156408414
}
