{
	"point": {
		"_ArrayType_": "double",
		"_ArraySize_": [14,2,2],
		"_ArrayData_": [182.9445368,182.9445368,169.9484984,182.9445368,195.9405751,182.9445368,91.97226839,65.98019171,117.9643451,208.9366135,208.9366135,234.9286902,156.9524601,156.9524601,533.837572,416.8732269,273.9168052,247.9247285,403.8771886,533.837572,247.9247285,195.9405751,130.9603834,130.9603834,208.9366135,286.9128435,104.9683067,39.98811503,376.8977085,364.771976,316.2690458,364.771976,364.771976,389.023441,267.7661157,279.8918482,292.0175808,364.771976,389.023441,340.5205109,316.2690458,316.2690458,534.5322314,389.023441,243.5146506,231.3889181,352.6462434,461.7778362,267.7661157,182.885988,122.2573253,122.2573253,182.885988,243.5146506,110.1315928,37.3771976]
	},
	"score": [0.9475023678,0.006515274154]
}
