{
	"point": [
		[84.57285408,558.1523605],
		[112.4304721,404.9354614],
		[112.4304721,251.7185622],
		[168.1457082,265.6473712],
		[182.0745172,404.9354614],
		[182.0745172,544.2235515],
		[84.57285408,293.5049893],
		[84.57285408,196.0033262],
		[98.50166309,112.4304721],
		[196.0033262,112.4304721],
		[196.0033262,209.9321352],
		[209.9321352,307.4337983],
		[140.2880901,84.57285408],
		[154.2168991,28.85761803]
	],
	"score": 1.224377558
}
