{
	"point": [
		[182.019336,532.7442995],
		[182.019336,419.6072145],
		[182.019336,329.0975465],
		[227.27417,306.4701295],
		[227.27417,430.920923],
		[215.9604615,532.7442995],
		[159.391919,363.038672],
		[159.391919,283.8427125],
		[159.391919,193.3330445],
		[249.901587,193.3330445],
		[261.2152955,272.529004],
		[261.2152955,351.7249635],
		[204.646753,182.019336],
		[204.646753,125.4507935]
	],
	"score": 1.375439081
}
