{
	"point": [
		[98.00586026,510.2807663],
		[73.75439519,389.023441],
		[61.62866266,231.3889181],
		[122.2573253,267.7661157],
		[110.1315928,413.2749061],
		[98.00586026,534.5322314],
		[25.25146506,158.6345229],
		[25.25146506,158.6345229],
		[49.50293013,85.88012772],
		[146.5087904,110.1315928],
		[170.7602554,182.885988],
		[146.5087904,231.3889181],
		[110.1315928,85.88012772],
		[110.1315928,25.25146506]
	],
	"score": 1.32732408
}
