{
	"point": [
		[195.0117205,522.4064989],
		[195.0117205,413.2749061],
		[182.885988,267.7661157],
		[243.5146506,267.7661157],
		[243.5146506,401.1491736],
		[231.3889181,546.6579639],
		[134.3830579,292.0175808],
		[146.5087904,195.0117205],
		[170.7602554,134.3830579],
		[255.6403832,134.3830579],
		[255.6403832,207.137453],
		[255.6403832,292.0175808],
		[219.2631856,110.1315928],
		[219.2631856,37.3771976]
	],
	"score": 1.724557886
}
