{
	"point": [
		[156.9524601,546.8336104],
		[117.9643451,403.8771886],
		[91.97226839,260.9207668],
		[143.9564218,273.9168052],
		[143.9564218,403.8771886],
		[117.9643451,546.8336104],
		[65.98019171,312.9049202],
		[65.98019171,208.9366135],
		[78.97623005,130.9603834],
		[169.9484984,117.9643451],
		[221.9326518,208.9366135],
		[169.9484984,260.9207668],
		[130.9603834,104.9683067],
		[130.9603834,39.98811503]
	],
	"score": 1.207686366
}
