{
	"point": [
		[209.9993901,553.355531],
		[195.0708622,404.0702523],
		[195.0708622,269.7135016],
		[269.7135016,299.5705573],
		[254.7849737,418.9987802],
		[239.8564458,553.355531],
		[165.2138065,299.5705573],
		[165.2138065,195.0708622],
		[180.1423344,105.4996951],
		[284.6420294,120.4282229],
		[299.5705573,224.927918],
		[299.5705573,329.427613],
		[239.8564458,90.57116719],
		[239.8564458,15.92852786]
	],
	"score": 1.059001705
}
