{
	"point": [
		[196.0033262,544.2235515],
		[126.3592811,404.9354614],
		[126.3592811,279.5761803],
		[182.0745172,251.7185622],
		[196.0033262,391.0066524],
		[182.0745172,544.2235515],
		[98.50166309,293.5049893],
		[84.57285408,209.9321352],
		[98.50166309,126.3592811],
		[209.9321352,126.3592811],
		[209.9321352,196.0033262],
		[209.9321352,251.7185622],
		[154.2168991,112.4304721],
		[168.1457082,42.78642704]
	],
	"score": 1.052037094
}
