{
	"point": [
		[196.0033262,530.2947425],
		[182.0745172,418.8642704],
		[154.2168991,293.5049893],
		[209.9321352,307.4337983],
		[209.9321352,446.7218884],
		[209.9321352,544.2235515],
		[126.3592811,265.6473712],
		[84.57285408,209.9321352],
		[126.3592811,140.2880901],
		[251.7185622,126.3592811],
		[251.7185622,223.8609442],
		[265.6473712,321.3626073],
		[196.0033262,112.4304721],
		[196.0033262,28.85761803]
	],
	"score": 1.657299934
}
