{
	"point": [
		[156.9524601,559.8296487],
		[143.9564218,455.861342],
		[130.9603834,325.9009585],
		[195.9405751,338.8969969],
		[195.9405751,468.8573803],
		[195.9405751,572.825687],
		[104.9683067,377.8851119],
		[91.97226839,286.9128435],
		[117.9643451,195.9405751],
		[208.9366135,195.9405751],
		[234.9286902,299.9088819],
		[234.9286902,377.8851119],
		[169.9484984,182.9445368],
		[169.9484984,104.9683067]
	],
	"score": 1.151658638
}
