{
	"point": [
		[65.98019171,546.8336104],
		[65.98019171,416.8732269],
		[65.98019171,273.9168052],
		[117.9643451,273.9168052],
		[117.9643451,416.8732269],
		[117.9643451,533.837572],
		[39.98811503,299.9088819],
		[39.98811503,208.9366135],
		[52.98415337,117.9643451],
		[143.9564218,117.9643451],
		[143.9564218,208.9366135],
		[156.9524601,286.9128435],
		[104.9683067,91.97226839],
		[104.9683067,26.99207668]
	],
	"score": 1.502352374
}
