{
	"point": [
		[117.9643451,533.837572],
		[104.9683067,403.8771886],
		[91.97226839,286.9128435],
		[182.9445368,273.9168052],
		[182.9445368,403.8771886],
		[195.9405751,507.8454953],
		[65.98019171,312.9049202],
		[78.97623005,208.9366135],
		[91.97226839,104.9683067],
		[208.9366135,117.9643451],
		[208.9366135,195.9405751],
		[195.9405751,286.9128435],
		[143.9564218,91.97226839],
		[143.9564218,26.99207668]
	],
	"score": 1.168100158
}
