{
	"point": [
		[159.391919,510.1168825],
		[159.391919,396.9797975],
		[159.391919,283.8427125],
		[204.646753,283.8427125],
		[204.646753,396.9797975],
		[193.3330445,510.1168825],
		[136.764502,306.4701295],
		[136.764502,227.27417],
		[148.0782105,159.391919],
		[227.27417,159.391919],
		[227.27417,261.2152955],
		[227.27417,340.411255],
		[193.3330445,136.764502],
		[193.3330445,80.19595949]
	],
	"score": 1.687196848
}
