{
	"point": [
		[143.9564218,520.8415337],
		[143.9564218,403.8771886],
		[130.9603834,260.9207668],
		[195.9405751,286.9128435],
		[182.9445368,416.8732269],
		[169.9484984,533.837572],
		[104.9683067,299.9088819],
		[104.9683067,208.9366135],
		[117.9643451,130.9603834],
		[221.9326518,130.9603834],
		[234.9286902,195.9405751],
		[234.9286902,273.9168052],
		[169.9484984,104.9683067],
		[156.9524601,39.98811503]
	],
	"score": 1.567280624
}
