{
	"point": [
		[195.0117205,534.5322314],
		[182.885988,401.1491736],
		[170.7602554,279.8918482],
		[219.2631856,279.8918482],
		[219.2631856,413.2749061],
		[207.137453,498.1550338],
		[134.3830579,328.3947784],
		[146.5087904,219.2631856],
		[146.5087904,122.2573253],
		[243.5146506,122.2573253],
		[243.5146506,195.0117205],
		[231.3889181,267.7661157],
		[195.0117205,98.00586026],
		[195.0117205,37.3771976]
	],
	"score": 1.127991217
}
