{
	"point": [
		[258.3084315,552.3752104],
		[148.0333894,533.9960367],
		[148.0333894,368.5834736],
		[221.5500842,368.5834736],
		[221.5500842,552.3752104],
		[74.51669472,533.9960367],
		[37.75834736,423.7209946],
		[74.51669472,295.0667789],
		[111.2750421,166.4125631],
		[239.9292578,184.7917368],
		[258.3084315,313.4459526],
		[258.3084315,442.1001683],
		[184.7917368,148.0333894],
		[184.7917368,56.13752104]
	],
	"score": 1.401261249
}
