{
	"point": [
		[130.9603834,533.837572],
		[117.9643451,403.8771886],
		[117.9643451,247.9247285],
		[182.9445368,286.9128435],
		[182.9445368,403.8771886],
		[169.9484984,546.8336104],
		[78.97623005,312.9049202],
		[78.97623005,208.9366135],
		[91.97226839,117.9643451],
		[195.9405751,117.9643451],
		[208.9366135,182.9445368],
		[208.9366135,182.9445368],
		[143.9564218,104.9683067],
		[143.9564218,26.99207668]
	],
	"score": 1.000631675
}
