{
	"point": {
		"_ArrayType_": "double",
		"_ArraySize_": [14,2,2],
		"_ArrayData_": [110.1315928,98.00586026,85.88012772,158.6345229,146.5087904,146.5087904,61.62866266,25.25146506,61.62866266,170.7602554,219.2631856,170.7602554,122.2573253,122.2573253,558.7836965,413.2749061,267.7661157,255.6403832,413.2749061,558.7836965,231.3889181,170.7602554,110.1315928,110.1315928,182.885988,231.3889181,85.88012772,25.25146506,321.3626073,307.4337983,293.5049893,349.2202253,335.2914163,349.2202253,237.7897532,265.6473712,279.5761803,391.0066524,432.7930794,377.0778433,335.2914163,321.3626073,544.2235515,418.8642704,279.5761803,307.4337983,446.7218884,572.0811695,335.2914163,223.8609442,126.3592811,140.2880901,196.0033262,251.7185622,112.4304721,42.78642704]
	},
	"score": [0.9576769592,0.5626355576]
}
