{
	"point": [
		[234.9286902,546.8336104],
		[221.9326518,416.8732269],
		[221.9326518,299.9088819],
		[273.9168052,286.9128435],
		[273.9168052,429.8692653],
		[260.9207668,546.8336104],
		[182.9445368,247.9247285],
		[156.9524601,195.9405751],
		[195.9405751,130.9603834],
		[299.9088819,130.9603834],
		[312.9049202,208.9366135],
		[312.9049202,312.9049202],
		[247.9247285,104.9683067],
		[247.9247285,26.99207668]
	],
	"score": 1.602488565
}
