{
	"point": [
		[196.0033262,516.3659335],
		[182.0745172,391.0066524],
		[182.0745172,279.5761803],
		[237.7897532,265.6473712],
		[237.7897532,404.9354614],
		[223.8609442,544.2235515],
		[154.2168991,293.5049893],
		[168.1457082,209.9321352],
		[182.0745172,126.3592811],
		[265.6473712,126.3592811],
		[265.6473712,209.9321352],
		[279.5761803,307.4337983],
		[223.8609442,98.50166309],
		[223.8609442,28.85761803]
	],
	"score": 1.793007282
}
