{
	"point": [
		[140.2880901,530.2947425],
		[126.3592811,404.9354614],
		[112.4304721,279.5761803],
		[182.0745172,265.6473712],
		[182.0745172,391.0066524],
		[168.1457082,530.2947425],
		[84.57285408,209.9321352],
		[84.57285408,182.0745172],
		[98.50166309,126.3592811],
		[196.0033262,126.3592811],
		[209.9321352,209.9321352],
		[209.9321352,293.5049893],
		[140.2880901,112.4304721],
		[140.2880901,42.78642704]
	],
	"score": 1.517226734
}
