{
	"point": [
		[105.4996951,538.4270031],
		[90.57116719,404.0702523],
		[60.71411146,254.7849737],
		[120.4282229,269.7135016],
		[105.4996951,404.0702523],
		[105.4996951,538.4270031],
		[30.85705573,314.4990852],
		[30.85705573,195.0708622],
		[60.71411146,120.4282229],
		[180.1423344,120.4282229],
		[209.9993901,180.1423344],
		[150.2852786,224.927918],
		[120.4282229,105.4996951],
		[120.4282229,30.85705573]
	],
	"score": 1.117720839
}
