{
	"point": [
		[223.8609442,544.2235515],
		[196.0033262,391.0066524],
		[209.9321352,251.7185622],
		[265.6473712,293.5049893],
		[293.5049893,418.8642704],
		[279.5761803,544.2235515],
		[168.1457082,293.5049893],
		[196.0033262,182.0745172],
		[209.9321352,98.50166309],
		[307.4337983,112.4304721],
		[293.5049893,196.0033262],
		[307.4337983,279.5761803],
		[265.6473712,84.57285408],
		[265.6473712,14.92880901]
	],
	"score": 1.313315604
}
