{
	"point": [
		[195.9405751,520.8415337],
		[195.9405751,390.8811503],
		[182.9445368,260.9207668],
		[234.9286902,247.9247285],
		[234.9286902,403.8771886],
		[234.9286902,520.8415337],
		[130.9603834,273.9168052],
		[156.9524601,195.9405751],
		[156.9524601,117.9643451],
		[260.9207668,104.9683067],
		[247.9247285,195.9405751],
		[247.9247285,273.9168052],
		[195.9405751,91.97226839],
		[195.9405751,26.99207668]
	],
	"score": 1.101235728
}
