{
	"point": [
		[130.9603834,546.8336104],
		[130.9603834,416.8732269],
		[117.9643451,247.9247285],
		[169.9484984,273.9168052],
		[169.9484984,403.8771886],
		[156.9524601,546.8336104],
		[104.9683067,260.9207668],
		[91.97226839,169.9484984],
		[104.9683067,104.9683067],
		[195.9405751,117.9643451],
		[208.9366135,169.9484984],
		[182.9445368,195.9405751],
		[156.9524601,91.97226839],
		[156.9524601,26.99207668]
	],
	"score": 1.009039687
}
