{
	"point": [
		[195.0117205,522.4064989],
		[182.885988,389.023441],
		[158.6345229,255.6403832],
		[207.137453,279.8918482],
		[195.0117205,401.1491736],
		[182.885988,498.1550338],
		[134.3830579,292.0175808],
		[146.5087904,207.137453],
		[146.5087904,122.2573253],
		[243.5146506,110.1315928],
		[243.5146506,182.885988],
		[279.8918482,255.6403832],
		[182.885988,98.00586026],
		[182.885988,37.3771976]
	],
	"score": 1.356091232
}
