{
	"point": [
		[195.9405751,494.849457],
		[143.9564218,390.8811503],
		[156.9524601,260.9207668],
		[221.9326518,273.9168052],
		[208.9366135,377.8851119],
		[208.9366135,494.849457],
		[143.9564218,299.9088819],
		[143.9564218,208.9366135],
		[143.9564218,117.9643451],
		[247.9247285,117.9643451],
		[299.9088819,156.9524601],
		[234.9286902,195.9405751],
		[195.9405751,104.9683067],
		[195.9405751,39.98811503]
	],
	"score": 1.052054597
}
