{
	"point": [
		[126.3592811,544.2235515],
		[126.3592811,404.9354614],
		[126.3592811,279.5761803],
		[182.0745172,279.5761803],
		[182.0745172,404.9354614],
		[168.1457082,544.2235515],
		[98.50166309,321.3626073],
		[98.50166309,209.9321352],
		[98.50166309,112.4304721],
		[209.9321352,112.4304721],
		[223.8609442,209.9321352],
		[223.8609442,321.3626073],
		[154.2168991,98.50166309],
		[154.2168991,28.85761803]
	],
	"score": 1.742606093
}
