{
	"point": [
		[180.1423344,538.4270031],
		[165.2138065,404.0702523],
		[165.2138065,254.7849737],
		[224.927918,254.7849737],
		[209.9993901,404.0702523],
		[195.0708622,553.355531],
		[120.4282229,209.9993901],
		[90.57116719,150.2852786],
		[150.2852786,105.4996951],
		[269.7135016,105.4996951],
		[344.3561409,150.2852786],
		[314.4990852,195.0708622],
		[209.9993901,90.57116719],
		[224.927918,30.85705573]
	],
	"score": 1.381554097
}
