{
	"point": [
		[143.9564218,546.8336104],
		[143.9564218,403.8771886],
		[130.9603834,260.9207668],
		[182.9445368,273.9168052],
		[182.9445368,403.8771886],
		[143.9564218,533.837572],
		[104.9683067,312.9049202],
		[104.9683067,221.9326518],
		[91.97226839,130.9603834],
		[195.9405751,117.9643451],
		[208.9366135,208.9366135],
		[208.9366135,299.9088819],
		[143.9564218,104.9683067],
		[143.9564218,39.98811503]
	],
	"score": 2.142948014
}
