{
	"point": [
		[165.2138065,508.5699474],
		[195.0708622,389.1417245],
		[180.1423344,269.7135016],
		[209.9993901,269.7135016],
		[209.9993901,389.1417245],
		[195.0708622,508.5699474],
		[135.3567508,239.8564458],
		[90.57116719,180.1423344],
		[135.3567508,120.4282229],
		[224.927918,120.4282229],
		[284.6420294,180.1423344],
		[224.927918,239.8564458],
		[180.1423344,105.4996951],
		[180.1423344,45.78558359]
	],
	"score": 1.440275668
}
