{
	"point": [
		[223.8609442,530.2947425],
		[209.9321352,377.0778433],
		[209.9321352,251.7185622],
		[251.7185622,237.7897532],
		[237.7897532,377.0778433],
		[223.8609442,544.2235515],
		[168.1457082,251.7185622],
		[168.1457082,168.1457082],
		[182.0745172,98.50166309],
		[293.5049893,98.50166309],
		[307.4337983,182.0745172],
		[335.2914163,251.7185622],
		[237.7897532,84.57285408],
		[223.8609442,28.85761803]
	],
	"score": 1.293909589
}
