{
	"point": [
		[325.9009585,429.8692653],
		[260.9207668,338.8969969],
		[221.9326518,234.9286902],
		[273.9168052,234.9286902],
		[273.9168052,338.8969969],
		[273.9168052,455.861342],
		[195.9405751,299.9088819],
		[195.9405751,195.9405751],
		[195.9405751,117.9643451],
		[286.9128435,117.9643451],
		[299.9088819,208.9366135],
		[312.9049202,299.9088819],
		[234.9286902,91.97226839],
		[234.9286902,26.99207668]
	],
	"score": 1.226761662
}
