{
	"point": [
		[158.6345229,558.7836965],
		[158.6345229,437.5263712],
		[158.6345229,328.3947784],
		[231.3889181,316.2690458],
		[207.137453,437.5263712],
		[195.0117205,558.7836965],
		[110.1315928,316.2690458],
		[146.5087904,255.6403832],
		[146.5087904,158.6345229],
		[255.6403832,158.6345229],
		[255.6403832,255.6403832],
		[255.6403832,340.5205109],
		[207.137453,134.3830579],
		[207.137453,61.62866266]
	],
	"score": 1.190381956
}
