{
	"point": [
		[170.7602554,522.4064989],
		[170.7602554,401.1491736],
		[158.6345229,279.8918482],
		[219.2631856,255.6403832],
		[219.2631856,401.1491736],
		[195.0117205,558.7836965],
		[122.2573253,316.2690458],
		[122.2573253,207.137453],
		[122.2573253,122.2573253],
		[219.2631856,110.1315928],
		[231.3889181,195.0117205],
		[255.6403832,267.7661157],
		[170.7602554,85.88012772],
		[170.7602554,25.25146506]
	],
	"score": 1.845514995
}
