{
	"point": [
		[143.9564218,546.8336104],
		[130.9603834,403.8771886],
		[104.9683067,273.9168052],
		[182.9445368,286.9128435],
		[182.9445368,429.8692653],
		[169.9484984,546.8336104],
		[91.97226839,299.9088819],
		[104.9683067,208.9366135],
		[104.9683067,117.9643451],
		[208.9366135,117.9643451],
		[221.9326518,195.9405751],
		[221.9326518,299.9088819],
		[156.9524601,91.97226839],
		[156.9524601,26.99207668]
	],
	"score": 1.359091759
}
