{
	"point": [
		[42.78642704,530.2947425],
		[70.64404506,404.9354614],
		[84.57285408,293.5049893],
		[140.2880901,293.5049893],
		[126.3592811,418.8642704],
		[112.4304721,544.2235515],
		[70.64404506,237.7897532],
		[70.64404506,168.1457082],
		[70.64404506,126.3592811],
		[168.1457082,126.3592811],
		[154.2168991,223.8609442],
		[140.2880901,321.3626073],
		[126.3592811,98.50166309],
		[126.3592811,28.85761803]
	],
	"score": 1.119996048
}
