{
	"point": [
		[169.9484984,481.8534186],
		[169.9484984,377.8851119],
		[169.9484984,260.9207668],
		[221.9326518,286.9128435],
		[234.9286902,429.8692653],
		[247.9247285,546.8336104],
		[143.9564218,325.9009585],
		[143.9564218,221.9326518],
		[143.9564218,130.9603834],
		[247.9247285,130.9603834],
		[247.9247285,221.9326518],
		[247.9247285,312.9049202],
		[195.9405751,104.9683067],
		[195.9405751,26.99207668]
	],
	"score": 1.200377692
}
