{
	"point": [
		[209.9321352,544.2235515],
		[196.0033262,418.8642704],
		[196.0033262,293.5049893],
		[251.7185622,265.6473712],
		[237.7897532,432.7930794],
		[237.7897532,558.1523605],
		[112.4304721,251.7185622],
		[84.57285408,196.0033262],
		[140.2880901,126.3592811],
		[265.6473712,126.3592811],
		[279.5761803,223.8609442],
		[307.4337983,307.4337983],
		[196.0033262,112.4304721],
		[196.0033262,28.85761803]
	],
	"score": 1.375130276
}
