{
	"point": [
		[182.9445368,455.861342],
		[195.9405751,364.8890736],
		[195.9405751,234.9286902],
		[273.9168052,234.9286902],
		[273.9168052,351.8930352],
		[260.9207668,455.861342],
		[169.9484984,286.9128435],
		[182.9445368,195.9405751],
		[182.9445368,104.9683067],
		[286.9128435,104.9683067],
		[299.9088819,195.9405751],
		[299.9088819,286.9128435],
		[234.9286902,78.97623005],
		[234.9286902,13.99603834]
	],
	"score": 1.145796704
}
