{
	"point": [
		[135.3567508,508.5699474],
		[120.4282229,389.1417245],
		[105.4996951,254.7849737],
		[180.1423344,284.6420294],
		[165.2138065,404.0702523],
		[135.3567508,553.355531],
		[75.64263932,314.4990852],
		[90.57116719,224.927918],
		[90.57116719,120.4282229],
		[195.0708622,120.4282229],
		[195.0708622,209.9993901],
		[209.9993901,299.5705573],
		[135.3567508,90.57116719],
		[135.3567508,30.85705573]
	],
	"score": 1.016090581
}
