{
	"point": [
		[182.0745172,502.4371245],
		[168.1457082,404.9354614],
		[168.1457082,293.5049893],
		[209.9321352,237.7897532],
		[209.9321352,363.1490343],
		[196.0033262,502.4371245],
		[126.3592811,251.7185622],
		[98.50166309,196.0033262],
		[140.2880901,140.2880901],
		[237.7897532,126.3592811],
		[251.7185622,223.8609442],
		[251.7185622,307.4337983],
		[182.0745172,112.4304721],
		[182.0745172,42.78642704]
	],
	"score": 1.329580363
}
