{
	"point": [
		[84.57285408,558.1523605],
		[126.3592811,418.8642704],
		[126.3592811,251.7185622],
		[182.0745172,293.5049893],
		[182.0745172,418.8642704],
		[182.0745172,544.2235515],
		[140.2880901,293.5049893],
		[112.4304721,196.0033262],
		[98.50166309,112.4304721],
		[196.0033262,112.4304721],
		[196.0033262,196.0033262],
		[209.9321352,307.4337983],
		[140.2880901,84.57285408],
		[140.2880901,28.85761803]
	],
	"score": 1.041396416
}
