{
	"point": [
		[134.3830579,510.2807663],
		[146.5087904,389.023441],
		[146.5087904,279.8918482],
		[207.137453,279.8918482],
		[207.137453,389.023441],
		[219.2631856,510.2807663],
		[122.2573253,207.137453],
		[98.00586026,146.5087904],
		[146.5087904,122.2573253],
		[231.3889181,122.2573253],
		[231.3889181,182.885988],
		[231.3889181,267.7661157],
		[195.0117205,110.1315928],
		[195.0117205,37.3771976]
	],
	"score": 1.194338188
}
