{
	"point": [
		[182.0745172,558.1523605],
		[168.1457082,432.7930794],
		[154.2168991,293.5049893],
		[223.8609442,279.5761803],
		[223.8609442,418.8642704],
		[209.9321352,558.1523605],
		[140.2880901,237.7897532],
		[84.57285408,182.0745172],
		[140.2880901,126.3592811],
		[251.7185622,112.4304721],
		[307.4337983,182.0745172],
		[251.7185622,237.7897532],
		[196.0033262,98.50166309],
		[196.0033262,14.92880901]
	],
	"score": 1.321326678
}
