{
	"point": [
		[195.0708622,538.4270031],
		[180.1423344,404.0702523],
		[165.2138065,254.7849737],
		[209.9993901,239.8564458],
		[195.0708622,418.9987802],
		[195.0708622,553.355531],
		[120.4282229,314.4990852],
		[135.3567508,209.9993901],
		[150.2852786,105.4996951],
		[254.7849737,120.4282229],
		[254.7849737,224.927918],
		[254.7849737,344.3561409],
		[209.9993901,90.57116719],
		[209.9993901,15.92852786]
	],
	"score": 1.046576898
}
