{
	"point": [
		[195.9405751,533.837572],
		[169.9484984,403.8771886],
		[169.9484984,247.9247285],
		[234.9286902,260.9207668],
		[234.9286902,390.8811503],
		[221.9326518,533.837572],
		[143.9564218,286.9128435],
		[156.9524601,182.9445368],
		[156.9524601,104.9683067],
		[260.9207668,117.9643451],
		[286.9128435,182.9445368],
		[247.9247285,221.9326518],
		[208.9366135,91.97226839],
		[195.9405751,26.99207668]
	],
	"score": 1.624455042
}
