{
	"point": [
		[130.9603834,520.8415337],
		[117.9643451,416.8732269],
		[104.9683067,273.9168052],
		[195.9405751,286.9128435],
		[195.9405751,390.8811503],
		[182.9445368,494.849457],
		[104.9683067,221.9326518],
		[104.9683067,156.9524601],
		[104.9683067,117.9643451],
		[208.9366135,104.9683067],
		[208.9366135,143.9564218],
		[208.9366135,234.9286902],
		[156.9524601,91.97226839],
		[156.9524601,26.99207668]
	],
	"score": 1.030393709
}
