{
	"point": [
		[135.3567508,523.4984753],
		[120.4282229,404.0702523],
		[105.4996951,239.8564458],
		[165.2138065,269.7135016],
		[150.2852786,418.9987802],
		[135.3567508,553.355531],
		[75.64263932,299.5705573],
		[90.57116719,209.9993901],
		[90.57116719,105.4996951],
		[195.0708622,105.4996951],
		[209.9993901,195.0708622],
		[195.0708622,314.4990852],
		[135.3567508,90.57116719],
		[135.3567508,15.92852786]
	],
	"score": 1.439959478
}
