{
	"point": [
		[196.0033262,558.1523605],
		[168.1457082,432.7930794],
		[168.1457082,265.6473712],
		[223.8609442,307.4337983],
		[223.8609442,460.6506974],
		[209.9321352,572.0811695],
		[140.2880901,321.3626073],
		[140.2880901,209.9321352],
		[140.2880901,126.3592811],
		[251.7185622,126.3592811],
		[279.5761803,209.9321352],
		[237.7897532,251.7185622],
		[196.0033262,98.50166309],
		[196.0033262,28.85761803]
	],
	"score": 1.057919026
}
