{
	"point": [
		[182.885988,546.6579639],
		[170.7602554,401.1491736],
		[158.6345229,279.8918482],
		[219.2631856,255.6403832],
		[219.2631856,401.1491736],
		[231.3889181,546.6579639],
		[146.5087904,255.6403832],
		[146.5087904,182.885988],
		[158.6345229,110.1315928],
		[243.5146506,110.1315928],
		[243.5146506,158.6345229],
		[279.8918482,134.3830579],
		[195.0117205,85.88012772],
		[195.0117205,25.25146506]
	],
	"score": 1.035893873
}
