{
	"point": [
		[196.0033262,544.2235515],
		[168.1457082,391.0066524],
		[168.1457082,265.6473712],
		[223.8609442,251.7185622],
		[209.9321352,404.9354614],
		[209.9321352,544.2235515],
		[126.3592811,293.5049893],
		[140.2880901,209.9321352],
		[154.2168991,126.3592811],
		[251.7185622,112.4304721],
		[279.5761803,196.0033262],
		[237.7897532,237.7897532],
		[209.9321352,98.50166309],
		[209.9321352,28.85761803]
	],
	"score": 1.598308063
}
