{
	"point": [
		[130.9603834,546.8336104],
		[117.9643451,403.8771886],
		[117.9643451,260.9207668],
		[169.9484984,260.9207668],
		[169.9484984,416.8732269],
		[169.9484984,559.8296487],
		[104.9683067,247.9247285],
		[104.9683067,169.9484984],
		[104.9683067,117.9643451],
		[208.9366135,104.9683067],
		[221.9326518,182.9445368],
		[182.9445368,221.9326518],
		[156.9524601,91.97226839],
		[156.9524601,26.99207668]
	],
	"score": 1.378609983
}
