{
	"point": [
		[223.8609442,558.1523605],
		[209.9321352,418.8642704],
		[196.0033262,251.7185622],
		[265.6473712,265.6473712],
		[251.7185622,418.8642704],
		[223.8609442,558.1523605],
		[168.1457082,293.5049893],
		[182.0745172,209.9321352],
		[182.0745172,112.4304721],
		[293.5049893,84.57285408],
		[307.4337983,168.1457082],
		[279.5761803,209.9321352],
		[237.7897532,84.57285408],
		[237.7897532,14.92880901]
	],
	"score": 1.228364701
}
