{
	"point": [
		[195.0708622,538.4270031],
		[165.2138065,389.1417245],
		[165.2138065,269.7135016],
		[224.927918,284.6420294],
		[224.927918,433.9273081],
		[209.9993901,538.4270031],
		[150.2852786,299.5705573],
		[135.3567508,195.0708622],
		[150.2852786,105.4996951],
		[254.7849737,105.4996951],
		[254.7849737,195.0708622],
		[254.7849737,299.5705573],
		[209.9993901,90.57116719],
		[209.9993901,30.85705573]
	],
	"score": 1.280567776
}
