{
	"point": [
		[231.3889181,534.5322314],
		[219.2631856,401.1491736],
		[207.137453,267.7661157],
		[267.7661157,292.0175808],
		[267.7661157,413.2749061],
		[255.6403832,558.7836965],
		[182.885988,255.6403832],
		[170.7602554,170.7602554],
		[182.885988,110.1315928],
		[279.8918482,122.2573253],
		[279.8918482,170.7602554],
		[279.8918482,182.885988],
		[231.3889181,85.88012772],
		[231.3889181,25.25146506]
	],
	"score": 1.236394288
}
