{
	"point": [
		[182.885988,534.5322314],
		[170.7602554,401.1491736],
		[170.7602554,267.7661157],
		[231.3889181,279.8918482],
		[219.2631856,413.2749061],
		[207.137453,534.5322314],
		[134.3830579,292.0175808],
		[134.3830579,207.137453],
		[146.5087904,122.2573253],
		[243.5146506,122.2573253],
		[279.8918482,195.0117205],
		[243.5146506,243.5146506],
		[195.0117205,98.00586026],
		[195.0117205,25.25146506]
	],
	"score": 1.741615539
}
