{
	"point": [
		[182.0745172,530.2947425],
		[168.1457082,404.9354614],
		[154.2168991,251.7185622],
		[209.9321352,279.5761803],
		[209.9321352,404.9354614],
		[182.0745172,530.2947425],
		[126.3592811,321.3626073],
		[140.2880901,209.9321352],
		[140.2880901,112.4304721],
		[251.7185622,112.4304721],
		[251.7185622,168.1457082],
		[251.7185622,251.7185622],
		[196.0033262,84.57285408],
		[182.0745172,28.85761803]
	],
	"score": 1.293243587
}
