{
	"point": [
		[158.6345229,522.4064989],
		[158.6345229,389.023441],
		[158.6345229,255.6403832],
		[207.137453,267.7661157],
		[207.137453,401.1491736],
		[231.3889181,522.4064989],
		[122.2573253,304.1433133],
		[134.3830579,207.137453],
		[134.3830579,122.2573253],
		[231.3889181,110.1315928],
		[231.3889181,195.0117205],
		[255.6403832,304.1433133],
		[182.885988,98.00586026],
		[182.885988,25.25146506]
	],
	"score": 1.222601093
}
