{
	"point": [
		[105.4996951,553.355531],
		[105.4996951,404.0702523],
		[135.3567508,284.6420294],
		[195.0708622,269.7135016],
		[180.1423344,404.0702523],
		[180.1423344,538.4270031],
		[90.57116719,314.4990852],
		[90.57116719,209.9993901],
		[120.4282229,120.4282229],
		[224.927918,120.4282229],
		[224.927918,224.927918],
		[224.927918,314.4990852],
		[165.2138065,90.57116719],
		[165.2138065,15.92852786]
	],
	"score": 1.217395788
}
