{
	"point": [
		[140.2880901,544.2235515],
		[126.3592811,391.0066524],
		[112.4304721,265.6473712],
		[196.0033262,265.6473712],
		[168.1457082,404.9354614],
		[168.1457082,530.2947425],
		[70.64404506,307.4337983],
		[84.57285408,223.8609442],
		[112.4304721,112.4304721],
		[223.8609442,112.4304721],
		[237.7897532,209.9321352],
		[237.7897532,307.4337983],
		[168.1457082,98.50166309],
		[168.1457082,28.85761803]
	],
	"score": 1.232799283
}
