{
	"point": {
		"_ArrayType_": "double",
		"_ArraySize_": [14,2,2],
		"_ArrayData_": [177,145,129,209,193,193,129,97,129,257,241,241,193,193,561,433,305,305,433,577,273,209,145,161,273,385,145,49,395.4126342,395.4126342,395.4126342,464.0061358,464.0061358,446.8577604,361.1158834,395.4126342,395.4126342,515.451262,515.451262,481.1545112,446.8577604,481.1545112,584.0447636,446.8577604,309.6707572,241.0772556,395.4126342,532.5996374,275.3740064,206.7805048,138.1870032,69.5935016,155.3353786,258.225631,103.8902524,52.4451262]
	},
	"score": [1.281424132,0.2181309998]
}
