{
	"point": [
		[182.885988,534.5322314],
		[170.7602554,401.1491736],
		[158.6345229,279.8918482],
		[219.2631856,304.1433133],
		[219.2631856,425.4006386],
		[182.885988,534.5322314],
		[122.2573253,316.2690458],
		[110.1315928,231.3889181],
		[146.5087904,146.5087904],
		[243.5146506,134.3830579],
		[255.6403832,231.3889181],
		[243.5146506,328.3947784],
		[195.0117205,122.2573253],
		[195.0117205,61.62866266]
	],
	"score": 1.33862641
}
