{
	"point": [
		[157.2229763,533.9960367],
		[138.8438026,451.2897552],
		[138.8438026,368.5834736],
		[175.60215,368.5834736],
		[175.60215,460.479342],
		[166.4125631,561.5647972],
		[148.0333894,239.9292578],
		[138.8438026,295.0667789],
		[138.8438026,249.1188447],
		[212.3604973,258.3084315],
		[203.1709105,322.6355394],
		[203.1709105,396.1522341],
		[175.60215,239.9292578],
		[175.60215,184.7917368]
	],
	"score": 1.446869663
}
