{
	"point": [
		[193.3330445,532.7442995],
		[182.019336,396.9797975],
		[182.019336,261.2152955],
		[215.9604615,272.529004],
		[215.9604615,396.9797975],
		[204.646753,532.7442995],
		[136.764502,249.901587],
		[148.0782105,182.019336],
		[159.391919,114.137085],
		[249.901587,125.4507935],
		[261.2152955,204.646753],
		[272.529004,295.156421],
		[204.646753,91.50966799],
		[204.646753,34.9411255]
	],
	"score": 1.487308206
}
