{
	"point": [
		[112.4304721,558.1523605],
		[112.4304721,418.8642704],
		[112.4304721,279.5761803],
		[168.1457082,279.5761803],
		[168.1457082,418.8642704],
		[154.2168991,558.1523605],
		[84.57285408,321.3626073],
		[84.57285408,209.9321352],
		[84.57285408,112.4304721],
		[196.0033262,112.4304721],
		[251.7185622,196.0033262],
		[209.9321352,251.7185622],
		[140.2880901,98.50166309],
		[140.2880901,28.85761803]
	],
	"score": 1.335760476
}
