{
	"point": [
		[165.2138065,508.5699474],
		[150.2852786,374.2131966],
		[150.2852786,254.7849737],
		[209.9993901,254.7849737],
		[209.9993901,389.1417245],
		[195.0708622,508.5699474],
		[120.4282229,299.5705573],
		[135.3567508,209.9993901],
		[135.3567508,120.4282229],
		[224.927918,120.4282229],
		[239.8564458,209.9993901],
		[239.8564458,299.5705573],
		[180.1423344,105.4996951],
		[180.1423344,30.85705573]
	],
	"score": 1.898597628
}
