{
	"point": [
		[224.927918,568.2840589],
		[195.0708622,433.9273081],
		[135.3567508,284.6420294],
		[195.0708622,269.7135016],
		[195.0708622,448.8558359],
		[224.927918,568.2840589],
		[150.2852786,299.5705573],
		[120.4282229,209.9993901],
		[120.4282229,120.4282229],
		[224.927918,120.4282229],
		[269.7135016,180.1423344],
		[209.9993901,239.8564458],
		[165.2138065,105.4996951],
		[165.2138065,30.85705573]
	],
	"score": 1.007043349
}
