{
	"point": [
		[182.885988,522.4064989],
		[182.885988,413.2749061],
		[182.885988,304.1433133],
		[243.5146506,292.0175808],
		[231.3889181,413.2749061],
		[219.2631856,522.4064989],
		[158.6345229,279.8918482],
		[158.6345229,219.2631856],
		[158.6345229,146.5087904],
		[255.6403832,146.5087904],
		[255.6403832,231.3889181],
		[267.7661157,316.2690458],
		[207.137453,122.2573253],
		[207.137453,61.62866266]
	],
	"score": 1.446997652
}
