{
	"point": [
		[91.97226839,546.8336104],
		[78.97623005,403.8771886],
		[65.98019171,247.9247285],
		[117.9643451,260.9207668],
		[104.9683067,403.8771886],
		[91.97226839,546.8336104],
		[52.98415337,286.9128435],
		[52.98415337,195.9405751],
		[52.98415337,104.9683067],
		[143.9564218,104.9683067],
		[130.9603834,156.9524601],
		[130.9603834,65.98019171],
		[91.97226839,91.97226839],
		[91.97226839,26.99207668]
	],
	"score": 1.000893132
}
