{
	"point": [
		[182.0745172,502.4371245],
		[182.0745172,404.9354614],
		[182.0745172,265.6473712],
		[237.7897532,265.6473712],
		[223.8609442,404.9354614],
		[223.8609442,558.1523605],
		[168.1457082,279.5761803],
		[154.2168991,182.0745172],
		[168.1457082,98.50166309],
		[279.5761803,98.50166309],
		[265.6473712,196.0033262],
		[279.5761803,293.5049893],
		[237.7897532,84.57285408],
		[237.7897532,14.92880901]
	],
	"score": 1.208685119
}
