{
	"point": [
		[130.9603834,546.8336104],
		[130.9603834,403.8771886],
		[117.9643451,273.9168052],
		[182.9445368,286.9128435],
		[182.9445368,403.8771886],
		[156.9524601,546.8336104],
		[91.97226839,325.9009585],
		[91.97226839,221.9326518],
		[104.9683067,117.9643451],
		[195.9405751,117.9643451],
		[208.9366135,195.9405751],
		[208.9366135,260.9207668],
		[143.9564218,91.97226839],
		[143.9564218,26.99207668]
	],
	"score": 1.262497309
}
