{
	"point": [
		[182.0745172,544.2235515],
		[182.0745172,418.8642704],
		[154.2168991,251.7185622],
		[223.8609442,279.5761803],
		[223.8609442,404.9354614],
		[209.9321352,544.2235515],
		[154.2168991,84.57285408],
		[126.3592811,182.0745172],
		[140.2880901,112.4304721],
		[251.7185622,126.3592811],
		[293.5049893,223.8609442],
		[251.7185622,265.6473712],
		[196.0033262,98.50166309],
		[196.0033262,28.85761803]
	],
	"score": 1.049705925
}
