{
	"point": [
		[195.9405751,507.8454953],
		[169.9484984,390.8811503],
		[169.9484984,286.9128435],
		[195.9405751,273.9168052],
		[195.9405751,390.8811503],
		[169.9484984,507.8454953],
		[143.9564218,325.9009585],
		[130.9603834,221.9326518],
		[130.9603834,130.9603834],
		[234.9286902,117.9643451],
		[234.9286902,182.9445368],
		[208.9366135,91.97226839],
		[182.9445368,104.9683067],
		[182.9445368,39.98811503]
	],
	"score": 1.728479726
}
