{
	"point": [
		[154.2168991,502.4371245],
		[112.4304721,363.1490343],
		[112.4304721,251.7185622],
		[168.1457082,279.5761803],
		[154.2168991,404.9354614],
		[140.2880901,558.1523605],
		[84.57285408,307.4337983],
		[84.57285408,209.9321352],
		[98.50166309,126.3592811],
		[196.0033262,126.3592811],
		[209.9321352,209.9321352],
		[196.0033262,293.5049893],
		[154.2168991,98.50166309],
		[154.2168991,28.85761803]
	],
	"score": 1.001231659
}
