{
	"point": [
		[223.8609442,516.3659335],
		[182.0745172,391.0066524],
		[154.2168991,237.7897532],
		[209.9321352,251.7185622],
		[209.9321352,404.9354614],
		[196.0033262,544.2235515],
		[112.4304721,293.5049893],
		[140.2880901,209.9321352],
		[140.2880901,112.4304721],
		[251.7185622,126.3592811],
		[293.5049893,196.0033262],
		[223.8609442,237.7897532],
		[196.0033262,98.50166309],
		[196.0033262,28.85761803]
	],
	"score": 1.022802879
}
