{
	"point": [
		[275.4576454,592.139544],
		[148.784886,571.0274175],
		[127.6727594,423.2425314],
		[233.2333923,423.2425314],
		[233.2333923,571.0274175],
		[85.44850629,571.0274175],
		[85.44850629,528.8031643],
		[85.44850629,359.9061517],
		[106.5606329,191.0091392],
		[275.4576454,212.1212657],
		[275.4576454,359.9061517],
		[275.4576454,528.8031643],
		[191.0091392,169.8970126],
		[191.0091392,43.22425314]
	],
	"score": 1.353658962
}
