{
	"point": {
		"_ArrayType_": "double",
		"_ArraySize_": [14,2,2],
		"_ArrayData_": [312.9049202,299.9088819,273.9168052,338.8969969,338.8969969,325.9009585,286.9128435,221.9326518,260.9207668,351.8930352,351.8930352,351.8930352,312.9049202,325.9009585,546.8336104,429.8692653,286.9128435,299.9088819,416.8732269,546.8336104,39.98811503,52.98415337,117.9643451,130.9603834,208.9366135,286.9128435,104.9683067,26.99207668,98.00586026,73.75439519,73.75439519,122.2573253,122.2573253,61.62866266,49.50293013,49.50293013,49.50293013,146.5087904,158.6345229,158.6345229,110.1315928,122.2573253,534.5322314,401.1491736,292.0175808,292.0175808,413.2749061,522.4064989,279.8918482,207.137453,134.3830579,122.2573253,207.137453,304.1433133,98.00586026,37.3771976]
	},
	"score": [0.9111384485,0.2025821418]
}
