{
	"point": [
		[49.50293013,558.7836965],
		[49.50293013,425.4006386],
		[49.50293013,279.8918482],
		[98.00586026,292.0175808],
		[98.00586026,413.2749061],
		[73.75439519,558.7836965],
		[13.12573253,279.8918482],
		[37.3771976,219.2631856],
		[37.3771976,122.2573253],
		[110.1315928,122.2573253],
		[98.00586026,207.137453],
		[98.00586026,134.3830579],
		[73.75439519,98.00586026],
		[73.75439519,25.25146506]
	],
	"score": 1.011018279
}
