{
	"point": [
		[209.9993901,538.4270031],
		[195.0708622,404.0702523],
		[195.0708622,254.7849737],
		[254.7849737,239.8564458],
		[254.7849737,404.0702523],
		[254.7849737,538.4270031],
		[150.2852786,314.4990852],
		[165.2138065,195.0708622],
		[180.1423344,120.4282229],
		[284.6420294,105.4996951],
		[284.6420294,180.1423344],
		[284.6420294,299.5705573],
		[224.927918,90.57116719],
		[224.927918,15.92852786]
	],
	"score": 1.72868258
}
