{
	"point": [
		[154.2168991,544.2235515],
		[126.3592811,418.8642704],
		[112.4304721,293.5049893],
		[168.1457082,279.5761803],
		[154.2168991,418.8642704],
		[168.1457082,544.2235515],
		[84.57285408,307.4337983],
		[84.57285408,223.8609442],
		[98.50166309,126.3592811],
		[196.0033262,112.4304721],
		[196.0033262,196.0033262],
		[209.9321352,293.5049893],
		[154.2168991,98.50166309],
		[154.2168991,28.85761803]
	],
	"score": 1.489983238
}
