{
	"point": [
		[209.9321352,544.2235515],
		[182.0745172,404.9354614],
		[154.2168991,265.6473712],
		[237.7897532,237.7897532],
		[223.8609442,391.0066524],
		[209.9321352,530.2947425],
		[126.3592811,237.7897532],
		[112.4304721,182.0745172],
		[140.2880901,98.50166309],
		[251.7185622,98.50166309],
		[251.7185622,168.1457082],
		[265.6473712,237.7897532],
		[196.0033262,84.57285408],
		[196.0033262,14.92880901]
	],
	"score": 1.103969946
}
