{
	"point": [
		[196.0033262,530.2947425],
		[182.0745172,404.9354614],
		[182.0745172,265.6473712],
		[237.7897532,279.5761803],
		[223.8609442,404.9354614],
		[209.9321352,530.2947425],
		[168.1457082,140.2880901],
		[140.2880901,209.9321352],
		[168.1457082,140.2880901],
		[265.6473712,140.2880901],
		[321.3626073,209.9321352],
		[265.6473712,237.7897532],
		[209.9321352,126.3592811],
		[223.8609442,42.78642704]
	],
	"score": 1.332972117
}
