{
	"point": [
		[182.9445368,546.8336104],
		[182.9445368,416.8732269],
		[182.9445368,299.9088819],
		[234.9286902,286.9128435],
		[221.9326518,416.8732269],
		[208.9366135,546.8336104],
		[143.9564218,273.9168052],
		[156.9524601,208.9366135],
		[182.9445368,143.9564218],
		[273.9168052,143.9564218],
		[286.9128435,208.9366135],
		[260.9207668,312.9049202],
		[234.9286902,130.9603834],
		[234.9286902,39.98811503]
	],
	"score": 1.409460699
}
