{
	"point": [
		[182.0745172,544.2235515],
		[182.0745172,404.9354614],
		[168.1457082,251.7185622],
		[223.8609442,265.6473712],
		[223.8609442,418.8642704],
		[223.8609442,558.1523605],
		[140.2880901,307.4337983],
		[154.2168991,209.9321352],
		[154.2168991,112.4304721],
		[251.7185622,112.4304721],
		[265.6473712,209.9321352],
		[265.6473712,307.4337983],
		[196.0033262,84.57285408],
		[196.0033262,28.85761803]
	],
	"score": 1.242158957
}
