{
	"point": [
		[182.019336,521.430591],
		[170.7056275,408.293506],
		[170.7056275,283.8427125],
		[227.27417,295.156421],
		[227.27417,419.6072145],
		[238.5878785,532.7442995],
		[148.0782105,329.0975465],
		[159.391919,249.901587],
		[159.391919,182.019336],
		[238.5878785,182.019336],
		[249.901587,249.901587],
		[249.901587,329.0975465],
		[193.3330445,159.391919],
		[193.3330445,102.8233765]
	],
	"score": 1.028368407
}
