{
	"point": [
		[182.9445368,533.837572],
		[169.9484984,390.8811503],
		[169.9484984,273.9168052],
		[221.9326518,273.9168052],
		[221.9326518,403.8771886],
		[221.9326518,546.8336104],
		[130.9603834,312.9049202],
		[143.9564218,234.9286902],
		[156.9524601,130.9603834],
		[247.9247285,117.9643451],
		[260.9207668,221.9326518],
		[273.9168052,312.9049202],
		[195.9405751,104.9683067],
		[195.9405751,39.98811503]
	],
	"score": 1.47606346
}
