{
	"point": [
		[135.3567508,553.355531],
		[120.4282229,418.9987802],
		[105.4996951,254.7849737],
		[165.2138065,254.7849737],
		[165.2138065,404.0702523],
		[150.2852786,553.355531],
		[90.57116719,329.427613],
		[90.57116719,209.9993901],
		[90.57116719,120.4282229],
		[180.1423344,120.4282229],
		[195.0708622,224.927918],
		[195.0708622,314.4990852],
		[135.3567508,105.4996951],
		[135.3567508,30.85705573]
	],
	"score": 1.514295296
}
