{
	"point": [
		[196.0033262,544.2235515],
		[182.0745172,404.9354614],
		[168.1457082,279.5761803],
		[223.8609442,279.5761803],
		[223.8609442,418.8642704],
		[209.9321352,544.2235515],
		[140.2880901,321.3626073],
		[140.2880901,223.8609442],
		[154.2168991,126.3592811],
		[251.7185622,112.4304721],
		[251.7185622,209.9321352],
		[265.6473712,307.4337983],
		[196.0033262,98.50166309],
		[196.0033262,28.85761803]
	],
	"score": 1.599457443
}
