{
	"point": [
		[195.9405751,494.849457],
		[182.9445368,390.8811503],
		[182.9445368,273.9168052],
		[221.9326518,260.9207668],
		[208.9366135,390.8811503],
		[195.9405751,520.8415337],
		[156.9524601,312.9049202],
		[156.9524601,234.9286902],
		[156.9524601,143.9564218],
		[260.9207668,143.9564218],
		[299.9088819,195.9405751],
		[247.9247285,247.9247285],
		[208.9366135,130.9603834],
		[208.9366135,65.98019171]
	],
	"score": 1.107606029
}
