{
	"point": [
		[182.019336,498.803174],
		[170.7056275,374.3523805],
		[170.7056275,249.901587],
		[215.9604615,272.529004],
		[215.9604615,385.666089],
		[215.9604615,498.803174],
		[148.0782105,295.156421],
		[148.0782105,204.646753],
		[148.0782105,136.764502],
		[238.5878785,148.0782105],
		[238.5878785,204.646753],
		[272.529004,272.529004],
		[193.3330445,125.4507935],
		[193.3330445,57.56854249]
	],
	"score": 1.346917745
}
