{
	"point": [
		[143.9564218,546.8336104],
		[143.9564218,403.8771886],
		[130.9603834,286.9128435],
		[195.9405751,286.9128435],
		[182.9445368,403.8771886],
		[169.9484984,546.8336104],
		[104.9683067,325.9009585],
		[104.9683067,221.9326518],
		[143.9564218,117.9643451],
		[234.9286902,117.9643451],
		[286.9128435,195.9405751],
		[221.9326518,234.9286902],
		[195.9405751,104.9683067],
		[195.9405751,26.99207668]
	],
	"score": 1.426487316
}
