{
	"point": [
		[219.2631856,546.6579639],
		[207.137453,413.2749061],
		[207.137453,279.8918482],
		[267.7661157,292.0175808],
		[255.6403832,425.4006386],
		[255.6403832,558.7836965],
		[146.5087904,207.137453],
		[146.5087904,195.0117205],
		[182.885988,122.2573253],
		[292.0175808,122.2573253],
		[304.1433133,195.0117205],
		[328.3947784,267.7661157],
		[231.3889181,98.00586026],
		[231.3889181,25.25146506]
	],
	"score": 1.550423056
}
