{
	"point": [
		[112.4304721,530.2947425],
		[84.57285408,418.8642704],
		[84.57285408,279.5761803],
		[140.2880901,279.5761803],
		[140.2880901,418.8642704],
		[140.2880901,544.2235515],
		[56.71523605,293.5049893],
		[70.64404506,196.0033262],
		[70.64404506,112.4304721],
		[182.0745172,126.3592811],
		[182.0745172,223.8609442],
		[196.0033262,335.2914163],
		[126.3592811,98.50166309],
		[126.3592811,28.85761803]
	],
	"score": 1.192853735
}
