{
	"point": [
		[260.9207668,546.8336104],
		[234.9286902,403.8771886],
		[221.9326518,234.9286902],
		[286.9128435,260.9207668],
		[286.9128435,403.8771886],
		[273.9168052,546.8336104],
		[182.9445368,299.9088819],
		[182.9445368,195.9405751],
		[195.9405751,104.9683067],
		[299.9088819,104.9683067],
		[351.8930352,182.9445368],
		[299.9088819,221.9326518],
		[247.9247285,91.97226839],
		[247.9247285,26.99207668]
	],
	"score": 1.31953134
}
