{
	"point": [
		[110.1315928,546.6579639],
		[85.88012772,401.1491736],
		[73.75439519,267.7661157],
		[122.2573253,279.8918482],
		[110.1315928,413.2749061],
		[110.1315928,546.6579639],
		[37.3771976,316.2690458],
		[61.62866266,219.2631856],
		[61.62866266,134.3830579],
		[158.6345229,134.3830579],
		[158.6345229,219.2631856],
		[158.6345229,304.1433133],
		[110.1315928,110.1315928],
		[110.1315928,37.3771976]
	],
	"score": 1.775454738
}
