{
	"point": [
		[209.9993901,538.4270031],
		[195.0708622,404.0702523],
		[180.1423344,254.7849737],
		[239.8564458,269.7135016],
		[239.8564458,418.9987802],
		[239.8564458,538.4270031],
		[150.2852786,314.4990852],
		[150.2852786,209.9993901],
		[165.2138065,120.4282229],
		[269.7135016,105.4996951],
		[314.4990852,165.2138065],
		[254.7849737,224.927918],
		[209.9993901,105.4996951],
		[209.9993901,30.85705573]
	],
	"score": 1.097060426
}
