{
	"point": [
		[279.5761803,544.2235515],
		[251.7185622,391.0066524],
		[265.6473712,251.7185622],
		[335.2914163,293.5049893],
		[321.3626073,418.8642704],
		[307.4337983,544.2235515],
		[237.7897532,321.3626073],
		[251.7185622,209.9321352],
		[251.7185622,112.4304721],
		[349.2202253,112.4304721],
		[363.1490343,196.0033262],
		[377.0778433,279.5761803],
		[293.5049893,98.50166309],
		[293.5049893,28.85761803]
	],
	"score": 1.216354502
}
