{
	"point": [
		[196.0033262,544.2235515],
		[168.1457082,391.0066524],
		[196.0033262,237.7897532],
		[265.6473712,237.7897532],
		[265.6473712,391.0066524],
		[237.7897532,558.1523605],
		[182.0745172,168.1457082],
		[182.0745172,168.1457082],
		[182.0745172,98.50166309],
		[279.5761803,98.50166309],
		[293.5049893,182.0745172],
		[293.5049893,279.5761803],
		[223.8609442,84.57285408],
		[223.8609442,14.92880901]
	],
	"score": 1.116640391
}
