{
	"point": [
		[169.9484984,546.8336104],
		[169.9484984,403.8771886],
		[156.9524601,273.9168052],
		[221.9326518,286.9128435],
		[208.9366135,416.8732269],
		[195.9405751,546.8336104],
		[130.9603834,299.9088819],
		[143.9564218,208.9366135],
		[156.9524601,130.9603834],
		[260.9207668,130.9603834],
		[260.9207668,221.9326518],
		[273.9168052,312.9049202],
		[208.9366135,117.9643451],
		[208.9366135,39.98811503]
	],
	"score": 1.449792189
}
