{
	"point": [
		[117.9643451,546.8336104],
		[117.9643451,416.8732269],
		[104.9683067,286.9128435],
		[169.9484984,247.9247285],
		[169.9484984,403.8771886],
		[156.9524601,546.8336104],
		[65.98019171,312.9049202],
		[91.97226839,208.9366135],
		[91.97226839,117.9643451],
		[195.9405751,130.9603834],
		[208.9366135,208.9366135],
		[208.9366135,286.9128435],
		[143.9564218,91.97226839],
		[143.9564218,26.99207668]
	],
	"score": 1.722052277
}
