{
	"point": [
		[140.2880901,544.2235515],
		[126.3592811,418.8642704],
		[126.3592811,265.6473712],
		[182.0745172,279.5761803],
		[182.0745172,418.8642704],
		[154.2168991,558.1523605],
		[98.50166309,321.3626073],
		[84.57285408,209.9321352],
		[98.50166309,112.4304721],
		[209.9321352,126.3592811],
		[209.9321352,209.9321352],
		[209.9321352,321.3626073],
		[154.2168991,98.50166309],
		[154.2168991,28.85761803]
	],
	"score": 1.729195304
}
