{
	"point": [
		[65.98019171,546.8336104],
		[65.98019171,442.8653036],
		[65.98019171,299.9088819],
		[130.9603834,299.9088819],
		[117.9643451,429.8692653],
		[104.9683067,546.8336104],
		[52.98415337,312.9049202],
		[52.98415337,208.9366135],
		[52.98415337,117.9643451],
		[156.9524601,130.9603834],
		[169.9484984,234.9286902],
		[169.9484984,338.8969969],
		[104.9683067,104.9683067],
		[104.9683067,39.98811503]
	],
	"score": 1.613297779
}
