{
	"point": [
		[170.7602554,522.4064989],
		[158.6345229,376.8977085],
		[158.6345229,243.5146506],
		[219.2631856,255.6403832],
		[219.2631856,376.8977085],
		[219.2631856,498.1550338],
		[134.3830579,292.0175808],
		[146.5087904,195.0117205],
		[146.5087904,110.1315928],
		[243.5146506,110.1315928],
		[243.5146506,182.885988],
		[195.0117205,158.6345229],
		[195.0117205,85.88012772],
		[195.0117205,25.25146506]
	],
	"score": 1.345094272
}
