{
	"point": {
		"_ArrayType_": "double",
		"_ArraySize_": [14,2,4],
		"_ArrayData_": [207.137453,207.137453,207.137453,255.6403832,243.5146506,243.5146506,170.7602554,182.885988,182.885988,267.7661157,292.0175808,292.0175808,231.3889181,231.3889181,486.0293013,364.771976,255.6403832,255.6403832,364.771976,486.0293013,279.8918482,195.0117205,110.1315928,110.1315928,182.885988,255.6403832,98.00586026,25.25146506,104.9683067,91.97226839,78.97623005,117.9643451,104.9683067,104.9683067,52.98415337,65.98019171,65.98019171,130.9603834,117.9643451,91.97226839,91.97226839,91.97226839,468.8573803,338.8969969,221.9326518,247.9247285,364.8890736,481.8534186,286.9128435,195.9405751,117.9643451,104.9683067,182.9445368,247.9247285,91.97226839,26.99207668,363.1490343,349.2202253,349.2202253,391.0066524,391.0066524,391.0066524,321.3626073,321.3626073,335.2914163,418.8642704,418.8642704,432.7930794,377.0778433,363.1490343,488.5083154,363.1490343,251.7185622,237.7897532,349.2202253,488.5083154,279.5761803,209.9321352,112.4304721,112.4304721,196.0033262,279.5761803,98.50166309,42.78642704,493.6414195,493.6414195,493.6414195,508.5699474,508.5699474,493.6414195,523.4984753,493.6414195,478.7128917,538.4270031,523.4984753,523.4984753,508.5699474,508.5699474,478.7128917,344.3561409,209.9993901,269.7135016,344.3561409,478.7128917,269.7135016,195.0708622,105.4996951,120.4282229,209.9993901,284.6420294,90.57116719,30.85705573]
	},
	"score": [1.297695325,0.3770646691,0.3204774885,0.007539291861]
}
