{
	"point": [
		[227.27417,532.7442995],
		[204.646753,396.9797975],
		[193.3330445,261.2152955],
		[261.2152955,261.2152955],
		[261.2152955,396.9797975],
		[261.2152955,521.430591],
		[170.7056275,238.5878785],
		[148.0782105,193.3330445],
		[204.646753,136.764502],
		[272.529004,136.764502],
		[329.0975465,204.646753],
		[283.8427125,227.27417],
		[238.5878785,114.137085],
		[238.5878785,34.9411255]
	],
	"score": 1.121174659
}
