{
	"point": [
		[182.0745172,530.2947425],
		[182.0745172,404.9354614],
		[168.1457082,279.5761803],
		[237.7897532,265.6473712],
		[223.8609442,404.9354614],
		[209.9321352,544.2235515],
		[140.2880901,237.7897532],
		[112.4304721,182.0745172],
		[154.2168991,126.3592811],
		[251.7185622,126.3592811],
		[265.6473712,223.8609442],
		[279.5761803,321.3626073],
		[209.9321352,98.50166309],
		[209.9321352,28.85761803]
	],
	"score": 1.086453304
}
