{
	"point": [
		[156.9524601,546.8336104],
		[169.9484984,429.8692653],
		[182.9445368,286.9128435],
		[260.9207668,286.9128435],
		[247.9247285,416.8732269],
		[234.9286902,533.837572],
		[143.9564218,286.9128435],
		[156.9524601,208.9366135],
		[169.9484984,130.9603834],
		[273.9168052,130.9603834],
		[325.9009585,208.9366135],
		[273.9168052,260.9207668],
		[221.9326518,117.9643451],
		[221.9326518,39.98811503]
	],
	"score": 1.552314933
}
