{
	"point": {
		"_ArrayType_": "double",
		"_ArraySize_": [14,2,2],
		"_ArrayData_": [295.156421,136.764502,159.391919,249.901587,317.783838,136.764502,91.50966799,114.137085,114.137085,295.156421,317.783838,295.156421,182.019336,159.391919,634.5676759,589.3128419,363.038672,363.038672,521.430591,521.430591,476.175757,317.783838,159.391919,159.391919,272.529004,453.54834,136.764502,46.254834,102.8233765,125.4507935,125.4507935,125.4507935,125.4507935,102.8233765,102.8233765,102.8233765,102.8233765,159.391919,159.391919,148.0782105,136.764502,148.0782105,396.9797975,295.156421,204.646753,261.2152955,317.783838,419.6072145,227.27417,159.391919,102.8233765,136.764502,204.646753,283.8427125,102.8233765,34.9411255]
	},
	"score": [0.07992414888,-0.02421530198]
}
