{
	"point": [
		[114.137085,510.1168825],
		[148.0782105,385.666089],
		[159.391919,261.2152955],
		[227.27417,249.901587],
		[227.27417,374.3523805],
		[215.9604615,498.803174],
		[136.764502,227.27417],
		[136.764502,182.019336],
		[136.764502,114.137085],
		[227.27417,114.137085],
		[272.529004,170.7056275],
		[227.27417,215.9604615],
		[182.019336,102.8233765],
		[182.019336,34.9411255]
	],
	"score": 1.814612263
}
