{
	"point": {
		"_ArrayType_": "double",
		"_ArraySize_": [14,2,3],
		"_ArrayData_": [328.2379619,317.6818986,317.6818986,349.3500884,349.3500884,328.2379619,286.0137087,296.569772,307.1258353,370.462215,370.462215,359.9061517,338.7940252,338.7940252,507.6910377,391.5743416,296.569772,296.569772,391.5743416,507.6910377,328.2379619,243.7894556,159.3409493,159.3409493,222.677329,264.9015822,138.2288227,85.44850629,43.22425314,43.22425314,43.22425314,85.44850629,85.44850629,64.33637972,43.22425314,22.11212657,22.11212657,106.5606329,106.5606329,106.5606329,64.33637972,74.892443,507.6910377,402.1304049,307.1258353,296.569772,402.1304049,507.6910377,117.1166961,169.8970126,159.3409493,159.3409493,233.2333923,307.1258353,148.784886,96.00456958,191.0091392,191.0091392,180.4530759,212.1212657,233.2333923,212.1212657,191.0091392,191.0091392,201.5652024,243.7894556,243.7894556,254.3455189,233.2333923,233.2333923,518.247101,402.1304049,286.0137087,296.569772,391.5743416,486.5789112,233.2333923,191.0091392,148.784886,159.3409493,222.677329,296.569772,138.2288227,85.44850629]
	},
	"score": [0.7789447223,0.6948939003,0.3937886302]
}
