{
	"point": [
		[130.9603834,546.8336104],
		[130.9603834,416.8732269],
		[117.9643451,247.9247285],
		[182.9445368,260.9207668],
		[169.9484984,403.8771886],
		[156.9524601,546.8336104],
		[104.9683067,299.9088819],
		[91.97226839,195.9405751],
		[104.9683067,104.9683067],
		[208.9366135,117.9643451],
		[221.9326518,182.9445368],
		[195.9405751,221.9326518],
		[156.9524601,91.97226839],
		[156.9524601,13.99603834]
	],
	"score": 1.213203066
}
