{
	"point": [
		[140.2880901,544.2235515],
		[140.2880901,418.8642704],
		[140.2880901,279.5761803],
		[196.0033262,293.5049893],
		[182.0745172,418.8642704],
		[168.1457082,558.1523605],
		[98.50166309,154.2168991],
		[84.57285408,168.1457082],
		[98.50166309,112.4304721],
		[209.9321352,126.3592811],
		[223.8609442,223.8609442],
		[223.8609442,321.3626073],
		[154.2168991,98.50166309],
		[154.2168991,28.85761803]
	],
	"score": 1.101392222
}
