{
	"point": [
		[154.2168991,558.1523605],
		[126.3592811,418.8642704],
		[112.4304721,265.6473712],
		[168.1457082,279.5761803],
		[154.2168991,418.8642704],
		[168.1457082,558.1523605],
		[84.57285408,307.4337983],
		[98.50166309,209.9321352],
		[98.50166309,112.4304721],
		[209.9321352,112.4304721],
		[209.9321352,209.9321352],
		[209.9321352,293.5049893],
		[140.2880901,98.50166309],
		[140.2880901,28.85761803]
	],
	"score": 1.45215537
}
