{
	"point": [
		[286.9128435,520.8415337],
		[273.9168052,390.8811503],
		[273.9168052,247.9247285],
		[338.8969969,273.9168052],
		[325.9009585,403.8771886],
		[312.9049202,533.837572],
		[247.9247285,273.9168052],
		[247.9247285,195.9405751],
		[260.9207668,117.9643451],
		[364.8890736,130.9603834],
		[403.8771886,195.9405751],
		[351.8930352,221.9326518],
		[312.9049202,104.9683067],
		[312.9049202,39.98811503]
	],
	"score": 2.337923767
}
