{
	"point": [
		[208.9366135,546.8336104],
		[195.9405751,416.8732269],
		[195.9405751,286.9128435],
		[273.9168052,299.9088819],
		[286.9128435,429.8692653],
		[299.9088819,559.8296487],
		[169.9484984,221.9326518],
		[130.9603834,169.9484984],
		[182.9445368,117.9643451],
		[286.9128435,117.9643451],
		[286.9128435,208.9366135],
		[286.9128435,286.9128435],
		[234.9286902,91.97226839],
		[234.9286902,26.99207668]
	],
	"score": 1.064681121
}
