{
	"point": [
		[182.885988,510.2807663],
		[170.7602554,376.8977085],
		[158.6345229,255.6403832],
		[207.137453,267.7661157],
		[207.137453,389.023441],
		[195.0117205,510.2807663],
		[134.3830579,231.3889181],
		[98.00586026,182.885988],
		[134.3830579,134.3830579],
		[231.3889181,122.2573253],
		[243.5146506,195.0117205],
		[279.8918482,267.7661157],
		[182.885988,110.1315928],
		[182.885988,37.3771976]
	],
	"score": 2.279119175
}
