{
	"point": [
		[140.2880901,558.1523605],
		[126.3592811,432.7930794],
		[126.3592811,265.6473712],
		[182.0745172,279.5761803],
		[168.1457082,432.7930794],
		[154.2168991,558.1523605],
		[84.57285408,279.5761803],
		[98.50166309,196.0033262],
		[112.4304721,98.50166309],
		[209.9321352,112.4304721],
		[265.6473712,196.0033262],
		[209.9321352,251.7185622],
		[168.1457082,84.57285408],
		[168.1457082,14.92880901]
	],
	"score": 1.282563211
}
