{
	"point": [
		[223.8609442,516.3659335],
		[223.8609442,404.9354614],
		[196.0033262,251.7185622],
		[251.7185622,265.6473712],
		[251.7185622,404.9354614],
		[223.8609442,558.1523605],
		[168.1457082,223.8609442],
		[140.2880901,168.1457082],
		[168.1457082,98.50166309],
		[279.5761803,98.50166309],
		[335.2914163,168.1457082],
		[279.5761803,209.9321352],
		[223.8609442,84.57285408],
		[223.8609442,14.92880901]
	],
	"score": 1.030930586
}
