{
	"point": {
		"_ArrayType_": "double",
		"_ArraySize_": [14,2,2],
		"_ArrayData_": [195.0117205,182.885988,170.7602554,219.2631856,195.0117205,207.137453,122.2573253,134.3830579,146.5087904,255.6403832,243.5146506,255.6403832,207.137453,207.137453,425.4006386,352.6462434,231.3889181,267.7661157,413.2749061,558.7836965,316.2690458,207.137453,110.1315928,110.1315928,195.0117205,279.8918482,85.88012772,13.12573253,341.0147131,331.8251262,322.6355394,359.3938868,341.0147131,341.0147131,267.4980184,285.877192,304.2563657,377.7730604,377.7730604,368.5834736,341.0147131,341.0147131,359.3938868,276.6876052,166.4125631,175.60215,276.6876052,368.5834736,175.60215,138.8438026,83.70628156,83.70628156,138.8438026,212.3604973,74.51669472,19.37917368]
	},
	"score": [0.3512925628,0.2846806075]
}
