{
	"point": [
		[182.0745172,530.2947425],
		[182.0745172,404.9354614],
		[154.2168991,251.7185622],
		[223.8609442,265.6473712],
		[209.9321352,404.9354614],
		[196.0033262,530.2947425],
		[126.3592811,307.4337983],
		[140.2880901,209.9321352],
		[140.2880901,126.3592811],
		[223.8609442,140.2880901],
		[237.7897532,209.9321352],
		[265.6473712,293.5049893],
		[182.0745172,112.4304721],
		[182.0745172,42.78642704]
	],
	"score": 1.090150366
}
