{
	"point": [
		[182.9445368,559.8296487],
		[169.9484984,403.8771886],
		[156.9524601,247.9247285],
		[208.9366135,273.9168052],
		[208.9366135,403.8771886],
		[182.9445368,533.837572],
		[117.9643451,299.9088819],
		[130.9603834,195.9405751],
		[130.9603834,104.9683067],
		[247.9247285,104.9683067],
		[247.9247285,169.9484984],
		[260.9207668,247.9247285],
		[182.9445368,91.97226839],
		[182.9445368,26.99207668]
	],
	"score": 1.257986408
}
