{
	"point": [
		[158.6345229,522.4064989],
		[146.5087904,401.1491736],
		[146.5087904,243.5146506],
		[195.0117205,243.5146506],
		[195.0117205,401.1491736],
		[195.0117205,510.2807663],
		[110.1315928,316.2690458],
		[122.2573253,231.3889181],
		[122.2573253,134.3830579],
		[231.3889181,122.2573253],
		[231.3889181,219.2631856],
		[219.2631856,292.0175808],
		[170.7602554,110.1315928],
		[170.7602554,37.3771976]
	],
	"score": 1.29632857
}
