{
	"point": [
		[168.1457082,544.2235515],
		[182.0745172,377.0778433],
		[182.0745172,251.7185622],
		[237.7897532,265.6473712],
		[237.7897532,404.9354614],
		[251.7185622,544.2235515],
		[140.2880901,307.4337983],
		[154.2168991,196.0033262],
		[154.2168991,98.50166309],
		[265.6473712,98.50166309],
		[279.5761803,196.0033262],
		[265.6473712,293.5049893],
		[209.9321352,98.50166309],
		[209.9321352,28.85761803]
	],
	"score": 1.071728767
}
