{
	"point": [
		[237.7897532,544.2235515],
		[251.7185622,404.9354614],
		[237.7897532,279.5761803],
		[293.5049893,265.6473712],
		[279.5761803,404.9354614],
		[251.7185622,558.1523605],
		[182.0745172,223.8609442],
		[154.2168991,168.1457082],
		[209.9321352,98.50166309],
		[307.4337983,98.50166309],
		[349.2202253,182.0745172],
		[307.4337983,223.8609442],
		[265.6473712,84.57285408],
		[265.6473712,28.85761803]
	],
	"score": 1.464406407
}
