{
	"point": [
		[154.2168991,530.2947425],
		[154.2168991,404.9354614],
		[154.2168991,279.5761803],
		[209.9321352,279.5761803],
		[196.0033262,404.9354614],
		[196.0033262,530.2947425],
		[112.4304721,363.1490343],
		[112.4304721,251.7185622],
		[126.3592811,140.2880901],
		[237.7897532,140.2880901],
		[237.7897532,223.8609442],
		[223.8609442,293.5049893],
		[182.0745172,126.3592811],
		[182.0745172,42.78642704]
	],
	"score": 1.096119673
}
