{
	"point": [
		[156.9524601,520.8415337],
		[143.9564218,403.8771886],
		[143.9564218,273.9168052],
		[195.9405751,299.9088819],
		[195.9405751,416.8732269],
		[182.9445368,546.8336104],
		[117.9643451,312.9049202],
		[117.9643451,221.9326518],
		[130.9603834,130.9603834],
		[208.9366135,130.9603834],
		[260.9207668,195.9405751],
		[221.9326518,247.9247285],
		[169.9484984,117.9643451],
		[169.9484984,39.98811503]
	],
	"score": 1.595502327
}
