{
	"point": [
		[104.9683067,546.8336104],
		[117.9643451,403.8771886],
		[117.9643451,273.9168052],
		[169.9484984,286.9128435],
		[117.9643451,416.8732269],
		[104.9683067,559.8296487],
		[91.97226839,312.9049202],
		[78.97623005,221.9326518],
		[104.9683067,117.9643451],
		[208.9366135,130.9603834],
		[208.9366135,221.9326518],
		[208.9366135,325.9009585],
		[156.9524601,104.9683067],
		[156.9524601,26.99207668]
	],
	"score": 1.6838656
}
