{
	"point": [
		[117.9643451,546.8336104],
		[143.9564218,403.8771886],
		[130.9603834,260.9207668],
		[182.9445368,273.9168052],
		[182.9445368,416.8732269],
		[156.9524601,559.8296487],
		[91.97226839,299.9088819],
		[91.97226839,182.9445368],
		[104.9683067,104.9683067],
		[208.9366135,117.9643451],
		[208.9366135,221.9326518],
		[208.9366135,325.9009585],
		[156.9524601,91.97226839],
		[156.9524601,26.99207668]
	],
	"score": 1.444148826
}
