{
	"point": [
		[212.1212657,507.6910377],
		[201.5652024,402.1304049],
		[191.0091392,243.7894556],
		[254.3455189,264.9015822],
		[243.7894556,402.1304049],
		[222.677329,528.8031643],
		[159.3409493,233.2333923],
		[159.3409493,159.3409493],
		[169.8970126,96.00456958],
		[264.9015822,117.1166961],
		[264.9015822,180.4530759],
		[264.9015822,243.7894556],
		[212.1212657,85.44850629],
		[212.1212657,22.11212657]
	],
	"score": 1.145104201
}
