{
	"point": [
		[182.019336,521.430591],
		[170.7056275,408.293506],
		[170.7056275,295.156421],
		[215.9604615,306.4701295],
		[204.646753,419.6072145],
		[204.646753,521.430591],
		[136.764502,227.27417],
		[136.764502,238.5878785],
		[148.0782105,170.7056275],
		[238.5878785,159.391919],
		[238.5878785,227.27417],
		[238.5878785,283.8427125],
		[193.3330445,159.391919],
		[193.3330445,102.8233765]
	],
	"score": 1.489694896
}
