{
	"point": [
		[221.9326518,533.837572],
		[195.9405751,403.8771886],
		[169.9484984,260.9207668],
		[221.9326518,260.9207668],
		[208.9366135,403.8771886],
		[195.9405751,546.8336104],
		[130.9603834,260.9207668],
		[143.9564218,195.9405751],
		[156.9524601,130.9603834],
		[247.9247285,130.9603834],
		[260.9207668,221.9326518],
		[273.9168052,299.9088819],
		[208.9366135,104.9683067],
		[208.9366135,39.98811503]
	],
	"score": 1.221586517
}
