{
	"point": [
		[243.5146506,546.6579639],
		[207.137453,401.1491736],
		[207.137453,279.8918482],
		[292.0175808,292.0175808],
		[279.8918482,425.4006386],
		[267.7661157,546.6579639],
		[182.885988,267.7661157],
		[195.0117205,182.885988],
		[195.0117205,110.1315928],
		[292.0175808,110.1315928],
		[292.0175808,195.0117205],
		[304.1433133,267.7661157],
		[243.5146506,85.88012772],
		[243.5146506,25.25146506]
	],
	"score": 1.290120125
}
