{
	"point": [
		[196.0033262,502.4371245],
		[182.0745172,404.9354614],
		[168.1457082,265.6473712],
		[223.8609442,265.6473712],
		[223.8609442,404.9354614],
		[196.0033262,558.1523605],
		[112.4304721,321.3626073],
		[140.2880901,223.8609442],
		[154.2168991,126.3592811],
		[251.7185622,126.3592811],
		[251.7185622,209.9321352],
		[279.5761803,321.3626073],
		[209.9321352,98.50166309],
		[209.9321352,28.85761803]
	],
	"score": 1.55465876
}
