{
	"point": {
		"_ArrayType_": "double",
		"_ArraySize_": [14,2,2],
		"_ArrayData_": [112.4304721,112.4304721,98.50166309,154.2168991,140.2880901,126.3592811,56.71523605,28.85761803,56.71523605,168.1457082,182.0745172,182.0745172,112.4304721,112.4304721,544.2235515,404.9354614,265.6473712,251.7185622,391.0066524,530.2947425,223.8609442,168.1457082,112.4304721,112.4304721,196.0033262,307.4337983,84.57285408,14.92880901,307.4337983,293.5049893,279.5761803,335.2914163,321.3626073,321.3626073,237.7897532,251.7185622,265.6473712,363.1490343,418.8642704,363.1490343,321.3626073,307.4337983,544.2235515,418.8642704,265.6473712,293.5049893,418.8642704,558.1523605,321.3626073,209.9321352,126.3592811,126.3592811,196.0033262,251.7185622,98.50166309,42.78642704]
	},
	"score": [0.9879419052,0.6118164946]
}
