{
	"point": [
		[223.8609442,544.2235515],
		[209.9321352,418.8642704],
		[196.0033262,251.7185622],
		[251.7185622,237.7897532],
		[237.7897532,404.9354614],
		[237.7897532,544.2235515],
		[154.2168991,293.5049893],
		[154.2168991,209.9321352],
		[168.1457082,112.4304721],
		[293.5049893,112.4304721],
		[293.5049893,209.9321352],
		[293.5049893,321.3626073],
		[223.8609442,98.50166309],
		[223.8609442,28.85761803]
	],
	"score": 1.176352731
}
