{
	"point": [
		[168.1457082,544.2235515],
		[140.2880901,404.9354614],
		[140.2880901,223.8609442],
		[196.0033262,265.6473712],
		[182.0745172,418.8642704],
		[196.0033262,558.1523605],
		[98.50166309,307.4337983],
		[112.4304721,196.0033262],
		[112.4304721,112.4304721],
		[223.8609442,98.50166309],
		[237.7897532,196.0033262],
		[223.8609442,293.5049893],
		[168.1457082,84.57285408],
		[168.1457082,14.92880901]
	],
	"score": 1.379936299
}
