{
	"point": [
		[182.885988,510.2807663],
		[158.6345229,389.023441],
		[146.5087904,279.8918482],
		[195.0117205,267.7661157],
		[195.0117205,376.8977085],
		[182.885988,510.2807663],
		[134.3830579,279.8918482],
		[134.3830579,207.137453],
		[134.3830579,122.2573253],
		[219.2631856,134.3830579],
		[231.3889181,219.2631856],
		[267.7661157,292.0175808],
		[170.7602554,110.1315928],
		[170.7602554,37.3771976]
	],
	"score": 1.450017811
}
