{
	"point": [
		[154.2168991,544.2235515],
		[140.2880901,404.9354614],
		[140.2880901,265.6473712],
		[209.9321352,265.6473712],
		[182.0745172,391.0066524],
		[168.1457082,502.4371245],
		[98.50166309,321.3626073],
		[112.4304721,223.8609442],
		[140.2880901,126.3592811],
		[237.7897532,126.3592811],
		[237.7897532,223.8609442],
		[237.7897532,321.3626073],
		[182.0745172,112.4304721],
		[196.0033262,42.78642704]
	],
	"score": 1.363864603
}
