{
	"point": [
		[180.1423344,553.355531],
		[165.2138065,433.9273081],
		[165.2138065,314.4990852],
		[239.8564458,269.7135016],
		[224.927918,404.0702523],
		[224.927918,553.355531],
		[135.3567508,344.3561409],
		[135.3567508,239.8564458],
		[150.2852786,135.3567508],
		[269.7135016,120.4282229],
		[269.7135016,224.927918],
		[224.927918,299.5705573],
		[209.9993901,105.4996951],
		[209.9993901,30.85705573]
	],
	"score": 1.135749373
}
