{
	"point": [
		[122.2573253,522.4064989],
		[110.1315928,401.1491736],
		[98.00586026,255.6403832],
		[146.5087904,279.8918482],
		[146.5087904,413.2749061],
		[134.3830579,546.6579639],
		[49.50293013,267.7661157],
		[61.62866266,195.0117205],
		[73.75439519,122.2573253],
		[170.7602554,122.2573253],
		[170.7602554,195.0117205],
		[182.885988,267.7661157],
		[122.2573253,98.00586026],
		[122.2573253,37.3771976]
	],
	"score": 1.239818186
}
