{
	"point": [
		[168.1457082,516.3659335],
		[168.1457082,391.0066524],
		[168.1457082,265.6473712],
		[209.9321352,265.6473712],
		[209.9321352,391.0066524],
		[196.0033262,516.3659335],
		[140.2880901,321.3626073],
		[140.2880901,223.8609442],
		[154.2168991,112.4304721],
		[251.7185622,126.3592811],
		[251.7185622,223.8609442],
		[265.6473712,307.4337983],
		[209.9321352,98.50166309],
		[223.8609442,42.78642704]
	],
	"score": 1.311999217
}
