{
	"point": [
		[195.0708622,553.355531],
		[195.0708622,404.0702523],
		[165.2138065,239.8564458],
		[224.927918,254.7849737],
		[224.927918,404.0702523],
		[195.0708622,553.355531],
		[135.3567508,299.5705573],
		[135.3567508,195.0708622],
		[150.2852786,105.4996951],
		[254.7849737,105.4996951],
		[314.4990852,180.1423344],
		[254.7849737,224.927918],
		[195.0708622,90.57116719],
		[195.0708622,15.92852786]
	],
	"score": 1.590241179
}
