{
	"point": [
		[126.3592811,544.2235515],
		[84.57285408,404.9354614],
		[84.57285408,251.7185622],
		[154.2168991,265.6473712],
		[154.2168991,404.9354614],
		[140.2880901,544.2235515],
		[56.71523605,307.4337983],
		[70.64404506,209.9321352],
		[84.57285408,112.4304721],
		[182.0745172,112.4304721],
		[182.0745172,209.9321352],
		[182.0745172,307.4337983],
		[126.3592811,98.50166309],
		[126.3592811,28.85761803]
	],
	"score": 1.021193722
}
