{
	"point": [
		[143.9564218,546.8336104],
		[117.9643451,416.8732269],
		[104.9683067,260.9207668],
		[169.9484984,286.9128435],
		[169.9484984,429.8692653],
		[182.9445368,546.8336104],
		[78.97623005,299.9088819],
		[91.97226839,208.9366135],
		[104.9683067,117.9643451],
		[195.9405751,104.9683067],
		[208.9366135,195.9405751],
		[208.9366135,312.9049202],
		[143.9564218,91.97226839],
		[143.9564218,26.99207668]
	],
	"score": 1.20743592
}
