{
	"point": [
		[209.9321352,516.3659335],
		[196.0033262,391.0066524],
		[196.0033262,237.7897532],
		[251.7185622,251.7185622],
		[251.7185622,391.0066524],
		[223.8609442,530.2947425],
		[168.1457082,293.5049893],
		[182.0745172,196.0033262],
		[182.0745172,112.4304721],
		[265.6473712,126.3592811],
		[265.6473712,196.0033262],
		[279.5761803,279.5761803],
		[223.8609442,98.50166309],
		[223.8609442,28.85761803]
	],
	"score": 1.230188649
}
