{
	"point": [
		[140.2880901,544.2235515],
		[140.2880901,404.9354614],
		[126.3592811,251.7185622],
		[182.0745172,279.5761803],
		[182.0745172,418.8642704],
		[182.0745172,544.2235515],
		[84.57285408,307.4337983],
		[98.50166309,196.0033262],
		[98.50166309,112.4304721],
		[209.9321352,112.4304721],
		[223.8609442,209.9321352],
		[223.8609442,321.3626073],
		[154.2168991,98.50166309],
		[154.2168991,28.85761803]
	],
	"score": 1.17773861
}
