{
	"point": [
		[130.9603834,429.8692653],
		[117.9643451,325.9009585],
		[91.97226839,221.9326518],
		[130.9603834,247.9247285],
		[130.9603834,416.8732269],
		[117.9643451,546.8336104],
		[52.98415337,247.9247285],
		[39.98811503,156.9524601],
		[52.98415337,104.9683067],
		[156.9524601,117.9643451],
		[169.9484984,208.9366135],
		[169.9484984,312.9049202],
		[104.9683067,91.97226839],
		[104.9683067,26.99207668]
	],
	"score": 1.083482998
}
