{
	"point": [
		[207.137453,522.4064989],
		[207.137453,401.1491736],
		[207.137453,292.0175808],
		[255.6403832,292.0175808],
		[243.5146506,401.1491736],
		[231.3889181,534.5322314],
		[182.885988,231.3889181],
		[170.7602554,182.885988],
		[195.0117205,122.2573253],
		[292.0175808,134.3830579],
		[292.0175808,219.2631856],
		[279.8918482,316.2690458],
		[243.5146506,110.1315928],
		[243.5146506,37.3771976]
	],
	"score": 1.068213499
}
