{
	"point": [
		[140.2880901,558.1523605],
		[140.2880901,418.8642704],
		[126.3592811,251.7185622],
		[182.0745172,279.5761803],
		[182.0745172,418.8642704],
		[168.1457082,558.1523605],
		[98.50166309,307.4337983],
		[98.50166309,209.9321352],
		[98.50166309,112.4304721],
		[209.9321352,126.3592811],
		[209.9321352,196.0033262],
		[223.8609442,307.4337983],
		[154.2168991,98.50166309],
		[154.2168991,28.85761803]
	],
	"score": 1.245085452
}
