{
	"point": [
		[126.3592811,530.2947425],
		[112.4304721,418.8642704],
		[112.4304721,293.5049893],
		[182.0745172,307.4337983],
		[154.2168991,446.7218884],
		[154.2168991,558.1523605],
		[70.64404506,265.6473712],
		[42.78642704,196.0033262],
		[84.57285408,140.2880901],
		[196.0033262,126.3592811],
		[196.0033262,209.9321352],
		[126.3592811,196.0033262],
		[140.2880901,112.4304721],
		[140.2880901,28.85761803]
	],
	"score": 1.187733678
}
