{
	"point": [
		[195.9405751,546.8336104],
		[182.9445368,403.8771886],
		[182.9445368,260.9207668],
		[234.9286902,260.9207668],
		[234.9286902,403.8771886],
		[234.9286902,559.8296487],
		[143.9564218,286.9128435],
		[156.9524601,195.9405751],
		[156.9524601,117.9643451],
		[260.9207668,104.9683067],
		[273.9168052,182.9445368],
		[273.9168052,260.9207668],
		[208.9366135,91.97226839],
		[208.9366135,26.99207668]
	],
	"score": 1.733692771
}
