{
	"point": [
		[209.9321352,516.3659335],
		[168.1457082,404.9354614],
		[168.1457082,265.6473712],
		[209.9321352,307.4337983],
		[209.9321352,418.8642704],
		[209.9321352,558.1523605],
		[126.3592811,279.5761803],
		[126.3592811,182.0745172],
		[154.2168991,112.4304721],
		[251.7185622,126.3592811],
		[293.5049893,196.0033262],
		[237.7897532,237.7897532],
		[196.0033262,98.50166309],
		[196.0033262,28.85761803]
	],
	"score": 1.511464604
}
