{
	"point": [
		[195.9405751,507.8454953],
		[182.9445368,390.8811503],
		[156.9524601,273.9168052],
		[208.9366135,286.9128435],
		[182.9445368,403.8771886],
		[208.9366135,507.8454953],
		[130.9603834,247.9247285],
		[78.97623005,195.9405751],
		[130.9603834,130.9603834],
		[234.9286902,117.9643451],
		[247.9247285,208.9366135],
		[234.9286902,312.9049202],
		[182.9445368,104.9683067],
		[182.9445368,39.98811503]
	],
	"score": 1.118628887
}
