{
	"point": [
		[223.8609442,544.2235515],
		[209.9321352,404.9354614],
		[209.9321352,251.7185622],
		[265.6473712,265.6473712],
		[251.7185622,404.9354614],
		[251.7185622,544.2235515],
		[182.0745172,209.9321352],
		[126.3592811,154.2168991],
		[182.0745172,98.50166309],
		[279.5761803,112.4304721],
		[335.2914163,182.0745172],
		[279.5761803,223.8609442],
		[237.7897532,84.57285408],
		[237.7897532,14.92880901]
	],
	"score": 1.128908569
}
