{
	"point": [
		[182.0745172,558.1523605],
		[168.1457082,418.8642704],
		[168.1457082,265.6473712],
		[223.8609442,279.5761803],
		[223.8609442,418.8642704],
		[209.9321352,558.1523605],
		[140.2880901,307.4337983],
		[140.2880901,209.9321352],
		[154.2168991,112.4304721],
		[265.6473712,112.4304721],
		[265.6473712,223.8609442],
		[265.6473712,321.3626073],
		[209.9321352,98.50166309],
		[209.9321352,28.85761803]
	],
	"score": 1.607235645
}
