{
	"point": [
		[180.1423344,538.4270031],
		[165.2138065,418.9987802],
		[165.2138065,269.7135016],
		[224.927918,284.6420294],
		[224.927918,418.9987802],
		[209.9993901,538.4270031],
		[135.3567508,239.8564458],
		[90.57116719,180.1423344],
		[150.2852786,105.4996951],
		[254.7849737,120.4282229],
		[314.4990852,195.0708622],
		[254.7849737,239.8564458],
		[209.9993901,90.57116719],
		[195.0708622,30.85705573]
	],
	"score": 1.789797283
}
