{
	"point": [
		[154.2168991,558.1523605],
		[112.4304721,418.8642704],
		[112.4304721,279.5761803],
		[182.0745172,279.5761803],
		[182.0745172,418.8642704],
		[168.1457082,558.1523605],
		[98.50166309,321.3626073],
		[98.50166309,209.9321352],
		[98.50166309,112.4304721],
		[209.9321352,126.3592811],
		[209.9321352,223.8609442],
		[209.9321352,321.3626073],
		[154.2168991,98.50166309],
		[154.2168991,28.85761803]
	],
	"score": 1.212351042
}
