{
	"point": [
		[122.2573253,510.2807663],
		[122.2573253,376.8977085],
		[110.1315928,243.5146506],
		[158.6345229,255.6403832],
		[158.6345229,401.1491736],
		[134.3830579,510.2807663],
		[85.88012772,304.1433133],
		[98.00586026,207.137453],
		[98.00586026,110.1315928],
		[182.885988,98.00586026],
		[195.0117205,182.885988],
		[195.0117205,267.7661157],
		[134.3830579,85.88012772],
		[134.3830579,25.25146506]
	],
	"score": 1.026212906
}
