{
	"point": [
		[169.9484984,533.837572],
		[156.9524601,403.8771886],
		[143.9564218,273.9168052],
		[208.9366135,286.9128435],
		[208.9366135,403.8771886],
		[195.9405751,533.837572],
		[104.9683067,299.9088819],
		[117.9643451,208.9366135],
		[143.9564218,117.9643451],
		[247.9247285,117.9643451],
		[247.9247285,208.9366135],
		[260.9207668,299.9088819],
		[195.9405751,104.9683067],
		[195.9405751,26.99207668]
	],
	"score": 1.890535618
}
