{
	"point": [
		[182.0745172,544.2235515],
		[182.0745172,404.9354614],
		[168.1457082,251.7185622],
		[237.7897532,265.6473712],
		[251.7185622,404.9354614],
		[251.7185622,544.2235515],
		[140.2880901,307.4337983],
		[154.2168991,209.9321352],
		[168.1457082,112.4304721],
		[265.6473712,126.3592811],
		[321.3626073,209.9321352],
		[265.6473712,251.7185622],
		[223.8609442,98.50166309],
		[223.8609442,28.85761803]
	],
	"score": 1.034391129
}
