{
	"point": [
		[138.2288227,423.2425314],
		[148.784886,317.6818986],
		[148.784886,212.1212657],
		[201.5652024,212.1212657],
		[180.4530759,317.6818986],
		[159.3409493,412.6864682],
		[117.1166961,212.1212657],
		[127.6727594,148.784886],
		[148.784886,74.892443],
		[243.7894556,85.44850629],
		[233.2333923,138.2288227],
		[233.2333923,222.677329],
		[201.5652024,74.892443],
		[212.1212657,22.11212657]
	],
	"score": 1.047732257
}
