{
	"point": [
		[126.3592811,544.2235515],
		[126.3592811,418.8642704],
		[126.3592811,265.6473712],
		[182.0745172,279.5761803],
		[168.1457082,418.8642704],
		[140.2880901,558.1523605],
		[98.50166309,293.5049893],
		[84.57285408,196.0033262],
		[98.50166309,98.50166309],
		[209.9321352,112.4304721],
		[196.0033262,223.8609442],
		[237.7897532,321.3626073],
		[154.2168991,84.57285408],
		[154.2168991,14.92880901]
	],
	"score": 1.14920475
}
