{
	"point": [
		[168.1457082,530.2947425],
		[168.1457082,404.9354614],
		[168.1457082,293.5049893],
		[223.8609442,293.5049893],
		[223.8609442,404.9354614],
		[209.9321352,544.2235515],
		[140.2880901,307.4337983],
		[140.2880901,209.9321352],
		[154.2168991,112.4304721],
		[251.7185622,126.3592811],
		[251.7185622,209.9321352],
		[251.7185622,293.5049893],
		[209.9321352,98.50166309],
		[209.9321352,28.85761803]
	],
	"score": 1.560447407
}
