{
	"point": [
		[219.2631856,510.2807663],
		[195.0117205,401.1491736],
		[170.7602554,267.7661157],
		[219.2631856,279.8918482],
		[219.2631856,401.1491736],
		[219.2631856,534.5322314],
		[134.3830579,255.6403832],
		[134.3830579,195.0117205],
		[146.5087904,134.3830579],
		[243.5146506,122.2573253],
		[243.5146506,195.0117205],
		[195.0117205,231.3889181],
		[195.0117205,110.1315928],
		[195.0117205,37.3771976]
	],
	"score": 1.126100559
}
