{
	"point": [
		[170.7602554,546.6579639],
		[146.5087904,413.2749061],
		[158.6345229,292.0175808],
		[219.2631856,279.8918482],
		[219.2631856,425.4006386],
		[207.137453,546.6579639],
		[134.3830579,267.7661157],
		[146.5087904,182.885988],
		[158.6345229,134.3830579],
		[243.5146506,134.3830579],
		[255.6403832,219.2631856],
		[255.6403832,316.2690458],
		[195.0117205,122.2573253],
		[195.0117205,49.50293013]
	],
	"score": 1.138533066
}
