{
	"point": [
		[221.9326518,546.8336104],
		[208.9366135,416.8732269],
		[182.9445368,299.9088819],
		[273.9168052,273.9168052],
		[260.9207668,416.8732269],
		[247.9247285,546.8336104],
		[208.9366135,247.9247285],
		[195.9405751,169.9484984],
		[195.9405751,130.9603834],
		[299.9088819,130.9603834],
		[299.9088819,221.9326518],
		[299.9088819,325.9009585],
		[247.9247285,104.9683067],
		[247.9247285,39.98811503]
	],
	"score": 1.50323764
}
