{
	"point": [
		[143.9564218,546.8336104],
		[130.9603834,416.8732269],
		[117.9643451,273.9168052],
		[182.9445368,247.9247285],
		[182.9445368,416.8732269],
		[169.9484984,546.8336104],
		[91.97226839,325.9009585],
		[104.9683067,221.9326518],
		[104.9683067,117.9643451],
		[195.9405751,104.9683067],
		[195.9405751,156.9524601],
		[221.9326518,234.9286902],
		[143.9564218,91.97226839],
		[143.9564218,26.99207668]
	],
	"score": 1.015603671
}
