{
	"point": [
		[143.9564218,559.8296487],
		[130.9603834,403.8771886],
		[117.9643451,260.9207668],
		[169.9484984,273.9168052],
		[169.9484984,403.8771886],
		[182.9445368,533.837572],
		[91.97226839,299.9088819],
		[104.9683067,195.9405751],
		[117.9643451,117.9643451],
		[195.9405751,117.9643451],
		[208.9366135,208.9366135],
		[234.9286902,286.9128435],
		[156.9524601,91.97226839],
		[143.9564218,26.99207668]
	],
	"score": 1.029972034
}
