{
	"point": [
		[182.9445368,507.8454953],
		[169.9484984,377.8851119],
		[156.9524601,234.9286902],
		[208.9366135,247.9247285],
		[208.9366135,390.8811503],
		[195.9405751,507.8454953],
		[143.9564218,299.9088819],
		[130.9603834,195.9405751],
		[130.9603834,117.9643451],
		[221.9326518,130.9603834],
		[234.9286902,221.9326518],
		[234.9286902,312.9049202],
		[182.9445368,104.9683067],
		[182.9445368,39.98811503]
	],
	"score": 1.825285445
}
