{
	"point": [
		[231.3889181,534.5322314],
		[182.885988,401.1491736],
		[158.6345229,267.7661157],
		[207.137453,279.8918482],
		[195.0117205,413.2749061],
		[182.885988,510.2807663],
		[122.2573253,292.0175808],
		[122.2573253,207.137453],
		[134.3830579,122.2573253],
		[231.3889181,134.3830579],
		[243.5146506,219.2631856],
		[292.0175808,292.0175808],
		[182.885988,110.1315928],
		[182.885988,37.3771976]
	],
	"score": 1.573188509
}
