{
	"point": [
		[182.0745172,516.3659335],
		[168.1457082,391.0066524],
		[168.1457082,293.5049893],
		[209.9321352,279.5761803],
		[209.9321352,404.9354614],
		[209.9321352,558.1523605],
		[126.3592811,349.2202253],
		[140.2880901,237.7897532],
		[154.2168991,140.2880901],
		[251.7185622,140.2880901],
		[293.5049893,209.9321352],
		[251.7185622,251.7185622],
		[209.9321352,126.3592811],
		[209.9321352,70.64404506]
	],
	"score": 1.132647559
}
