{
	"point": [
		[170.7602554,510.2807663],
		[158.6345229,389.023441],
		[158.6345229,255.6403832],
		[207.137453,267.7661157],
		[195.0117205,401.1491736],
		[195.0117205,510.2807663],
		[122.2573253,316.2690458],
		[134.3830579,219.2631856],
		[146.5087904,134.3830579],
		[243.5146506,122.2573253],
		[243.5146506,207.137453],
		[243.5146506,304.1433133],
		[182.885988,110.1315928],
		[182.885988,37.3771976]
	],
	"score": 2.027518126
}
