{
	"point": [
		[195.9405751,546.8336104],
		[182.9445368,403.8771886],
		[169.9484984,260.9207668],
		[234.9286902,273.9168052],
		[221.9326518,416.8732269],
		[221.9326518,494.849457],
		[143.9564218,260.9207668],
		[156.9524601,182.9445368],
		[169.9484984,130.9603834],
		[273.9168052,143.9564218],
		[273.9168052,221.9326518],
		[273.9168052,299.9088819],
		[221.9326518,117.9643451],
		[221.9326518,39.98811503]
	],
	"score": 1.393539451
}
