{
	"point": [
		[126.3592811,544.2235515],
		[112.4304721,404.9354614],
		[98.50166309,293.5049893],
		[196.0033262,279.5761803],
		[196.0033262,418.8642704],
		[223.8609442,544.2235515],
		[70.64404506,307.4337983],
		[98.50166309,209.9321352],
		[98.50166309,126.3592811],
		[196.0033262,112.4304721],
		[209.9321352,196.0033262],
		[209.9321352,293.5049893],
		[140.2880901,98.50166309],
		[140.2880901,28.85761803]
	],
	"score": 1.392645927
}
