{
	"point": [
		[135.3567508,553.355531],
		[105.4996951,404.0702523],
		[105.4996951,239.8564458],
		[150.2852786,269.7135016],
		[150.2852786,418.9987802],
		[150.2852786,553.355531],
		[60.71411146,314.4990852],
		[75.64263932,209.9993901],
		[90.57116719,120.4282229],
		[195.0708622,105.4996951],
		[195.0708622,180.1423344],
		[195.0708622,299.5705573],
		[135.3567508,90.57116719],
		[135.3567508,15.92852786]
	],
	"score": 1.798331282
}
