{
	"point": [
		[180.1423344,538.4270031],
		[180.1423344,418.9987802],
		[180.1423344,269.7135016],
		[224.927918,284.6420294],
		[224.927918,418.9987802],
		[224.927918,553.355531],
		[150.2852786,254.7849737],
		[120.4282229,195.0708622],
		[150.2852786,135.3567508],
		[254.7849737,150.2852786],
		[299.5705573,209.9993901],
		[254.7849737,269.7135016],
		[209.9993901,120.4282229],
		[209.9993901,45.78558359]
	],
	"score": 1.703359846
}
