{
	"point": [
		[112.4304721,516.3659335],
		[98.50166309,404.9354614],
		[98.50166309,307.4337983],
		[168.1457082,293.5049893],
		[154.2168991,404.9354614],
		[112.4304721,488.5083154],
		[84.57285408,251.7185622],
		[84.57285408,182.0745172],
		[84.57285408,154.2168991],
		[196.0033262,140.2880901],
		[196.0033262,237.7897532],
		[196.0033262,307.4337983],
		[126.3592811,126.3592811],
		[126.3592811,42.78642704]
	],
	"score": 1.109673939
}
