{
	"point": [
		[195.9405751,546.8336104],
		[169.9484984,403.8771886],
		[143.9564218,247.9247285],
		[195.9405751,286.9128435],
		[195.9405751,403.8771886],
		[182.9445368,533.837572],
		[117.9643451,325.9009585],
		[117.9643451,208.9366135],
		[130.9603834,117.9643451],
		[234.9286902,130.9603834],
		[234.9286902,182.9445368],
		[234.9286902,260.9207668],
		[182.9445368,104.9683067],
		[182.9445368,26.99207668]
	],
	"score": 1.36422554
}
