{
	"point": [
		[120.4282229,538.4270031],
		[105.4996951,389.1417245],
		[90.57116719,269.7135016],
		[150.2852786,269.7135016],
		[150.2852786,404.0702523],
		[135.3567508,553.355531],
		[60.71411146,314.4990852],
		[75.64263932,224.927918],
		[90.57116719,120.4282229],
		[195.0708622,120.4282229],
		[195.0708622,180.1423344],
		[180.1423344,269.7135016],
		[135.3567508,105.4996951],
		[135.3567508,30.85705573]
	],
	"score": 1.310490145
}
