{
	"point": [
		[110.1315928,558.7836965],
		[158.6345229,425.4006386],
		[182.885988,292.0175808],
		[255.6403832,292.0175808],
		[243.5146506,413.2749061],
		[231.3889181,534.5322314],
		[146.5087904,316.2690458],
		[158.6345229,219.2631856],
		[170.7602554,134.3830579],
		[255.6403832,146.5087904],
		[255.6403832,219.2631856],
		[279.8918482,292.0175808],
		[219.2631856,110.1315928],
		[219.2631856,37.3771976]
	],
	"score": 1.271104706
}
