{
	"point": [
		[126.3592811,544.2235515],
		[112.4304721,432.7930794],
		[112.4304721,307.4337983],
		[168.1457082,293.5049893],
		[168.1457082,432.7930794],
		[154.2168991,558.1523605],
		[84.57285408,349.2202253],
		[70.64404506,237.7897532],
		[84.57285408,140.2880901],
		[209.9321352,140.2880901],
		[237.7897532,209.9321352],
		[196.0033262,265.6473712],
		[140.2880901,112.4304721],
		[140.2880901,28.85761803]
	],
	"score": 1.717945372
}
