{
	"point": [
		[209.9993901,538.4270031],
		[195.0708622,404.0702523],
		[195.0708622,254.7849737],
		[239.8564458,254.7849737],
		[239.8564458,418.9987802],
		[224.927918,553.355531],
		[150.2852786,224.927918],
		[105.4996951,180.1423344],
		[165.2138065,120.4282229],
		[269.7135016,105.4996951],
		[269.7135016,209.9993901],
		[269.7135016,299.5705573],
		[209.9993901,90.57116719],
		[209.9993901,15.92852786]
	],
	"score": 1.237157723
}
