{
	"point": [
		[134.3830579,461.7778362],
		[122.2573253,352.6462434],
		[110.1315928,219.2631856],
		[170.7602554,219.2631856],
		[158.6345229,352.6462434],
		[158.6345229,486.0293013],
		[73.75439519,255.6403832],
		[85.88012772,170.7602554],
		[98.00586026,98.00586026],
		[195.0117205,98.00586026],
		[195.0117205,182.885988],
		[219.2631856,243.5146506],
		[146.5087904,85.88012772],
		[146.5087904,25.25146506]
	],
	"score": 1.540784998
}
