{
	"point": [
		[209.9321352,544.2235515],
		[196.0033262,404.9354614],
		[196.0033262,265.6473712],
		[237.7897532,293.5049893],
		[237.7897532,418.8642704],
		[223.8609442,544.2235515],
		[154.2168991,307.4337983],
		[154.2168991,209.9321352],
		[154.2168991,126.3592811],
		[265.6473712,126.3592811],
		[279.5761803,237.7897532],
		[265.6473712,307.4337983],
		[209.9321352,98.50166309],
		[209.9321352,28.85761803]
	],
	"score": 2.214403756
}
