{
	"point": [
		[209.9993901,553.355531],
		[195.0708622,418.9987802],
		[180.1423344,269.7135016],
		[254.7849737,284.6420294],
		[254.7849737,433.9273081],
		[239.8564458,553.355531],
		[165.2138065,314.4990852],
		[165.2138065,195.0708622],
		[165.2138065,105.4996951],
		[284.6420294,105.4996951],
		[284.6420294,195.0708622],
		[284.6420294,314.4990852],
		[224.927918,90.57116719],
		[224.927918,15.92852786]
	],
	"score": 1.44409756
}
