{
	"point": [
		[182.9445368,546.8336104],
		[182.9445368,403.8771886],
		[156.9524601,260.9207668],
		[234.9286902,286.9128435],
		[234.9286902,416.8732269],
		[221.9326518,546.8336104],
		[143.9564218,312.9049202],
		[143.9564218,208.9366135],
		[156.9524601,117.9643451],
		[260.9207668,130.9603834],
		[260.9207668,221.9326518],
		[260.9207668,325.9009585],
		[208.9366135,104.9683067],
		[208.9366135,39.98811503]
	],
	"score": 2.023763826
}
