{
	"point": [
		[204.646753,476.175757],
		[193.3330445,374.3523805],
		[182.019336,238.5878785],
		[238.5878785,249.901587],
		[227.27417,374.3523805],
		[215.9604615,476.175757],
		[159.391919,283.8427125],
		[148.0782105,193.3330445],
		[159.391919,114.137085],
		[261.2152955,125.4507935],
		[306.4701295,182.019336],
		[261.2152955,227.27417],
		[215.9604615,102.8233765],
		[215.9604615,34.9411255]
	],
	"score": 1.12401021
}
