{
	"point": [
		[140.2880901,558.1523605],
		[126.3592811,404.9354614],
		[126.3592811,293.5049893],
		[196.0033262,293.5049893],
		[182.0745172,418.8642704],
		[182.0745172,558.1523605],
		[98.50166309,321.3626073],
		[112.4304721,223.8609442],
		[112.4304721,126.3592811],
		[209.9321352,112.4304721],
		[223.8609442,196.0033262],
		[237.7897532,293.5049893],
		[154.2168991,112.4304721],
		[168.1457082,42.78642704]
	],
	"score": 1.295050809
}
