{
	"point": [
		[208.9366135,559.8296487],
		[195.9405751,416.8732269],
		[195.9405751,260.9207668],
		[247.9247285,273.9168052],
		[234.9286902,416.8732269],
		[260.9207668,546.8336104],
		[169.9484984,234.9286902],
		[143.9564218,182.9445368],
		[182.9445368,104.9683067],
		[286.9128435,104.9683067],
		[351.8930352,182.9445368],
		[286.9128435,234.9286902],
		[234.9286902,78.97623005],
		[234.9286902,13.99603834]
	],
	"score": 1.126783354
}
