{
	"point": [
		[182.9445368,559.8296487],
		[169.9484984,429.8692653],
		[169.9484984,312.9049202],
		[234.9286902,299.9088819],
		[208.9366135,455.861342],
		[208.9366135,559.8296487],
		[130.9603834,273.9168052],
		[156.9524601,208.9366135],
		[156.9524601,130.9603834],
		[273.9168052,130.9603834],
		[299.9088819,208.9366135],
		[338.8969969,286.9128435],
		[221.9326518,117.9643451],
		[221.9326518,39.98811503]
	],
	"score": 1.081704025
}
