{
	"point": [
		[134.3830579,558.7836965],
		[122.2573253,425.4006386],
		[122.2573253,267.7661157],
		[158.6345229,292.0175808],
		[158.6345229,425.4006386],
		[158.6345229,558.7836965],
		[85.88012772,267.7661157],
		[85.88012772,182.885988],
		[85.88012772,122.2573253],
		[182.885988,110.1315928],
		[195.0117205,170.7602554],
		[207.137453,207.137453],
		[134.3830579,98.00586026],
		[134.3830579,25.25146506]
	],
	"score": 1.203270533
}
