{
	"point": [
		[215.9604615,476.175757],
		[182.019336,374.3523805],
		[182.019336,272.529004],
		[227.27417,295.156421],
		[227.27417,408.293506],
		[215.9604615,510.1168825],
		[148.0782105,306.4701295],
		[148.0782105,238.5878785],
		[170.7056275,170.7056275],
		[261.2152955,182.019336],
		[261.2152955,249.901587],
		[272.529004,317.783838],
		[215.9604615,148.0782105],
		[215.9604615,91.50966799]
	],
	"score": 1.093534374
}
