{
	"point": [
		[156.9524601,546.8336104],
		[117.9643451,390.8811503],
		[104.9683067,273.9168052],
		[156.9524601,286.9128435],
		[156.9524601,429.8692653],
		[156.9524601,546.8336104],
		[65.98019171,325.9009585],
		[65.98019171,221.9326518],
		[91.97226839,130.9603834],
		[182.9445368,130.9603834],
		[195.9405751,208.9366135],
		[143.9564218,273.9168052],
		[130.9603834,104.9683067],
		[130.9603834,39.98811503]
	],
	"score": 1.065510825
}
