{
	"point": [
		[170.7602554,498.1550338],
		[158.6345229,389.023441],
		[158.6345229,255.6403832],
		[207.137453,255.6403832],
		[207.137453,389.023441],
		[195.0117205,510.2807663],
		[134.3830579,292.0175808],
		[134.3830579,207.137453],
		[134.3830579,122.2573253],
		[231.3889181,122.2573253],
		[243.5146506,207.137453],
		[243.5146506,292.0175808],
		[182.885988,98.00586026],
		[182.885988,37.3771976]
	],
	"score": 2.1602126
}
