{
	"point": [
		[182.0745172,544.2235515],
		[154.2168991,404.9354614],
		[154.2168991,265.6473712],
		[209.9321352,265.6473712],
		[196.0033262,404.9354614],
		[196.0033262,544.2235515],
		[126.3592811,307.4337983],
		[140.2880901,209.9321352],
		[154.2168991,112.4304721],
		[251.7185622,112.4304721],
		[251.7185622,209.9321352],
		[251.7185622,307.4337983],
		[196.0033262,84.57285408],
		[196.0033262,28.85761803]
	],
	"score": 1.111721451
}
