{
	"point": [
		[154.2168991,544.2235515],
		[126.3592811,418.8642704],
		[126.3592811,279.5761803],
		[168.1457082,279.5761803],
		[168.1457082,404.9354614],
		[154.2168991,544.2235515],
		[98.50166309,321.3626073],
		[112.4304721,223.8609442],
		[98.50166309,140.2880901],
		[196.0033262,140.2880901],
		[209.9321352,223.8609442],
		[209.9321352,321.3626073],
		[140.2880901,112.4304721],
		[140.2880901,42.78642704]
	],
	"score": 1.617526029
}
