{
	"point": [
		[130.9603834,546.8336104],
		[117.9643451,403.8771886],
		[117.9643451,247.9247285],
		[169.9484984,273.9168052],
		[169.9484984,416.8732269],
		[143.9564218,559.8296487],
		[78.97623005,299.9088819],
		[91.97226839,195.9405751],
		[104.9683067,104.9683067],
		[208.9366135,117.9643451],
		[247.9247285,195.9405751],
		[195.9405751,234.9286902],
		[156.9524601,91.97226839],
		[156.9524601,26.99207668]
	],
	"score": 1.01507453
}
