{
	"point": [
		[195.9405751,507.8454953],
		[182.9445368,377.8851119],
		[169.9484984,234.9286902],
		[221.9326518,234.9286902],
		[221.9326518,390.8811503],
		[195.9405751,520.8415337],
		[143.9564218,273.9168052],
		[143.9564218,195.9405751],
		[143.9564218,117.9643451],
		[247.9247285,117.9643451],
		[260.9207668,208.9366135],
		[260.9207668,286.9128435],
		[195.9405751,91.97226839],
		[195.9405751,26.99207668]
	],
	"score": 1.374068103
}
