{
	"point": [
		[182.9445368,546.8336104],
		[169.9484984,403.8771886],
		[156.9524601,273.9168052],
		[221.9326518,273.9168052],
		[208.9366135,416.8732269],
		[208.9366135,546.8336104],
		[130.9603834,247.9247285],
		[91.97226839,195.9405751],
		[143.9564218,130.9603834],
		[234.9286902,117.9643451],
		[247.9247285,169.9484984],
		[247.9247285,247.9247285],
		[182.9445368,104.9683067],
		[182.9445368,26.99207668]
	],
	"score": 2.180293469
}
