{
	"point": [
		[196.0033262,530.2947425],
		[182.0745172,404.9354614],
		[182.0745172,293.5049893],
		[237.7897532,279.5761803],
		[223.8609442,404.9354614],
		[209.9321352,544.2235515],
		[140.2880901,321.3626073],
		[140.2880901,223.8609442],
		[154.2168991,126.3592811],
		[265.6473712,126.3592811],
		[321.3626073,196.0033262],
		[265.6473712,265.6473712],
		[209.9321352,98.50166309],
		[209.9321352,28.85761803]
	],
	"score": 1.573241305
}
