{
	"point": [
		[195.9405751,533.837572],
		[182.9445368,390.8811503],
		[182.9445368,247.9247285],
		[247.9247285,273.9168052],
		[260.9207668,390.8811503],
		[286.9128435,533.837572],
		[143.9564218,299.9088819],
		[169.9484984,195.9405751],
		[169.9484984,104.9683067],
		[273.9168052,104.9683067],
		[273.9168052,195.9405751],
		[273.9168052,299.9088819],
		[221.9326518,78.97623005],
		[221.9326518,13.99603834]
	],
	"score": 1.542709952
}
