{
	"point": [
		[126.3592811,544.2235515],
		[126.3592811,404.9354614],
		[112.4304721,279.5761803],
		[182.0745172,265.6473712],
		[182.0745172,404.9354614],
		[168.1457082,558.1523605],
		[84.57285408,293.5049893],
		[84.57285408,196.0033262],
		[98.50166309,112.4304721],
		[209.9321352,112.4304721],
		[209.9321352,209.9321352],
		[209.9321352,307.4337983],
		[154.2168991,84.57285408],
		[154.2168991,14.92880901]
	],
	"score": 1.645639885
}
