{
	"point": [
		[156.9524601,546.8336104],
		[143.9564218,403.8771886],
		[143.9564218,286.9128435],
		[195.9405751,260.9207668],
		[182.9445368,403.8771886],
		[182.9445368,546.8336104],
		[104.9683067,325.9009585],
		[117.9643451,221.9326518],
		[130.9603834,130.9603834],
		[221.9326518,117.9643451],
		[221.9326518,182.9445368],
		[221.9326518,273.9168052],
		[169.9484984,104.9683067],
		[169.9484984,26.99207668]
	],
	"score": 1.594438244
}
