{
	"point": [
		[169.9484984,507.8454953],
		[143.9564218,403.8771886],
		[156.9524601,286.9128435],
		[234.9286902,273.9168052],
		[221.9326518,416.8732269],
		[208.9366135,520.8415337],
		[104.9683067,260.9207668],
		[117.9643451,208.9366135],
		[143.9564218,117.9643451],
		[247.9247285,117.9643451],
		[260.9207668,195.9405751],
		[273.9168052,286.9128435],
		[195.9405751,91.97226839],
		[195.9405751,26.99207668]
	],
	"score": 1.216121167
}
