{
	"point": [
		[130.9603834,559.8296487],
		[130.9603834,416.8732269],
		[130.9603834,286.9128435],
		[182.9445368,260.9207668],
		[169.9484984,403.8771886],
		[156.9524601,559.8296487],
		[91.97226839,221.9326518],
		[52.98415337,169.9484984],
		[104.9683067,104.9683067],
		[195.9405751,117.9643451],
		[208.9366135,221.9326518],
		[208.9366135,325.9009585],
		[156.9524601,91.97226839],
		[156.9524601,26.99207668]
	],
	"score": 1.883423929
}
