{
	"point": [
		[182.9445368,533.837572],
		[169.9484984,403.8771886],
		[156.9524601,260.9207668],
		[221.9326518,286.9128435],
		[221.9326518,403.8771886],
		[208.9366135,533.837572],
		[104.9683067,299.9088819],
		[130.9603834,221.9326518],
		[156.9524601,143.9564218],
		[247.9247285,143.9564218],
		[260.9207668,221.9326518],
		[260.9207668,325.9009585],
		[208.9366135,130.9603834],
		[208.9366135,39.98811503]
	],
	"score": 1.263300159
}
