{
	"point": [
		[143.9564218,546.8336104],
		[130.9603834,416.8732269],
		[130.9603834,273.9168052],
		[182.9445368,286.9128435],
		[169.9484984,416.8732269],
		[182.9445368,559.8296487],
		[91.97226839,312.9049202],
		[104.9683067,208.9366135],
		[104.9683067,117.9643451],
		[221.9326518,104.9683067],
		[221.9326518,182.9445368],
		[221.9326518,286.9128435],
		[156.9524601,91.97226839],
		[156.9524601,26.99207668]
	],
	"score": 1.351661014
}
