{
	"point": [
		[182.9445368,533.837572],
		[143.9564218,429.8692653],
		[169.9484984,299.9088819],
		[260.9207668,286.9128435],
		[247.9247285,429.8692653],
		[234.9286902,559.8296487],
		[156.9524601,286.9128435],
		[156.9524601,208.9366135],
		[156.9524601,143.9564218],
		[273.9168052,130.9603834],
		[273.9168052,221.9326518],
		[299.9088819,299.9088819],
		[221.9326518,117.9643451],
		[221.9326518,39.98811503]
	],
	"score": 1.459739873
}
