{
	"point": [
		[140.2880901,544.2235515],
		[126.3592811,404.9354614],
		[126.3592811,279.5761803],
		[182.0745172,265.6473712],
		[182.0745172,404.9354614],
		[154.2168991,558.1523605],
		[84.57285408,279.5761803],
		[84.57285408,182.0745172],
		[84.57285408,112.4304721],
		[196.0033262,112.4304721],
		[209.9321352,209.9321352],
		[223.8609442,321.3626073],
		[140.2880901,98.50166309],
		[126.3592811,28.85761803]
	],
	"score": 1.103336168
}
