{
	"point": [
		[247.9247285,546.8336104],
		[221.9326518,416.8732269],
		[221.9326518,286.9128435],
		[273.9168052,286.9128435],
		[260.9207668,429.8692653],
		[247.9247285,546.8336104],
		[182.9445368,312.9049202],
		[182.9445368,208.9366135],
		[195.9405751,117.9643451],
		[312.9049202,117.9643451],
		[364.8890736,195.9405751],
		[299.9088819,234.9286902],
		[260.9207668,91.97226839],
		[260.9207668,26.99207668]
	],
	"score": 1.516105339
}
