{
	"point": [
		[196.0033262,544.2235515],
		[182.0745172,404.9354614],
		[168.1457082,293.5049893],
		[209.9321352,279.5761803],
		[209.9321352,418.8642704],
		[196.0033262,558.1523605],
		[112.4304721,321.3626073],
		[126.3592811,223.8609442],
		[154.2168991,126.3592811],
		[237.7897532,126.3592811],
		[237.7897532,223.8609442],
		[251.7185622,307.4337983],
		[196.0033262,98.50166309],
		[196.0033262,28.85761803]
	],
	"score": 1.711955847
}
