{
	"point": [
		[195.9405751,533.837572],
		[169.9484984,403.8771886],
		[156.9524601,273.9168052],
		[234.9286902,273.9168052],
		[234.9286902,416.8732269],
		[221.9326518,546.8336104],
		[143.9564218,234.9286902],
		[104.9683067,195.9405751],
		[156.9524601,130.9603834],
		[247.9247285,143.9564218],
		[299.9088819,208.9366135],
		[247.9247285,247.9247285],
		[195.9405751,104.9683067],
		[208.9366135,39.98811503]
	],
	"score": 1.087140075
}
