{
	"point": [
		[170.7602554,546.6579639],
		[170.7602554,437.5263712],
		[170.7602554,279.8918482],
		[219.2631856,279.8918482],
		[219.2631856,413.2749061],
		[219.2631856,522.4064989],
		[134.3830579,304.1433133],
		[146.5087904,219.2631856],
		[170.7602554,146.5087904],
		[255.6403832,158.6345229],
		[292.0175808,219.2631856],
		[243.5146506,255.6403832],
		[219.2631856,134.3830579],
		[219.2631856,73.75439519]
	],
	"score": 1.34511894
}
