{
	"point": [
		[135.3567508,553.355531],
		[135.3567508,418.9987802],
		[120.4282229,269.7135016],
		[180.1423344,284.6420294],
		[180.1423344,418.9987802],
		[165.2138065,553.355531],
		[90.57116719,314.4990852],
		[90.57116719,195.0708622],
		[90.57116719,105.4996951],
		[195.0708622,120.4282229],
		[209.9993901,209.9993901],
		[209.9993901,314.4990852],
		[150.2852786,90.57116719],
		[150.2852786,30.85705573]
	],
	"score": 1.587968978
}
