{
	"point": [
		[182.0745172,544.2235515],
		[182.0745172,404.9354614],
		[168.1457082,251.7185622],
		[237.7897532,279.5761803],
		[223.8609442,404.9354614],
		[209.9321352,544.2235515],
		[98.50166309,307.4337983],
		[126.3592811,209.9321352],
		[140.2880901,112.4304721],
		[251.7185622,112.4304721],
		[251.7185622,196.0033262],
		[279.5761803,279.5761803],
		[196.0033262,98.50166309],
		[196.0033262,28.85761803]
	],
	"score": 1.488173214
}
