{
	"point": [
		[126.3592811,544.2235515],
		[112.4304721,404.9354614],
		[112.4304721,251.7185622],
		[168.1457082,293.5049893],
		[168.1457082,432.7930794],
		[182.0745172,558.1523605],
		[84.57285408,321.3626073],
		[84.57285408,209.9321352],
		[98.50166309,112.4304721],
		[209.9321352,112.4304721],
		[196.0033262,209.9321352],
		[182.0745172,307.4337983],
		[154.2168991,84.57285408],
		[140.2880901,28.85761803]
	],
	"score": 1.100110377
}
