{
	"point": [
		[209.9321352,544.2235515],
		[196.0033262,404.9354614],
		[196.0033262,279.5761803],
		[251.7185622,265.6473712],
		[237.7897532,404.9354614],
		[223.8609442,544.2235515],
		[182.0745172,307.4337983],
		[168.1457082,209.9321352],
		[182.0745172,140.2880901],
		[293.5049893,154.2168991],
		[279.5761803,251.7185622],
		[279.5761803,349.2202253],
		[237.7897532,140.2880901],
		[237.7897532,56.71523605]
	],
	"score": 1.058496182
}
