{
	"point": [
		[209.9993901,523.4984753],
		[180.1423344,389.1417245],
		[165.2138065,284.6420294],
		[224.927918,269.7135016],
		[224.927918,404.0702523],
		[224.927918,553.355531],
		[135.3567508,299.5705573],
		[150.2852786,209.9993901],
		[180.1423344,135.3567508],
		[284.6420294,135.3567508],
		[269.7135016,239.8564458],
		[254.7849737,329.427613],
		[224.927918,120.4282229],
		[224.927918,30.85705573]
	],
	"score": 1.049301878
}
