{
	"point": [
		[209.9993901,553.355531],
		[195.0708622,418.9987802],
		[195.0708622,284.6420294],
		[254.7849737,299.5705573],
		[224.927918,463.7843638],
		[209.9993901,568.2840589],
		[165.2138065,374.2131966],
		[165.2138065,254.7849737],
		[180.1423344,150.2852786],
		[284.6420294,150.2852786],
		[284.6420294,239.8564458],
		[299.5705573,359.2846688],
		[224.927918,120.4282229],
		[224.927918,30.85705573]
	],
	"score": 1.039288997
}
