{
	"point": [
		[195.9405751,546.8336104],
		[182.9445368,442.8653036],
		[182.9445368,338.8969969],
		[221.9326518,325.9009585],
		[221.9326518,442.8653036],
		[208.9366135,546.8336104],
		[156.9524601,364.8890736],
		[156.9524601,286.9128435],
		[156.9524601,208.9366135],
		[247.9247285,195.9405751],
		[247.9247285,273.9168052],
		[247.9247285,364.8890736],
		[195.9405751,182.9445368],
		[195.9405751,130.9603834]
	],
	"score": 1.468527293
}
