{
	"point": [
		[130.9603834,507.8454953],
		[143.9564218,377.8851119],
		[143.9564218,273.9168052],
		[221.9326518,260.9207668],
		[221.9326518,390.8811503],
		[208.9366135,507.8454953],
		[130.9603834,143.9564218],
		[91.97226839,78.97623005],
		[143.9564218,117.9643451],
		[234.9286902,117.9643451],
		[234.9286902,195.9405751],
		[234.9286902,273.9168052],
		[182.9445368,104.9683067],
		[182.9445368,39.98811503]
	],
	"score": 1.220706918
}
