{
	"point": [
		[136.764502,532.7442995],
		[125.4507935,408.293506],
		[125.4507935,272.529004],
		[182.019336,283.8427125],
		[182.019336,408.293506],
		[170.7056275,532.7442995],
		[91.50966799,249.901587],
		[91.50966799,170.7056275],
		[102.8233765,114.137085],
		[204.646753,114.137085],
		[204.646753,170.7056275],
		[204.646753,170.7056275],
		[148.0782105,91.50966799],
		[148.0782105,23.627417]
	],
	"score": 1.248603018
}
