{
	"point": [
		[215.9604615,532.7442995],
		[204.646753,419.6072145],
		[204.646753,306.4701295],
		[249.901587,283.8427125],
		[238.5878785,408.293506],
		[238.5878785,532.7442995],
		[170.7056275,306.4701295],
		[170.7056275,227.27417],
		[182.019336,148.0782105],
		[272.529004,148.0782105],
		[272.529004,215.9604615],
		[272.529004,283.8427125],
		[227.27417,136.764502],
		[238.5878785,80.19595949]
	],
	"score": 1.021957644
}
