{
	"point": [
		[130.9603834,546.8336104],
		[143.9564218,429.8692653],
		[130.9603834,286.9128435],
		[182.9445368,286.9128435],
		[182.9445368,416.8732269],
		[156.9524601,559.8296487],
		[91.97226839,117.9643451],
		[65.98019171,182.9445368],
		[104.9683067,104.9683067],
		[221.9326518,117.9643451],
		[221.9326518,221.9326518],
		[221.9326518,312.9049202],
		[156.9524601,91.97226839],
		[156.9524601,26.99207668]
	],
	"score": 1.174656968
}
