{
	"point": [
		[98.50166309,530.2947425],
		[98.50166309,418.8642704],
		[98.50166309,279.5761803],
		[168.1457082,279.5761803],
		[168.1457082,432.7930794],
		[140.2880901,544.2235515],
		[70.64404506,335.2914163],
		[70.64404506,223.8609442],
		[84.57285408,126.3592811],
		[209.9321352,126.3592811],
		[237.7897532,209.9321352],
		[182.0745172,251.7185622],
		[140.2880901,98.50166309],
		[140.2880901,28.85761803]
	],
	"score": 1.006566088
}
