{
	"point": [
		[105.4996951,538.4270031],
		[105.4996951,404.0702523],
		[105.4996951,269.7135016],
		[165.2138065,284.6420294],
		[165.2138065,418.9987802],
		[150.2852786,553.355531],
		[75.64263932,314.4990852],
		[75.64263932,224.927918],
		[90.57116719,135.3567508],
		[195.0708622,120.4282229],
		[239.8564458,209.9993901],
		[180.1423344,269.7135016],
		[135.3567508,105.4996951],
		[135.3567508,30.85705573]
	],
	"score": 1.826735023
}
