{
	"point": [
		[195.0708622,523.4984753],
		[195.0708622,404.0702523],
		[180.1423344,269.7135016],
		[239.8564458,269.7135016],
		[239.8564458,418.9987802],
		[239.8564458,553.355531],
		[105.4996951,314.4990852],
		[135.3567508,209.9993901],
		[195.0708622,135.3567508],
		[284.6420294,135.3567508],
		[284.6420294,254.7849737],
		[284.6420294,329.427613],
		[239.8564458,120.4282229],
		[224.927918,45.78558359]
	],
	"score": 1.018759843
}
