{
	"point": [
		[182.9445368,533.837572],
		[143.9564218,442.8653036],
		[169.9484984,312.9049202],
		[247.9247285,312.9049202],
		[247.9247285,442.8653036],
		[234.9286902,559.8296487],
		[156.9524601,286.9128435],
		[143.9564218,208.9366135],
		[156.9524601,143.9564218],
		[273.9168052,143.9564218],
		[273.9168052,221.9326518],
		[299.9088819,299.9088819],
		[221.9326518,117.9643451],
		[221.9326518,39.98811503]
	],
	"score": 1.383576746
}
