{
	"point": [
		[234.9286902,546.8336104],
		[221.9326518,390.8811503],
		[208.9366135,247.9247285],
		[260.9207668,260.9207668],
		[234.9286902,403.8771886],
		[260.9207668,546.8336104],
		[182.9445368,286.9128435],
		[195.9405751,195.9405751],
		[195.9405751,104.9683067],
		[299.9088819,91.97226839],
		[351.8930352,169.9484984],
		[299.9088819,221.9326518],
		[247.9247285,78.97623005],
		[247.9247285,13.99603834]
	],
	"score": 1.143461025
}
