{
	"point": [
		[208.9366135,559.8296487],
		[221.9326518,416.8732269],
		[221.9326518,273.9168052],
		[260.9207668,273.9168052],
		[234.9286902,403.8771886],
		[247.9247285,559.8296487],
		[169.9484984,234.9286902],
		[130.9603834,182.9445368],
		[182.9445368,117.9643451],
		[286.9128435,117.9643451],
		[351.8930352,182.9445368],
		[286.9128435,234.9286902],
		[234.9286902,91.97226839],
		[234.9286902,26.99207668]
	],
	"score": 1.484071041
}
