{
	"point": {
		"_ArrayType_": "double",
		"_ArraySize_": [14,2,2],
		"_ArrayData_": [182.9445368,195.9405751,169.9484984,221.9326518,234.9286902,234.9286902,156.9524601,130.9603834,143.9564218,234.9286902,247.9247285,221.9326518,195.9405751,195.9405751,507.8454953,416.8732269,273.9168052,247.9247285,377.8851119,494.849457,273.9168052,208.9366135,117.9643451,117.9643451,208.9366135,273.9168052,91.97226839,26.99207668,326.0221251,316.1729698,316.1729698,355.569591,355.569591,355.569591,306.3238145,296.4746592,276.7763486,355.569591,375.2679017,375.2679017,306.3238145,296.4746592,394.9662123,276.7763486,178.2847955,197.9831061,306.3238145,404.8153676,217.6814167,158.5864849,99.49155307,89.64239776,158.5864849,247.2288827,89.64239776,30.54746592]
	},
	"score": [0.2147288577,-0.04596115535]
}
