{
	"point": [
		[209.9321352,558.1523605],
		[196.0033262,418.8642704],
		[196.0033262,293.5049893],
		[279.5761803,237.7897532],
		[265.6473712,363.1490343],
		[293.5049893,474.5795064],
		[168.1457082,251.7185622],
		[182.0745172,168.1457082],
		[182.0745172,126.3592811],
		[293.5049893,112.4304721],
		[307.4337983,182.0745172],
		[279.5761803,223.8609442],
		[237.7897532,98.50166309],
		[237.7897532,28.85761803]
	],
	"score": 1.1139497
}
