{
	"point": [
		[182.0745172,544.2235515],
		[196.0033262,404.9354614],
		[182.0745172,265.6473712],
		[251.7185622,279.5761803],
		[223.8609442,418.8642704],
		[209.9321352,544.2235515],
		[154.2168991,307.4337983],
		[140.2880901,196.0033262],
		[154.2168991,112.4304721],
		[265.6473712,112.4304721],
		[265.6473712,196.0033262],
		[279.5761803,279.5761803],
		[209.9321352,98.50166309],
		[209.9321352,28.85761803]
	],
	"score": 1.527522713
}
