{
	"point": [
		[140.2880901,544.2235515],
		[140.2880901,391.0066524],
		[140.2880901,265.6473712],
		[196.0033262,251.7185622],
		[196.0033262,391.0066524],
		[182.0745172,544.2235515],
		[112.4304721,279.5761803],
		[98.50166309,196.0033262],
		[112.4304721,98.50166309],
		[209.9321352,98.50166309],
		[209.9321352,182.0745172],
		[223.8609442,265.6473712],
		[168.1457082,84.57285408],
		[182.0745172,28.85761803]
	],
	"score": 1.215173176
}
