{
	"point": [
		[112.4304721,544.2235515],
		[98.50166309,404.9354614],
		[84.57285408,265.6473712],
		[154.2168991,265.6473712],
		[154.2168991,404.9354614],
		[126.3592811,544.2235515],
		[56.71523605,321.3626073],
		[56.71523605,237.7897532],
		[70.64404506,126.3592811],
		[168.1457082,140.2880901],
		[154.2168991,223.8609442],
		[182.0745172,307.4337983],
		[126.3592811,112.4304721],
		[126.3592811,28.85761803]
	],
	"score": 1.588299078
}
