{
	"point": [
		[208.9366135,546.8336104],
		[195.9405751,416.8732269],
		[182.9445368,260.9207668],
		[247.9247285,260.9207668],
		[234.9286902,403.8771886],
		[208.9366135,520.8415337],
		[169.9484984,208.9366135],
		[169.9484984,195.9405751],
		[182.9445368,117.9643451],
		[286.9128435,117.9643451],
		[286.9128435,195.9405751],
		[273.9168052,299.9088819],
		[221.9326518,91.97226839],
		[221.9326518,26.99207668]
	],
	"score": 1.210854798
}
