{
	"point": [
		[84.57285408,558.1523605],
		[112.4304721,391.0066524],
		[112.4304721,251.7185622],
		[196.0033262,293.5049893],
		[182.0745172,404.9354614],
		[182.0745172,544.2235515],
		[98.50166309,307.4337983],
		[98.50166309,196.0033262],
		[98.50166309,112.4304721],
		[196.0033262,112.4304721],
		[209.9321352,209.9321352],
		[209.9321352,307.4337983],
		[154.2168991,84.57285408],
		[154.2168991,14.92880901]
	],
	"score": 1.125096421
}
