{
	"point": [
		[154.2168991,544.2235515],
		[140.2880901,418.8642704],
		[140.2880901,307.4337983],
		[209.9321352,279.5761803],
		[196.0033262,432.7930794],
		[182.0745172,544.2235515],
		[56.71523605,265.6473712],
		[98.50166309,209.9321352],
		[140.2880901,140.2880901],
		[237.7897532,154.2168991],
		[237.7897532,223.8609442],
		[251.7185622,307.4337983],
		[182.0745172,126.3592811],
		[182.0745172,42.78642704]
	],
	"score": 1.241529372
}
