{
	"point": [
		[112.4304721,502.4371245],
		[98.50166309,377.0778433],
		[98.50166309,265.6473712],
		[182.0745172,279.5761803],
		[182.0745172,418.8642704],
		[182.0745172,544.2235515],
		[70.64404506,182.0745172],
		[84.57285408,196.0033262],
		[84.57285408,126.3592811],
		[182.0745172,112.4304721],
		[182.0745172,196.0033262],
		[209.9321352,265.6473712],
		[126.3592811,112.4304721],
		[126.3592811,28.85761803]
	],
	"score": 1.011033294
}
