{
	"point": [
		[209.9321352,544.2235515],
		[182.0745172,418.8642704],
		[154.2168991,265.6473712],
		[223.8609442,265.6473712],
		[223.8609442,418.8642704],
		[223.8609442,544.2235515],
		[126.3592811,335.2914163],
		[140.2880901,223.8609442],
		[154.2168991,126.3592811],
		[265.6473712,112.4304721],
		[265.6473712,209.9321352],
		[265.6473712,335.2914163],
		[209.9321352,98.50166309],
		[209.9321352,28.85761803]
	],
	"score": 1.82090157
}
