{
	"point": [
		[122.2573253,510.2807663],
		[146.5087904,376.8977085],
		[146.5087904,279.8918482],
		[219.2631856,279.8918482],
		[207.137453,389.023441],
		[195.0117205,510.2807663],
		[146.5087904,292.0175808],
		[146.5087904,207.137453],
		[134.3830579,122.2573253],
		[231.3889181,122.2573253],
		[231.3889181,207.137453],
		[255.6403832,279.8918482],
		[182.885988,98.00586026],
		[182.885988,37.3771976]
	],
	"score": 1.252483389
}
