{
	"point": [
		[237.7897532,530.2947425],
		[237.7897532,391.0066524],
		[223.8609442,251.7185622],
		[265.6473712,251.7185622],
		[251.7185622,391.0066524],
		[237.7897532,530.2947425],
		[168.1457082,293.5049893],
		[196.0033262,209.9321352],
		[196.0033262,126.3592811],
		[293.5049893,126.3592811],
		[293.5049893,209.9321352],
		[307.4337983,307.4337983],
		[237.7897532,112.4304721],
		[237.7897532,42.78642704]
	],
	"score": 1.197760672
}
