{
	"point": [
		[219.2631856,510.2807663],
		[182.885988,389.023441],
		[170.7602554,267.7661157],
		[207.137453,267.7661157],
		[207.137453,376.8977085],
		[195.0117205,510.2807663],
		[134.3830579,255.6403832],
		[134.3830579,182.885988],
		[134.3830579,122.2573253],
		[231.3889181,122.2573253],
		[279.8918482,195.0117205],
		[231.3889181,231.3889181],
		[182.885988,110.1315928],
		[182.885988,37.3771976]
	],
	"score": 1.572772675
}
