{
	"point": [
		[140.2880901,558.1523605],
		[126.3592811,404.9354614],
		[126.3592811,251.7185622],
		[182.0745172,293.5049893],
		[168.1457082,418.8642704],
		[168.1457082,558.1523605],
		[98.50166309,321.3626073],
		[98.50166309,209.9321352],
		[98.50166309,112.4304721],
		[209.9321352,98.50166309],
		[237.7897532,182.0745172],
		[209.9321352,251.7185622],
		[154.2168991,84.57285408],
		[140.2880901,28.85761803]
	],
	"score": 1.132663721
}
