{
	"point": [
		[126.3592811,544.2235515],
		[126.3592811,418.8642704],
		[126.3592811,279.5761803],
		[182.0745172,279.5761803],
		[182.0745172,418.8642704],
		[168.1457082,558.1523605],
		[98.50166309,293.5049893],
		[98.50166309,196.0033262],
		[98.50166309,112.4304721],
		[196.0033262,112.4304721],
		[209.9321352,209.9321352],
		[223.8609442,307.4337983],
		[154.2168991,84.57285408],
		[154.2168991,14.92880901]
	],
	"score": 1.360631468
}
