{
	"point": [
		[182.0745172,530.2947425],
		[168.1457082,404.9354614],
		[154.2168991,251.7185622],
		[209.9321352,265.6473712],
		[209.9321352,404.9354614],
		[196.0033262,544.2235515],
		[126.3592811,307.4337983],
		[140.2880901,223.8609442],
		[154.2168991,126.3592811],
		[251.7185622,112.4304721],
		[279.5761803,182.0745172],
		[237.7897532,209.9321352],
		[196.0033262,98.50166309],
		[196.0033262,28.85761803]
	],
	"score": 1.39848015
}
