{
	"point": [
		[130.9603834,546.8336104],
		[117.9643451,442.8653036],
		[117.9643451,312.9049202],
		[169.9484984,286.9128435],
		[156.9524601,442.8653036],
		[169.9484984,559.8296487],
		[78.97623005,260.9207668],
		[52.98415337,195.9405751],
		[78.97623005,130.9603834],
		[195.9405751,117.9643451],
		[247.9247285,195.9405751],
		[208.9366135,260.9207668],
		[130.9603834,104.9683067],
		[130.9603834,26.99207668]
	],
	"score": 1.172248478
}
