{
	"point": [
		[170.7602554,534.5322314],
		[170.7602554,413.2749061],
		[158.6345229,292.0175808],
		[219.2631856,279.8918482],
		[219.2631856,413.2749061],
		[195.0117205,558.7836965],
		[134.3830579,304.1433133],
		[134.3830579,207.137453],
		[158.6345229,122.2573253],
		[243.5146506,122.2573253],
		[267.7661157,195.0117205],
		[292.0175808,267.7661157],
		[207.137453,98.00586026],
		[207.137453,25.25146506]
	],
	"score": 1.734568585
}
