{
	"point": [
		[195.0708622,538.4270031],
		[195.0708622,418.9987802],
		[195.0708622,314.4990852],
		[239.8564458,299.5705573],
		[239.8564458,418.9987802],
		[224.927918,553.355531],
		[150.2852786,359.2846688],
		[165.2138065,269.7135016],
		[195.0708622,165.2138065],
		[299.5705573,150.2852786],
		[344.3561409,209.9993901],
		[269.7135016,254.7849737],
		[254.7849737,120.4282229],
		[254.7849737,45.78558359]
	],
	"score": 1.072812685
}
