{
	"point": [
		[117.9643451,546.8336104],
		[117.9643451,416.8732269],
		[104.9683067,273.9168052],
		[169.9484984,273.9168052],
		[156.9524601,416.8732269],
		[156.9524601,559.8296487],
		[65.98019171,299.9088819],
		[65.98019171,195.9405751],
		[78.97623005,104.9683067],
		[182.9445368,104.9683067],
		[247.9247285,182.9445368],
		[182.9445368,234.9286902],
		[130.9603834,78.97623005],
		[130.9603834,26.99207668]
	],
	"score": 1.249272862
}
