{
	"point": [
		[265.6473712,558.1523605],
		[251.7185622,418.8642704],
		[237.7897532,279.5761803],
		[293.5049893,293.5049893],
		[279.5761803,418.8642704],
		[293.5049893,558.1523605],
		[154.2168991,112.4304721],
		[196.0033262,168.1457082],
		[223.8609442,112.4304721],
		[335.2914163,112.4304721],
		[391.0066524,196.0033262],
		[335.2914163,223.8609442],
		[279.5761803,84.57285408],
		[279.5761803,28.85761803]
	],
	"score": 1.179974903
}
