{
	"point": [
		[170.7602554,498.1550338],
		[146.5087904,376.8977085],
		[158.6345229,255.6403832],
		[231.3889181,267.7661157],
		[219.2631856,389.023441],
		[207.137453,510.2807663],
		[110.1315928,195.0117205],
		[110.1315928,134.3830579],
		[146.5087904,122.2573253],
		[243.5146506,122.2573253],
		[255.6403832,195.0117205],
		[231.3889181,243.5146506],
		[195.0117205,98.00586026],
		[195.0117205,37.3771976]
	],
	"score": 1.309036473
}
