{
	"point": [
		[168.1457082,558.1523605],
		[182.0745172,418.8642704],
		[182.0745172,307.4337983],
		[182.0745172,279.5761803],
		[182.0745172,418.8642704],
		[168.1457082,558.1523605],
		[112.4304721,293.5049893],
		[126.3592811,209.9321352],
		[140.2880901,126.3592811],
		[237.7897532,126.3592811],
		[237.7897532,209.9321352],
		[237.7897532,307.4337983],
		[196.0033262,98.50166309],
		[196.0033262,28.85761803]
	],
	"score": 1.261387567
}
