{
	"point": [
		[91.97226839,546.8336104],
		[91.97226839,403.8771886],
		[91.97226839,273.9168052],
		[156.9524601,273.9168052],
		[156.9524601,416.8732269],
		[143.9564218,559.8296487],
		[65.98019171,312.9049202],
		[78.97623005,221.9326518],
		[91.97226839,130.9603834],
		[195.9405751,117.9643451],
		[195.9405751,195.9405751],
		[182.9445368,299.9088819],
		[143.9564218,104.9683067],
		[143.9564218,39.98811503]
	],
	"score": 1.017772174
}
