{
	"point": [
		[140.2880901,558.1523605],
		[140.2880901,418.8642704],
		[140.2880901,265.6473712],
		[196.0033262,293.5049893],
		[182.0745172,418.8642704],
		[168.1457082,558.1523605],
		[126.3592811,237.7897532],
		[98.50166309,168.1457082],
		[126.3592811,98.50166309],
		[223.8609442,112.4304721],
		[237.7897532,209.9321352],
		[168.1457082,265.6473712],
		[182.0745172,84.57285408],
		[182.0745172,14.92880901]
	],
	"score": 1.337403818
}
