{
	"point": [
		[182.0745172,558.1523605],
		[168.1457082,391.0066524],
		[154.2168991,251.7185622],
		[209.9321352,265.6473712],
		[209.9321352,404.9354614],
		[196.0033262,558.1523605],
		[126.3592811,307.4337983],
		[140.2880901,209.9321352],
		[140.2880901,112.4304721],
		[223.8609442,112.4304721],
		[237.7897532,196.0033262],
		[265.6473712,265.6473712],
		[182.0745172,84.57285408],
		[182.0745172,28.85761803]
	],
	"score": 1.041438588
}
