{
	"point": [
		[193.3330445,510.1168825],
		[170.7056275,385.666089],
		[159.391919,249.901587],
		[227.27417,261.2152955],
		[204.646753,396.9797975],
		[204.646753,498.803174],
		[136.764502,215.9604615],
		[148.0782105,170.7056275],
		[159.391919,114.137085],
		[261.2152955,114.137085],
		[272.529004,204.646753],
		[283.8427125,306.4701295],
		[204.646753,91.50966799],
		[204.646753,34.9411255]
	],
	"score": 1.072832277
}
