{
	"point": [
		[182.9445368,546.8336104],
		[156.9524601,416.8732269],
		[156.9524601,286.9128435],
		[221.9326518,286.9128435],
		[208.9366135,429.8692653],
		[234.9286902,546.8336104],
		[130.9603834,325.9009585],
		[130.9603834,221.9326518],
		[143.9564218,143.9564218],
		[234.9286902,130.9603834],
		[260.9207668,208.9366135],
		[260.9207668,286.9128435],
		[195.9405751,117.9643451],
		[195.9405751,39.98811503]
	],
	"score": 1.015049295
}
