{
	"point": [
		[143.9564218,546.8336104],
		[117.9643451,403.8771886],
		[117.9643451,247.9247285],
		[169.9484984,273.9168052],
		[156.9524601,403.8771886],
		[143.9564218,520.8415337],
		[78.97623005,299.9088819],
		[91.97226839,195.9405751],
		[104.9683067,104.9683067],
		[208.9366135,117.9643451],
		[221.9326518,221.9326518],
		[208.9366135,299.9088819],
		[156.9524601,91.97226839],
		[156.9524601,26.99207668]
	],
	"score": 1.470112611
}
