{
	"point": [
		[196.0033262,558.1523605],
		[182.0745172,418.8642704],
		[182.0745172,293.5049893],
		[237.7897532,293.5049893],
		[223.8609442,418.8642704],
		[223.8609442,558.1523605],
		[154.2168991,293.5049893],
		[140.2880901,209.9321352],
		[154.2168991,126.3592811],
		[265.6473712,126.3592811],
		[321.3626073,182.0745172],
		[265.6473712,223.8609442],
		[209.9321352,98.50166309],
		[209.9321352,28.85761803]
	],
	"score": 1.111548112
}
