{
	"point": [
		[247.9247285,507.8454953],
		[221.9326518,377.8851119],
		[195.9405751,260.9207668],
		[208.9366135,247.9247285],
		[221.9326518,377.8851119],
		[247.9247285,533.837572],
		[117.9643451,299.9088819],
		[130.9603834,221.9326518],
		[130.9603834,143.9564218],
		[221.9326518,130.9603834],
		[208.9366135,208.9366135],
		[247.9247285,286.9128435],
		[169.9484984,117.9643451],
		[169.9484984,39.98811503]
	],
	"score": 1.10851231
}
