{
	"point": [
		[130.9603834,546.8336104],
		[130.9603834,429.8692653],
		[117.9643451,247.9247285],
		[169.9484984,247.9247285],
		[169.9484984,429.8692653],
		[169.9484984,559.8296487],
		[78.97623005,286.9128435],
		[91.97226839,208.9366135],
		[91.97226839,117.9643451],
		[208.9366135,117.9643451],
		[208.9366135,221.9326518],
		[208.9366135,312.9049202],
		[143.9564218,91.97226839],
		[143.9564218,26.99207668]
	],
	"score": 1.03008326
}
