{
	"point": [
		[122.2573253,510.2807663],
		[146.5087904,376.8977085],
		[146.5087904,279.8918482],
		[207.137453,267.7661157],
		[219.2631856,389.023441],
		[207.137453,510.2807663],
		[134.3830579,134.3830579],
		[98.00586026,85.88012772],
		[146.5087904,122.2573253],
		[231.3889181,122.2573253],
		[231.3889181,207.137453],
		[231.3889181,267.7661157],
		[182.885988,110.1315928],
		[182.885988,37.3771976]
	],
	"score": 1.273341047
}
