{
	"point": [
		[223.8609442,530.2947425],
		[182.0745172,418.8642704],
		[182.0745172,265.6473712],
		[251.7185622,265.6473712],
		[237.7897532,418.8642704],
		[223.8609442,558.1523605],
		[140.2880901,265.6473712],
		[168.1457082,168.1457082],
		[196.0033262,98.50166309],
		[293.5049893,126.3592811],
		[279.5761803,223.8609442],
		[279.5761803,321.3626073],
		[251.7185622,98.50166309],
		[251.7185622,28.85761803]
	],
	"score": 1.040726397
}
