{
	"point": [
		[158.6345229,534.5322314],
		[146.5087904,413.2749061],
		[122.2573253,267.7661157],
		[182.885988,279.8918482],
		[182.885988,413.2749061],
		[182.885988,558.7836965],
		[85.88012772,292.0175808],
		[98.00586026,195.0117205],
		[110.1315928,110.1315928],
		[207.137453,110.1315928],
		[207.137453,207.137453],
		[219.2631856,304.1433133],
		[158.6345229,85.88012772],
		[158.6345229,25.25146506]
	],
	"score": 1.784813481
}
