{
	"point": [
		[169.9484984,546.8336104],
		[169.9484984,403.8771886],
		[169.9484984,260.9207668],
		[221.9326518,273.9168052],
		[208.9366135,403.8771886],
		[195.9405751,546.8336104],
		[182.9445368,78.97623005],
		[169.9484984,156.9524601],
		[169.9484984,104.9683067],
		[260.9207668,117.9643451],
		[260.9207668,221.9326518],
		[260.9207668,312.9049202],
		[221.9326518,91.97226839],
		[221.9326518,26.99207668]
	],
	"score": 1.086212019
}
