{
	"point": [
		[134.3830579,534.5322314],
		[122.2573253,401.1491736],
		[110.1315928,279.8918482],
		[170.7602554,279.8918482],
		[158.6345229,413.2749061],
		[158.6345229,546.6579639],
		[85.88012772,328.3947784],
		[85.88012772,219.2631856],
		[98.00586026,110.1315928],
		[195.0117205,98.00586026],
		[207.137453,158.6345229],
		[170.7602554,170.7602554],
		[146.5087904,85.88012772],
		[146.5087904,25.25146506]
	],
	"score": 1.374229571
}
