{
	"point": [
		[195.9405751,507.8454953],
		[169.9484984,390.8811503],
		[169.9484984,247.9247285],
		[221.9326518,273.9168052],
		[208.9366135,416.8732269],
		[182.9445368,559.8296487],
		[130.9603834,312.9049202],
		[143.9564218,208.9366135],
		[143.9564218,117.9643451],
		[247.9247285,117.9643451],
		[247.9247285,208.9366135],
		[260.9207668,299.9088819],
		[195.9405751,91.97226839],
		[195.9405751,26.99207668]
	],
	"score": 1.422396916
}
