{
	"point": [
		[196.0033262,544.2235515],
		[196.0033262,404.9354614],
		[182.0745172,265.6473712],
		[237.7897532,237.7897532],
		[237.7897532,377.0778433],
		[223.8609442,502.4371245],
		[140.2880901,293.5049893],
		[168.1457082,196.0033262],
		[168.1457082,126.3592811],
		[265.6473712,112.4304721],
		[279.5761803,209.9321352],
		[307.4337983,293.5049893],
		[209.9321352,98.50166309],
		[209.9321352,28.85761803]
	],
	"score": 1.10293587
}
