{
	"point": [
		[154.2168991,558.1523605],
		[140.2880901,418.8642704],
		[126.3592811,293.5049893],
		[209.9321352,279.5761803],
		[196.0033262,391.0066524],
		[237.7897532,530.2947425],
		[98.50166309,279.5761803],
		[112.4304721,182.0745172],
		[126.3592811,98.50166309],
		[237.7897532,112.4304721],
		[223.8609442,196.0033262],
		[251.7185622,293.5049893],
		[168.1457082,84.57285408],
		[154.2168991,28.85761803]
	],
	"score": 1.134012346
}
