{
	"point": [
		[182.0745172,530.2947425],
		[168.1457082,391.0066524],
		[168.1457082,265.6473712],
		[223.8609442,265.6473712],
		[223.8609442,404.9354614],
		[223.8609442,544.2235515],
		[140.2880901,307.4337983],
		[140.2880901,209.9321352],
		[140.2880901,112.4304721],
		[251.7185622,98.50166309],
		[293.5049893,168.1457082],
		[251.7185622,223.8609442],
		[182.0745172,98.50166309],
		[182.0745172,28.85761803]
	],
	"score": 1.642692141
}
