{
	"point": [
		[126.3592811,544.2235515],
		[112.4304721,404.9354614],
		[98.50166309,265.6473712],
		[168.1457082,265.6473712],
		[168.1457082,404.9354614],
		[154.2168991,558.1523605],
		[70.64404506,321.3626073],
		[70.64404506,209.9321352],
		[84.57285408,112.4304721],
		[182.0745172,98.50166309],
		[182.0745172,182.0745172],
		[182.0745172,265.6473712],
		[126.3592811,84.57285408],
		[126.3592811,14.92880901]
	],
	"score": 1.280554575
}
