{
	"point": [
		[182.019336,498.803174],
		[170.7056275,396.9797975],
		[159.391919,261.2152955],
		[227.27417,283.8427125],
		[215.9604615,396.9797975],
		[215.9604615,498.803174],
		[136.764502,227.27417],
		[114.137085,182.019336],
		[159.391919,125.4507935],
		[249.901587,125.4507935],
		[272.529004,193.3330445],
		[238.5878785,227.27417],
		[204.646753,102.8233765],
		[204.646753,34.9411255]
	],
	"score": 1.565536076
}
