{
	"point": [
		[182.885988,498.1550338],
		[146.5087904,389.023441],
		[146.5087904,279.8918482],
		[207.137453,267.7661157],
		[195.0117205,389.023441],
		[195.0117205,510.2807663],
		[122.2573253,292.0175808],
		[134.3830579,195.0117205],
		[146.5087904,122.2573253],
		[243.5146506,134.3830579],
		[231.3889181,219.2631856],
		[243.5146506,304.1433133],
		[182.885988,110.1315928],
		[182.885988,37.3771976]
	],
	"score": 1.582705702
}
