{
	"point": [
		[223.8609442,544.2235515],
		[223.8609442,418.8642704],
		[223.8609442,293.5049893],
		[279.5761803,265.6473712],
		[279.5761803,404.9354614],
		[265.6473712,544.2235515],
		[182.0745172,265.6473712],
		[209.9321352,182.0745172],
		[209.9321352,98.50166309],
		[307.4337983,98.50166309],
		[307.4337983,182.0745172],
		[321.3626073,279.5761803],
		[265.6473712,70.64404506],
		[265.6473712,1]
	],
	"score": 1.029579671
}
