{
	"point": [
		[209.9993901,538.4270031],
		[195.0708622,404.0702523],
		[195.0708622,284.6420294],
		[239.8564458,284.6420294],
		[224.927918,433.9273081],
		[224.927918,553.355531],
		[165.2138065,239.8564458],
		[120.4282229,195.0708622],
		[165.2138065,120.4282229],
		[269.7135016,120.4282229],
		[329.427613,195.0708622],
		[269.7135016,254.7849737],
		[209.9993901,105.4996951],
		[209.9993901,30.85705573]
	],
	"score": 1.663868651
}
