{
	"point": [
		[196.0033262,544.2235515],
		[182.0745172,404.9354614],
		[182.0745172,251.7185622],
		[237.7897532,293.5049893],
		[237.7897532,418.8642704],
		[223.8609442,544.2235515],
		[154.2168991,321.3626073],
		[154.2168991,209.9321352],
		[168.1457082,126.3592811],
		[265.6473712,112.4304721],
		[265.6473712,196.0033262],
		[265.6473712,293.5049893],
		[209.9321352,98.50166309],
		[209.9321352,28.85761803]
	],
	"score": 1.592213484
}
