{
	"point": [
		[146.5087904,498.1550338],
		[134.3830579,364.771976],
		[134.3830579,255.6403832],
		[195.0117205,243.5146506],
		[182.885988,413.2749061],
		[182.885988,546.6579639],
		[110.1315928,304.1433133],
		[122.2573253,219.2631856],
		[134.3830579,134.3830579],
		[219.2631856,134.3830579],
		[219.2631856,207.137453],
		[231.3889181,304.1433133],
		[170.7602554,110.1315928],
		[170.7602554,37.3771976]
	],
	"score": 1.49083988
}
