{
	"point": {
		"_ArrayType_": "double",
		"_ArraySize_": [14,2,2],
		"_ArrayData_": [182.885988,170.7602554,170.7602554,219.2631856,207.137453,195.0117205,110.1315928,134.3830579,146.5087904,243.5146506,267.7661157,243.5146506,195.0117205,195.0117205,498.1550338,401.1491736,292.0175808,279.8918482,413.2749061,534.5322314,292.0175808,207.137453,134.3830579,134.3830579,219.2631856,316.2690458,110.1315928,37.3771976,328.2379619,317.6818986,296.569772,338.7940252,328.2379619,328.2379619,275.4576454,275.4576454,286.0137087,349.3500884,359.9061517,317.6818986,317.6818986,328.2379619,433.7985947,328.2379619,212.1212657,212.1212657,317.6818986,433.7985947,233.2333923,159.3409493,85.44850629,96.00456958,96.00456958,138.2288227,74.892443,22.11212657]
	},
	"score": [1.47576089,0.4538512901]
}
