{
	"point": [
		[130.9603834,546.8336104],
		[104.9683067,416.8732269],
		[104.9683067,247.9247285],
		[182.9445368,286.9128435],
		[169.9484984,416.8732269],
		[169.9484984,546.8336104],
		[78.97623005,312.9049202],
		[91.97226839,195.9405751],
		[91.97226839,104.9683067],
		[195.9405751,117.9643451],
		[208.9366135,221.9326518],
		[221.9326518,312.9049202],
		[143.9564218,91.97226839],
		[143.9564218,26.99207668]
	],
	"score": 1.803695683
}
