{
	"point": [
		[182.019336,555.3717165],
		[182.019336,430.920923],
		[170.7056275,329.0975465],
		[215.9604615,329.0975465],
		[215.9604615,442.2346315],
		[204.646753,555.3717165],
		[148.0782105,363.038672],
		[148.0782105,272.529004],
		[159.391919,193.3330445],
		[238.5878785,204.646753],
		[238.5878785,272.529004],
		[238.5878785,363.038672],
		[204.646753,182.019336],
		[204.646753,114.137085]
	],
	"score": 1.01074977
}
