{
	"point": [
		[196.0033262,544.2235515],
		[209.9321352,404.9354614],
		[196.0033262,265.6473712],
		[237.7897532,265.6473712],
		[237.7897532,404.9354614],
		[223.8609442,544.2235515],
		[154.2168991,279.5761803],
		[154.2168991,196.0033262],
		[154.2168991,126.3592811],
		[265.6473712,112.4304721],
		[265.6473712,223.8609442],
		[265.6473712,307.4337983],
		[209.9321352,98.50166309],
		[209.9321352,28.85761803]
	],
	"score": 1.619236555
}
