{
	"point": [
		[156.9524601,559.8296487],
		[130.9603834,416.8732269],
		[130.9603834,260.9207668],
		[182.9445368,286.9128435],
		[182.9445368,429.8692653],
		[156.9524601,559.8296487],
		[117.9643451,260.9207668],
		[104.9683067,182.9445368],
		[104.9683067,117.9643451],
		[208.9366135,104.9683067],
		[221.9326518,182.9445368],
		[247.9247285,273.9168052],
		[156.9524601,91.97226839],
		[156.9524601,26.99207668]
	],
	"score": 1.033861242
}
