{
	"point": [
		[195.9405751,546.8336104],
		[182.9445368,403.8771886],
		[169.9484984,260.9207668],
		[234.9286902,299.9088819],
		[221.9326518,416.8732269],
		[221.9326518,546.8336104],
		[130.9603834,286.9128435],
		[143.9564218,195.9405751],
		[156.9524601,117.9643451],
		[247.9247285,117.9643451],
		[260.9207668,182.9445368],
		[260.9207668,286.9128435],
		[195.9405751,91.97226839],
		[195.9405751,26.99207668]
	],
	"score": 1.946472745
}
