{
	"point": [
		[195.0708622,553.355531],
		[180.1423344,404.0702523],
		[180.1423344,284.6420294],
		[239.8564458,254.7849737],
		[239.8564458,404.0702523],
		[224.927918,553.355531],
		[150.2852786,344.3561409],
		[165.2138065,239.8564458],
		[165.2138065,135.3567508],
		[269.7135016,120.4282229],
		[269.7135016,209.9993901],
		[269.7135016,284.6420294],
		[209.9993901,105.4996951],
		[209.9993901,30.85705573]
	],
	"score": 1.287101361
}
