{
	"point": [
		[130.9603834,546.8336104],
		[117.9643451,403.8771886],
		[104.9683067,273.9168052],
		[156.9524601,286.9128435],
		[156.9524601,416.8732269],
		[156.9524601,546.8336104],
		[65.98019171,312.9049202],
		[78.97623005,208.9366135],
		[91.97226839,117.9643451],
		[195.9405751,104.9683067],
		[195.9405751,182.9445368],
		[195.9405751,299.9088819],
		[143.9564218,91.97226839],
		[143.9564218,26.99207668]
	],
	"score": 1.74303254
}
