{
	"point": [
		[168.1457082,544.2235515],
		[168.1457082,418.8642704],
		[168.1457082,307.4337983],
		[223.8609442,293.5049893],
		[223.8609442,418.8642704],
		[209.9321352,558.1523605],
		[140.2880901,349.2202253],
		[140.2880901,251.7185622],
		[168.1457082,154.2168991],
		[251.7185622,154.2168991],
		[265.6473712,223.8609442],
		[265.6473712,321.3626073],
		[223.8609442,140.2880901],
		[223.8609442,70.64404506]
	],
	"score": 1.189516179
}
