{
	"point": [
		[209.9321352,530.2947425],
		[196.0033262,404.9354614],
		[168.1457082,265.6473712],
		[237.7897532,251.7185622],
		[223.8609442,391.0066524],
		[223.8609442,530.2947425],
		[154.2168991,293.5049893],
		[140.2880901,209.9321352],
		[154.2168991,126.3592811],
		[265.6473712,126.3592811],
		[279.5761803,237.7897532],
		[279.5761803,321.3626073],
		[209.9321352,112.4304721],
		[209.9321352,42.78642704]
	],
	"score": 1.164701513
}
