{
	"point": [
		[70.64404506,558.1523605],
		[70.64404506,418.8642704],
		[70.64404506,279.5761803],
		[140.2880901,251.7185622],
		[140.2880901,404.9354614],
		[126.3592811,558.1523605],
		[28.85761803,349.2202253],
		[42.78642704,237.7897532],
		[42.78642704,140.2880901],
		[154.2168991,126.3592811],
		[168.1457082,223.8609442],
		[182.0745172,335.2914163],
		[98.50166309,112.4304721],
		[98.50166309,28.85761803]
	],
	"score": 1.059623252
}
