{
	"point": [
		[168.1457082,558.1523605],
		[168.1457082,404.9354614],
		[154.2168991,265.6473712],
		[223.8609442,265.6473712],
		[209.9321352,418.8642704],
		[196.0033262,558.1523605],
		[126.3592811,307.4337983],
		[140.2880901,209.9321352],
		[154.2168991,112.4304721],
		[251.7185622,112.4304721],
		[265.6473712,209.9321352],
		[279.5761803,307.4337983],
		[196.0033262,98.50166309],
		[196.0033262,28.85761803]
	],
	"score": 1.172706158
}
