{
	"point": [
		[130.9603834,533.837572],
		[117.9643451,416.8732269],
		[91.97226839,273.9168052],
		[130.9603834,273.9168052],
		[117.9643451,416.8732269],
		[104.9683067,533.837572],
		[52.98415337,312.9049202],
		[52.98415337,208.9366135],
		[52.98415337,117.9643451],
		[143.9564218,104.9683067],
		[156.9524601,195.9405751],
		[156.9524601,286.9128435],
		[91.97226839,91.97226839],
		[91.97226839,26.99207668]
	],
	"score": 1.013668341
}
