{
	"point": [
		[154.2168991,544.2235515],
		[154.2168991,404.9354614],
		[140.2880901,251.7185622],
		[196.0033262,265.6473712],
		[196.0033262,404.9354614],
		[182.0745172,544.2235515],
		[112.4304721,293.5049893],
		[112.4304721,209.9321352],
		[126.3592811,126.3592811],
		[223.8609442,126.3592811],
		[237.7897532,223.8609442],
		[237.7897532,307.4337983],
		[182.0745172,98.50166309],
		[168.1457082,28.85761803]
	],
	"score": 1.421767564
}
