{
	"point": [
		[221.9326518,546.8336104],
		[208.9366135,403.8771886],
		[195.9405751,247.9247285],
		[273.9168052,273.9168052],
		[247.9247285,403.8771886],
		[234.9286902,559.8296487],
		[169.9484984,286.9128435],
		[182.9445368,195.9405751],
		[195.9405751,104.9683067],
		[299.9088819,117.9643451],
		[286.9128435,208.9366135],
		[312.9049202,286.9128435],
		[247.9247285,91.97226839],
		[247.9247285,26.99207668]
	],
	"score": 1.273384597
}
