{
	"point": [
		[120.4282229,553.355531],
		[120.4282229,418.9987802],
		[120.4282229,269.7135016],
		[180.1423344,269.7135016],
		[180.1423344,433.9273081],
		[165.2138065,568.2840589],
		[75.64263932,329.427613],
		[75.64263932,239.8564458],
		[90.57116719,135.3567508],
		[209.9993901,120.4282229],
		[209.9993901,180.1423344],
		[209.9993901,269.7135016],
		[150.2852786,105.4996951],
		[150.2852786,45.78558359]
	],
	"score": 1.04173119
}
