{
	"point": [
		[134.3830579,534.5322314],
		[110.1315928,401.1491736],
		[110.1315928,255.6403832],
		[158.6345229,279.8918482],
		[146.5087904,425.4006386],
		[134.3830579,570.909429],
		[85.88012772,279.8918482],
		[98.00586026,195.0117205],
		[110.1315928,110.1315928],
		[207.137453,98.00586026],
		[219.2631856,182.885988],
		[207.137453,267.7661157],
		[158.6345229,85.88012772],
		[158.6345229,25.25146506]
	],
	"score": 1.176765474
}
