{
	"point": [
		[169.9484984,533.837572],
		[156.9524601,416.8732269],
		[130.9603834,273.9168052],
		[195.9405751,286.9128435],
		[195.9405751,416.8732269],
		[195.9405751,533.837572],
		[91.97226839,325.9009585],
		[104.9683067,234.9286902],
		[104.9683067,143.9564218],
		[195.9405751,143.9564218],
		[221.9326518,234.9286902],
		[221.9326518,338.8969969],
		[143.9564218,117.9643451],
		[143.9564218,39.98811503]
	],
	"score": 1.730739028
}
