{
	"point": [
		[168.1457082,502.4371245],
		[154.2168991,391.0066524],
		[154.2168991,279.5761803],
		[209.9321352,265.6473712],
		[209.9321352,377.0778433],
		[196.0033262,502.4371245],
		[126.3592811,293.5049893],
		[140.2880901,196.0033262],
		[140.2880901,126.3592811],
		[237.7897532,126.3592811],
		[237.7897532,209.9321352],
		[237.7897532,307.4337983],
		[182.0745172,112.4304721],
		[182.0745172,42.78642704]
	],
	"score": 2.141355907
}
