{
	"point": [
		[182.9445368,494.849457],
		[169.9484984,377.8851119],
		[169.9484984,234.9286902],
		[221.9326518,260.9207668],
		[221.9326518,377.8851119],
		[195.9405751,507.8454953],
		[130.9603834,299.9088819],
		[143.9564218,208.9366135],
		[143.9564218,117.9643451],
		[247.9247285,130.9603834],
		[234.9286902,195.9405751],
		[247.9247285,299.9088819],
		[195.9405751,104.9683067],
		[195.9405751,39.98811503]
	],
	"score": 1.879463094
}
