{
	"point": [
		[73.75439519,401.1491736],
		[73.75439519,328.3947784],
		[110.1315928,243.5146506],
		[182.885988,279.8918482],
		[182.885988,401.1491736],
		[170.7602554,558.7836965],
		[61.62866266,292.0175808],
		[85.88012772,207.137453],
		[98.00586026,122.2573253],
		[207.137453,122.2573253],
		[195.0117205,207.137453],
		[207.137453,304.1433133],
		[146.5087904,98.00586026],
		[146.5087904,25.25146506]
	],
	"score": 1.12238071
}
