{
	"point": [
		[130.9603834,533.837572],
		[104.9683067,403.8771886],
		[91.97226839,286.9128435],
		[143.9564218,286.9128435],
		[130.9603834,416.8732269],
		[143.9564218,546.8336104],
		[65.98019171,247.9247285],
		[39.98811503,195.9405751],
		[65.98019171,130.9603834],
		[169.9484984,130.9603834],
		[182.9445368,208.9366135],
		[182.9445368,312.9049202],
		[104.9683067,117.9643451],
		[104.9683067,39.98811503]
	],
	"score": 1.176336194
}
