{
	"point": [
		[170.7602554,534.5322314],
		[170.7602554,425.4006386],
		[170.7602554,255.6403832],
		[219.2631856,279.8918482],
		[219.2631856,413.2749061],
		[195.0117205,534.5322314],
		[122.2573253,243.5146506],
		[134.3830579,170.7602554],
		[146.5087904,110.1315928],
		[255.6403832,122.2573253],
		[255.6403832,195.0117205],
		[255.6403832,267.7661157],
		[207.137453,98.00586026],
		[207.137453,25.25146506]
	],
	"score": 1.627034115
}
