{
	"point": [
		[243.5146506,546.6579639],
		[231.3889181,413.2749061],
		[219.2631856,304.1433133],
		[279.8918482,292.0175808],
		[279.8918482,413.2749061],
		[279.8918482,558.7836965],
		[195.0117205,328.3947784],
		[195.0117205,231.3889181],
		[195.0117205,134.3830579],
		[304.1433133,122.2573253],
		[328.3947784,182.885988],
		[364.771976,255.6403832],
		[243.5146506,110.1315928],
		[243.5146506,37.3771976]
	],
	"score": 2.057030052
}
