{
	"point": {
		"_ArrayType_": "double",
		"_ArraySize_": [14,2,2],
		"_ArrayData_": [182.0745172,168.1457082,168.1457082,251.7185622,237.7897532,237.7897532,126.3592811,154.2168991,154.2168991,265.6473712,279.5761803,293.5049893,209.9321352,209.9321352,558.1523605,418.8642704,251.7185622,251.7185622,391.0066524,544.2235515,307.4337983,196.0033262,112.4304721,112.4304721,223.8609442,307.4337983,84.57285408,14.92880901,309.6707572,301.0965695,283.9481941,326.8191326,326.8191326,309.6707572,232.5030679,266.7998187,283.9481941,361.1158834,361.1158834,378.2642588,326.8191326,343.967508,301.0965695,206.7805048,138.1870032,146.7611909,206.7805048,301.0965695,78.1676893,112.4644401,61.0193139,69.5935016,112.4644401,146.7611909,61.0193139,18.1483754]
	},
	"score": [0.2276225437,-0.03376282872]
}
