{
	"point": [
		[195.9405751,533.837572],
		[169.9484984,403.8771886],
		[169.9484984,273.9168052],
		[208.9366135,273.9168052],
		[208.9366135,403.8771886],
		[208.9366135,507.8454953],
		[130.9603834,234.9286902],
		[104.9683067,182.9445368],
		[156.9524601,104.9683067],
		[247.9247285,117.9643451],
		[247.9247285,221.9326518],
		[247.9247285,312.9049202],
		[208.9366135,91.97226839],
		[208.9366135,26.99207668]
	],
	"score": 1.648153615
}
