{
	"point": [
		[182.9445368,546.8336104],
		[169.9484984,416.8732269],
		[143.9564218,260.9207668],
		[208.9366135,286.9128435],
		[208.9366135,416.8732269],
		[195.9405751,546.8336104],
		[91.97226839,325.9009585],
		[104.9683067,221.9326518],
		[117.9643451,130.9603834],
		[221.9326518,130.9603834],
		[247.9247285,208.9366135],
		[273.9168052,286.9128435],
		[169.9484984,117.9643451],
		[169.9484984,39.98811503]
	],
	"score": 1.221860765
}
