{
	"point": [
		[98.50166309,544.2235515],
		[112.4304721,404.9354614],
		[112.4304721,279.5761803],
		[182.0745172,265.6473712],
		[182.0745172,404.9354614],
		[182.0745172,544.2235515],
		[84.57285408,321.3626073],
		[98.50166309,209.9321352],
		[98.50166309,112.4304721],
		[196.0033262,112.4304721],
		[209.9321352,196.0033262],
		[223.8609442,307.4337983],
		[140.2880901,84.57285408],
		[140.2880901,14.92880901]
	],
	"score": 1.310944292
}
