{
	"point": [
		[140.2880901,530.2947425],
		[140.2880901,391.0066524],
		[126.3592811,223.8609442],
		[182.0745172,237.7897532],
		[182.0745172,391.0066524],
		[168.1457082,544.2235515],
		[84.57285408,307.4337983],
		[98.50166309,196.0033262],
		[112.4304721,98.50166309],
		[209.9321352,98.50166309],
		[223.8609442,196.0033262],
		[251.7185622,293.5049893],
		[154.2168991,84.57285408],
		[154.2168991,14.92880901]
	],
	"score": 1.607297361
}
