{
	"point": [
		[208.9366135,546.8336104],
		[195.9405751,403.8771886],
		[195.9405751,260.9207668],
		[260.9207668,260.9207668],
		[247.9247285,416.8732269],
		[247.9247285,559.8296487],
		[169.9484984,312.9049202],
		[169.9484984,195.9405751],
		[182.9445368,104.9683067],
		[273.9168052,117.9643451],
		[299.9088819,208.9366135],
		[286.9128435,312.9049202],
		[234.9286902,91.97226839],
		[234.9286902,26.99207668]
	],
	"score": 1.051074814
}
