{
	"point": [
		[168.1457082,544.2235515],
		[168.1457082,404.9354614],
		[168.1457082,265.6473712],
		[223.8609442,265.6473712],
		[209.9321352,404.9354614],
		[209.9321352,558.1523605],
		[126.3592811,307.4337983],
		[126.3592811,196.0033262],
		[154.2168991,112.4304721],
		[251.7185622,112.4304721],
		[251.7185622,223.8609442],
		[251.7185622,321.3626073],
		[196.0033262,98.50166309],
		[196.0033262,28.85761803]
	],
	"score": 1.238866679
}
