{
	"point": [
		[196.0033262,502.4371245],
		[182.0745172,391.0066524],
		[168.1457082,265.6473712],
		[196.0033262,293.5049893],
		[196.0033262,391.0066524],
		[196.0033262,502.4371245],
		[140.2880901,293.5049893],
		[140.2880901,209.9321352],
		[140.2880901,126.3592811],
		[237.7897532,126.3592811],
		[237.7897532,209.9321352],
		[237.7897532,307.4337983],
		[196.0033262,112.4304721],
		[196.0033262,42.78642704]
	],
	"score": 1.592362759
}
