{
	"point": [
		[146.5087904,522.4064989],
		[122.2573253,389.023441],
		[110.1315928,255.6403832],
		[170.7602554,267.7661157],
		[170.7602554,389.023441],
		[195.0117205,498.1550338],
		[73.75439519,304.1433133],
		[85.88012772,195.0117205],
		[73.75439519,110.1315928],
		[170.7602554,98.00586026],
		[195.0117205,182.885988],
		[207.137453,279.8918482],
		[122.2573253,85.88012772],
		[122.2573253,25.25146506]
	],
	"score": 1.144914608
}
