{
	"point": [
		[196.0033262,558.1523605],
		[182.0745172,418.8642704],
		[182.0745172,279.5761803],
		[237.7897532,279.5761803],
		[223.8609442,418.8642704],
		[209.9321352,558.1523605],
		[140.2880901,307.4337983],
		[154.2168991,196.0033262],
		[154.2168991,112.4304721],
		[265.6473712,112.4304721],
		[251.7185622,168.1457082],
		[251.7185622,84.57285408],
		[209.9321352,98.50166309],
		[209.9321352,28.85761803]
	],
	"score": 1.208786796
}
