{
	"point": [
		[284.6420294,553.355531],
		[269.7135016,418.9987802],
		[254.7849737,269.7135016],
		[329.427613,284.6420294],
		[329.427613,418.9987802],
		[314.4990852,568.2840589],
		[269.7135016,75.64263932],
		[254.7849737,165.2138065],
		[254.7849737,105.4996951],
		[359.2846688,105.4996951],
		[359.2846688,195.0708622],
		[359.2846688,299.5705573],
		[299.5705573,90.57116719],
		[299.5705573,15.92852786]
	],
	"score": 1.296939044
}
