{
	"point": [
		[112.4304721,516.3659335],
		[56.71523605,377.0778433],
		[84.57285408,237.7897532],
		[140.2880901,223.8609442],
		[126.3592811,377.0778433],
		[112.4304721,530.2947425],
		[56.71523605,265.6473712],
		[56.71523605,182.0745172],
		[56.71523605,98.50166309],
		[168.1457082,112.4304721],
		[154.2168991,168.1457082],
		[140.2880901,70.64404506],
		[112.4304721,84.57285408],
		[112.4304721,14.92880901]
	],
	"score": 1.459183092
}
