{
	"point": {
		"_ArrayType_": "double",
		"_ArraySize_": [14,2,2],
		"_ArrayData_": [74.892443,53.78031643,53.78031643,106.5606329,96.00456958,74.892443,22.11212657,22.11212657,43.22425314,127.6727594,127.6727594,127.6727594,85.44850629,85.44850629,528.8031643,412.6864682,307.1258353,307.1258353,412.6864682,528.8031643,338.7940252,254.3455189,180.4530759,180.4530759,264.9015822,338.7940252,169.8970126,106.5606329,269.7135016,254.7849737,209.9993901,299.5705573,314.4990852,344.3561409,180.1423344,180.1423344,180.1423344,314.4990852,329.427613,254.7849737,254.7849737,299.5705573,493.6414195,374.2131966,254.7849737,284.6420294,448.8558359,568.2840589,299.5705573,195.0708622,90.57116719,90.57116719,165.2138065,195.0708622,75.64263932,30.85705573]
	},
	"score": [0.9570939958,0.0688612556]
}
