{
	"point": [
		[140.2880901,544.2235515],
		[126.3592811,404.9354614],
		[112.4304721,265.6473712],
		[168.1457082,307.4337983],
		[168.1457082,432.7930794],
		[168.1457082,558.1523605],
		[98.50166309,335.2914163],
		[98.50166309,209.9321352],
		[98.50166309,112.4304721],
		[196.0033262,98.50166309],
		[209.9321352,154.2168991],
		[209.9321352,237.7897532],
		[154.2168991,84.57285408],
		[154.2168991,14.92880901]
	],
	"score": 1.427939959
}
