{
	"point": [
		[91.97226839,494.849457],
		[91.97226839,390.8811503],
		[91.97226839,273.9168052],
		[143.9564218,273.9168052],
		[143.9564218,377.8851119],
		[130.9603834,494.849457],
		[65.98019171,299.9088819],
		[52.98415337,221.9326518],
		[78.97623005,143.9564218],
		[182.9445368,143.9564218],
		[221.9326518,208.9366135],
		[169.9484984,247.9247285],
		[130.9603834,130.9603834],
		[130.9603834,39.98811503]
	],
	"score": 1.258805886
}
