{
	"point": [
		[212.1212657,518.247101],
		[191.0091392,402.1304049],
		[191.0091392,264.9015822],
		[233.2333923,296.569772],
		[233.2333923,402.1304049],
		[254.3455189,507.6910377],
		[148.784886,296.569772],
		[159.3409493,212.1212657],
		[169.8970126,148.784886],
		[254.3455189,148.784886],
		[264.9015822,233.2333923],
		[264.9015822,328.2379619],
		[212.1212657,127.6727594],
		[212.1212657,74.892443]
	],
	"score": 1.458592365
}
