{
	"point": [
		[112.4304721,558.1523605],
		[140.2880901,418.8642704],
		[140.2880901,293.5049893],
		[196.0033262,279.5761803],
		[196.0033262,404.9354614],
		[182.0745172,544.2235515],
		[112.4304721,279.5761803],
		[84.57285408,223.8609442],
		[112.4304721,140.2880901],
		[223.8609442,140.2880901],
		[223.8609442,223.8609442],
		[223.8609442,335.2914163],
		[168.1457082,112.4304721],
		[168.1457082,28.85761803]
	],
	"score": 1.568010309
}
