{
	"point": [
		[195.0708622,523.4984753],
		[195.0708622,404.0702523],
		[195.0708622,284.6420294],
		[254.7849737,284.6420294],
		[254.7849737,404.0702523],
		[239.8564458,553.355531],
		[150.2852786,359.2846688],
		[150.2852786,239.8564458],
		[165.2138065,135.3567508],
		[269.7135016,120.4282229],
		[284.6420294,209.9993901],
		[284.6420294,314.4990852],
		[209.9993901,105.4996951],
		[209.9993901,30.85705573]
	],
	"score": 1.265474602
}
