{
	"point": [
		[224.927918,553.355531],
		[224.927918,418.9987802],
		[209.9993901,239.8564458],
		[269.7135016,269.7135016],
		[269.7135016,418.9987802],
		[269.7135016,553.355531],
		[150.2852786,284.6420294],
		[180.1423344,195.0708622],
		[195.0708622,90.57116719],
		[299.5705573,90.57116719],
		[314.4990852,209.9993901],
		[314.4990852,329.427613],
		[239.8564458,75.64263932],
		[239.8564458,1]
	],
	"score": 1.250504799
}
