{
	"point": [
		[209.9993901,553.355531],
		[195.0708622,404.0702523],
		[180.1423344,284.6420294],
		[239.8564458,254.7849737],
		[254.7849737,389.1417245],
		[239.8564458,538.4270031],
		[150.2852786,344.3561409],
		[165.2138065,239.8564458],
		[165.2138065,135.3567508],
		[269.7135016,120.4282229],
		[269.7135016,224.927918],
		[269.7135016,299.5705573],
		[209.9993901,105.4996951],
		[209.9993901,30.85705573]
	],
	"score": 1.307737897
}
