{
	"point": [
		[140.2880901,558.1523605],
		[126.3592811,418.8642704],
		[126.3592811,265.6473712],
		[182.0745172,307.4337983],
		[168.1457082,432.7930794],
		[168.1457082,558.1523605],
		[84.57285408,335.2914163],
		[98.50166309,223.8609442],
		[98.50166309,126.3592811],
		[196.0033262,112.4304721],
		[209.9321352,209.9321352],
		[209.9321352,321.3626073],
		[154.2168991,98.50166309],
		[154.2168991,28.85761803]
	],
	"score": 1.554271463
}
