{
	"point": [
		[182.9445368,507.8454953],
		[169.9484984,403.8771886],
		[143.9564218,299.9088819],
		[208.9366135,260.9207668],
		[182.9445368,390.8811503],
		[195.9405751,507.8454953],
		[130.9603834,260.9207668],
		[91.97226839,195.9405751],
		[130.9603834,143.9564218],
		[234.9286902,130.9603834],
		[247.9247285,221.9326518],
		[247.9247285,312.9049202],
		[182.9445368,117.9643451],
		[182.9445368,39.98811503]
	],
	"score": 1.393881836
}
