{
	"point": [
		[120.4282229,553.355531],
		[120.4282229,433.9273081],
		[120.4282229,254.7849737],
		[180.1423344,284.6420294],
		[165.2138065,418.9987802],
		[150.2852786,553.355531],
		[75.64263932,239.8564458],
		[45.78558359,180.1423344],
		[90.57116719,120.4282229],
		[209.9993901,135.3567508],
		[269.7135016,195.0708622],
		[195.0708622,239.8564458],
		[150.2852786,105.4996951],
		[150.2852786,30.85705573]
	],
	"score": 1.240379734
}
