{
	"point": [
		[117.9643451,507.8454953],
		[104.9683067,390.8811503],
		[91.97226839,260.9207668],
		[143.9564218,286.9128435],
		[143.9564218,403.8771886],
		[130.9603834,507.8454953],
		[52.98415337,325.9009585],
		[65.98019171,221.9326518],
		[78.97623005,130.9603834],
		[169.9484984,130.9603834],
		[169.9484984,208.9366135],
		[156.9524601,208.9366135],
		[117.9643451,104.9683067],
		[117.9643451,39.98811503]
	],
	"score": 1.57762465
}
