{
	"point": [
		[134.3830579,558.7836965],
		[122.2573253,425.4006386],
		[122.2573253,279.8918482],
		[182.885988,279.8918482],
		[170.7602554,425.4006386],
		[158.6345229,558.7836965],
		[85.88012772,316.2690458],
		[85.88012772,219.2631856],
		[98.00586026,122.2573253],
		[207.137453,134.3830579],
		[243.5146506,207.137453],
		[195.0117205,231.3889181],
		[146.5087904,98.00586026],
		[146.5087904,25.25146506]
	],
	"score": 1.35258642
}
