{
	"point": [
		[154.2168991,558.1523605],
		[126.3592811,404.9354614],
		[112.4304721,237.7897532],
		[182.0745172,237.7897532],
		[168.1457082,377.0778433],
		[140.2880901,530.2947425],
		[84.57285408,307.4337983],
		[98.50166309,209.9321352],
		[112.4304721,112.4304721],
		[209.9321352,112.4304721],
		[209.9321352,196.0033262],
		[209.9321352,293.5049893],
		[154.2168991,84.57285408],
		[154.2168991,14.92880901]
	],
	"score": 1.105458576
}
