{
	"point": [
		[182.885988,558.7836965],
		[170.7602554,401.1491736],
		[170.7602554,255.6403832],
		[231.3889181,279.8918482],
		[231.3889181,413.2749061],
		[231.3889181,558.7836965],
		[146.5087904,292.0175808],
		[146.5087904,195.0117205],
		[158.6345229,110.1315928],
		[255.6403832,110.1315928],
		[267.7661157,195.0117205],
		[267.7661157,304.1433133],
		[207.137453,85.88012772],
		[207.137453,25.25146506]
	],
	"score": 1.309952386
}
