{
	"point": [
		[221.9326518,546.8336104],
		[208.9366135,403.8771886],
		[208.9366135,247.9247285],
		[273.9168052,273.9168052],
		[260.9207668,403.8771886],
		[247.9247285,546.8336104],
		[156.9524601,312.9049202],
		[182.9445368,208.9366135],
		[182.9445368,117.9643451],
		[273.9168052,130.9603834],
		[273.9168052,195.9405751],
		[299.9088819,260.9207668],
		[234.9286902,104.9683067],
		[234.9286902,39.98811503]
	],
	"score": 1.60666243
}
