{
	"point": [
		[208.9366135,507.8454953],
		[182.9445368,390.8811503],
		[156.9524601,260.9207668],
		[221.9326518,286.9128435],
		[221.9326518,403.8771886],
		[195.9405751,559.8296487],
		[143.9564218,208.9366135],
		[130.9603834,208.9366135],
		[156.9524601,117.9643451],
		[247.9247285,130.9603834],
		[247.9247285,221.9326518],
		[247.9247285,312.9049202],
		[195.9405751,104.9683067],
		[195.9405751,26.99207668]
	],
	"score": 1.917584301
}
