{
	"point": [
		[195.9405751,533.837572],
		[182.9445368,390.8811503],
		[182.9445368,273.9168052],
		[247.9247285,260.9207668],
		[247.9247285,403.8771886],
		[221.9326518,533.837572],
		[156.9524601,299.9088819],
		[169.9484984,195.9405751],
		[182.9445368,104.9683067],
		[273.9168052,104.9683067],
		[273.9168052,208.9366135],
		[273.9168052,299.9088819],
		[234.9286902,78.97623005],
		[234.9286902,13.99603834]
	],
	"score": 1.177952039
}
