{
	"point": [
		[196.0033262,544.2235515],
		[196.0033262,418.8642704],
		[196.0033262,279.5761803],
		[251.7185622,279.5761803],
		[251.7185622,432.7930794],
		[237.7897532,558.1523605],
		[168.1457082,223.8609442],
		[140.2880901,168.1457082],
		[196.0033262,112.4304721],
		[293.5049893,112.4304721],
		[349.2202253,168.1457082],
		[293.5049893,223.8609442],
		[251.7185622,84.57285408],
		[251.7185622,14.92880901]
	],
	"score": 1.096532958
}
