{
	"point": [
		[140.2880901,558.1523605],
		[140.2880901,404.9354614],
		[140.2880901,265.6473712],
		[209.9321352,279.5761803],
		[196.0033262,404.9354614],
		[182.0745172,558.1523605],
		[112.4304721,307.4337983],
		[112.4304721,209.9321352],
		[112.4304721,112.4304721],
		[223.8609442,112.4304721],
		[223.8609442,209.9321352],
		[237.7897532,307.4337983],
		[168.1457082,84.57285408],
		[168.1457082,28.85761803]
	],
	"score": 1.547698522
}
