{
	"point": [
		[130.9603834,546.8336104],
		[130.9603834,429.8692653],
		[104.9683067,286.9128435],
		[182.9445368,260.9207668],
		[169.9484984,416.8732269],
		[156.9524601,559.8296487],
		[91.97226839,286.9128435],
		[78.97623005,195.9405751],
		[91.97226839,104.9683067],
		[195.9405751,104.9683067],
		[195.9405751,156.9524601],
		[195.9405751,234.9286902],
		[143.9564218,91.97226839],
		[143.9564218,26.99207668]
	],
	"score": 1.364451558
}
