{
	"point": {
		"_ArrayType_": "double",
		"_ArraySize_": [14,2,2],
		"_ArrayData_": [169.9484984,169.9484984,143.9564218,195.9405751,195.9405751,169.9484984,91.97226839,117.9643451,130.9603834,234.9286902,234.9286902,234.9286902,182.9445368,182.9445368,546.8336104,403.8771886,260.9207668,234.9286902,364.8890736,494.849457,182.9445368,208.9366135,117.9643451,117.9643451,221.9326518,312.9049202,104.9683067,39.98811503,61.0193139,61.0193139,52.4451262,78.1676893,78.1676893,78.1676893,35.2967508,43.8709385,43.8709385,103.8902524,103.8902524,103.8902524,78.1676893,69.5935016,386.8384465,309.6707572,223.9288802,215.3546925,301.0965695,369.6900711,249.6514433,198.2063171,146.7611909,138.1870032,198.2063171,146.7611909,129.6128155,95.3160647]
	},
	"score": [1.059558235,0.354220995]
}
