{
	"point": [
		[195.9405751,494.849457],
		[169.9484984,377.8851119],
		[156.9524601,247.9247285],
		[195.9405751,260.9207668],
		[169.9484984,390.8811503],
		[195.9405751,481.8534186],
		[117.9643451,286.9128435],
		[143.9564218,208.9366135],
		[143.9564218,130.9603834],
		[234.9286902,130.9603834],
		[234.9286902,182.9445368],
		[234.9286902,260.9207668],
		[182.9445368,104.9683067],
		[182.9445368,39.98811503]
	],
	"score": 1.133842713
}
