{
	"point": [
		[154.2168991,530.2947425],
		[140.2880901,391.0066524],
		[140.2880901,265.6473712],
		[196.0033262,223.8609442],
		[182.0745172,391.0066524],
		[154.2168991,544.2235515],
		[98.50166309,321.3626073],
		[84.57285408,209.9321352],
		[98.50166309,112.4304721],
		[209.9321352,98.50166309],
		[223.8609442,182.0745172],
		[196.0033262,223.8609442],
		[154.2168991,84.57285408],
		[154.2168991,14.92880901]
	],
	"score": 1.294129014
}
