{
	"point": [
		[209.9321352,530.2947425],
		[196.0033262,404.9354614],
		[196.0033262,279.5761803],
		[237.7897532,251.7185622],
		[265.6473712,404.9354614],
		[265.6473712,558.1523605],
		[154.2168991,251.7185622],
		[126.3592811,196.0033262],
		[154.2168991,140.2880901],
		[265.6473712,126.3592811],
		[293.5049893,196.0033262],
		[251.7185622,237.7897532],
		[209.9321352,112.4304721],
		[209.9321352,28.85761803]
	],
	"score": 1.045939574
}
