{
	"point": [
		[126.3592811,530.2947425],
		[126.3592811,391.0066524],
		[112.4304721,251.7185622],
		[168.1457082,265.6473712],
		[168.1457082,418.8642704],
		[140.2880901,558.1523605],
		[84.57285408,307.4337983],
		[70.64404506,209.9321352],
		[98.50166309,112.4304721],
		[209.9321352,112.4304721],
		[209.9321352,209.9321352],
		[209.9321352,293.5049893],
		[154.2168991,98.50166309],
		[154.2168991,14.92880901]
	],
	"score": 1.730105191
}
