{
	"point": [
		[180.1423344,553.355531],
		[180.1423344,404.0702523],
		[180.1423344,284.6420294],
		[239.8564458,284.6420294],
		[239.8564458,418.9987802],
		[239.8564458,553.355531],
		[180.1423344,254.7849737],
		[150.2852786,195.0708622],
		[165.2138065,120.4282229],
		[269.7135016,120.4282229],
		[269.7135016,224.927918],
		[269.7135016,329.427613],
		[209.9993901,105.4996951],
		[209.9993901,30.85705573]
	],
	"score": 1.41407194
}
