{
	"point": [
		[140.2880901,544.2235515],
		[126.3592811,404.9354614],
		[112.4304721,265.6473712],
		[182.0745172,279.5761803],
		[154.2168991,418.8642704],
		[168.1457082,558.1523605],
		[84.57285408,307.4337983],
		[98.50166309,209.9321352],
		[98.50166309,112.4304721],
		[209.9321352,98.50166309],
		[223.8609442,196.0033262],
		[209.9321352,293.5049893],
		[154.2168991,84.57285408],
		[154.2168991,14.92880901]
	],
	"score": 1.391566674
}
