{
	"point": [
		[126.3592811,558.1523605],
		[126.3592811,418.8642704],
		[112.4304721,251.7185622],
		[182.0745172,279.5761803],
		[168.1457082,418.8642704],
		[154.2168991,558.1523605],
		[84.57285408,293.5049893],
		[98.50166309,196.0033262],
		[98.50166309,98.50166309],
		[209.9321352,112.4304721],
		[251.7185622,196.0033262],
		[196.0033262,223.8609442],
		[154.2168991,84.57285408],
		[154.2168991,14.92880901]
	],
	"score": 1.338590432
}
