{
	"point": [
		[134.3830579,498.1550338],
		[146.5087904,376.8977085],
		[170.7602554,267.7661157],
		[219.2631856,255.6403832],
		[219.2631856,376.8977085],
		[207.137453,510.2807663],
		[146.5087904,292.0175808],
		[146.5087904,195.0117205],
		[146.5087904,122.2573253],
		[231.3889181,122.2573253],
		[292.0175808,182.885988],
		[231.3889181,219.2631856],
		[182.885988,98.00586026],
		[182.885988,37.3771976]
	],
	"score": 1.662269504
}
