{
	"point": [
		[221.9326518,546.8336104],
		[208.9366135,403.8771886],
		[195.9405751,312.9049202],
		[247.9247285,286.9128435],
		[247.9247285,416.8732269],
		[221.9326518,546.8336104],
		[156.9524601,338.8969969],
		[156.9524601,247.9247285],
		[156.9524601,156.9524601],
		[247.9247285,143.9564218],
		[273.9168052,221.9326518],
		[273.9168052,247.9247285],
		[195.9405751,130.9603834],
		[195.9405751,65.98019171]
	],
	"score": 1.084202454
}
