{
	"point": [
		[204.646753,544.058008],
		[204.646753,419.6072145],
		[182.019336,295.156421],
		[227.27417,317.783838],
		[215.9604615,419.6072145],
		[204.646753,544.058008],
		[148.0782105,340.411255],
		[148.0782105,249.901587],
		[170.7056275,159.391919],
		[261.2152955,182.019336],
		[261.2152955,238.5878785],
		[215.9604615,272.529004],
		[215.9604615,148.0782105],
		[215.9604615,91.50966799]
	],
	"score": 1.342487191
}
