{
	"point": [
		[140.2880901,544.2235515],
		[126.3592811,404.9354614],
		[112.4304721,251.7185622],
		[168.1457082,265.6473712],
		[168.1457082,418.8642704],
		[168.1457082,558.1523605],
		[84.57285408,321.3626073],
		[84.57285408,209.9321352],
		[98.50166309,112.4304721],
		[196.0033262,112.4304721],
		[196.0033262,209.9321352],
		[196.0033262,307.4337983],
		[154.2168991,98.50166309],
		[154.2168991,28.85761803]
	],
	"score": 1.732211468
}
