{
	"point": [
		[90.57116719,538.4270031],
		[105.4996951,389.1417245],
		[120.4282229,254.7849737],
		[195.0708622,254.7849737],
		[195.0708622,404.0702523],
		[180.1423344,553.355531],
		[90.57116719,299.5705573],
		[90.57116719,209.9993901],
		[90.57116719,120.4282229],
		[209.9993901,105.4996951],
		[209.9993901,209.9993901],
		[224.927918,314.4990852],
		[150.2852786,90.57116719],
		[150.2852786,15.92852786]
	],
	"score": 1.122969412
}
