{
	"point": [
		[143.9564218,546.8336104],
		[117.9643451,416.8732269],
		[104.9683067,273.9168052],
		[182.9445368,260.9207668],
		[182.9445368,390.8811503],
		[156.9524601,520.8415337],
		[104.9683067,273.9168052],
		[78.97623005,208.9366135],
		[104.9683067,117.9643451],
		[208.9366135,117.9643451],
		[208.9366135,221.9326518],
		[208.9366135,299.9088819],
		[156.9524601,104.9683067],
		[156.9524601,26.99207668]
	],
	"score": 1.33425995
}
