{
	"point": [
		[78.97623005,559.8296487],
		[91.97226839,403.8771886],
		[91.97226839,273.9168052],
		[143.9564218,273.9168052],
		[143.9564218,416.8732269],
		[117.9643451,559.8296487],
		[52.98415337,299.9088819],
		[52.98415337,195.9405751],
		[65.98019171,104.9683067],
		[169.9484984,117.9643451],
		[182.9445368,208.9366135],
		[182.9445368,286.9128435],
		[117.9643451,91.97226839],
		[117.9643451,26.99207668]
	],
	"score": 1.735851023
}
