{
	"point": [
		[98.50166309,544.2235515],
		[98.50166309,418.8642704],
		[98.50166309,279.5761803],
		[154.2168991,279.5761803],
		[154.2168991,432.7930794],
		[140.2880901,558.1523605],
		[56.71523605,293.5049893],
		[56.71523605,209.9321352],
		[70.64404506,126.3592811],
		[168.1457082,112.4304721],
		[182.0745172,209.9321352],
		[126.3592811,182.0745172],
		[126.3592811,98.50166309],
		[126.3592811,28.85761803]
	],
	"score": 1.099549209
}
