{
	"point": [
		[105.4996951,553.355531],
		[90.57116719,418.9987802],
		[75.64263932,299.5705573],
		[150.2852786,269.7135016],
		[135.3567508,418.9987802],
		[135.3567508,553.355531],
		[45.78558359,329.427613],
		[60.71411146,239.8564458],
		[60.71411146,135.3567508],
		[165.2138065,120.4282229],
		[165.2138065,224.927918],
		[165.2138065,314.4990852],
		[105.4996951,105.4996951],
		[105.4996951,30.85705573]
	],
	"score": 1.203448573
}
