{
	"point": [
		[146.5087904,522.4064989],
		[98.00586026,413.2749061],
		[98.00586026,267.7661157],
		[158.6345229,292.0175808],
		[158.6345229,413.2749061],
		[146.5087904,558.7836965],
		[73.75439519,304.1433133],
		[85.88012772,207.137453],
		[98.00586026,110.1315928],
		[195.0117205,110.1315928],
		[231.3889181,182.885988],
		[182.885988,231.3889181],
		[146.5087904,85.88012772],
		[146.5087904,25.25146506]
	],
	"score": 1.025718842
}
