{
	"point": [
		[154.2168991,558.1523605],
		[140.2880901,418.8642704],
		[140.2880901,251.7185622],
		[182.0745172,279.5761803],
		[182.0745172,418.8642704],
		[168.1457082,558.1523605],
		[112.4304721,251.7185622],
		[112.4304721,182.0745172],
		[112.4304721,112.4304721],
		[209.9321352,98.50166309],
		[209.9321352,209.9321352],
		[196.0033262,293.5049893],
		[154.2168991,84.57285408],
		[154.2168991,28.85761803]
	],
	"score": 1.061668076
}
