{
	"point": {
		"_ArrayType_": "double",
		"_ArraySize_": [14,2,2],
		"_ArrayData_": [368.5834736,359.3938868,359.3938868,396.1522341,386.9626473,377.7730604,359.3938868,341.0147131,350.2042999,405.341821,414.5314078,414.5314078,377.7730604,377.7730604,341.0147131,276.6876052,193.9813236,175.60215,258.3084315,341.0147131,65.32710788,129.6542158,92.8958684,92.8958684,157.2229763,212.3604973,74.51669472,28.56876052,163.9095663,155.3353786,155.3353786,181.0579417,181.0579417,181.0579417,129.6128155,146.7611909,146.7611909,206.7805048,241.0772556,206.7805048,172.483754,172.483754,343.967508,275.3740064,181.0579417,189.6321294,283.9481941,352.5416957,215.3546925,146.7611909,86.741877,86.741877,121.0386278,146.7611909,78.1676893,26.7225631]
	},
	"score": [0.5728476509,-0.01224886742]
}
