{
	"point": [
		[182.9445368,546.8336104],
		[195.9405751,416.8732269],
		[208.9366135,247.9247285],
		[247.9247285,260.9207668],
		[195.9405751,416.8732269],
		[182.9445368,559.8296487],
		[182.9445368,312.9049202],
		[182.9445368,208.9366135],
		[195.9405751,104.9683067],
		[299.9088819,104.9683067],
		[299.9088819,195.9405751],
		[325.9009585,273.9168052],
		[247.9247285,78.97623005],
		[247.9247285,13.99603834]
	],
	"score": 1.045200656
}
