{
	"point": [
		[126.3592811,544.2235515],
		[112.4304721,404.9354614],
		[98.50166309,265.6473712],
		[168.1457082,279.5761803],
		[154.2168991,418.8642704],
		[140.2880901,544.2235515],
		[70.64404506,307.4337983],
		[70.64404506,209.9321352],
		[70.64404506,112.4304721],
		[182.0745172,112.4304721],
		[168.1457082,209.9321352],
		[182.0745172,321.3626073],
		[126.3592811,98.50166309],
		[126.3592811,28.85761803]
	],
	"score": 1.181753037
}
