{
	"point": [
		[182.0745172,544.2235515],
		[209.9321352,404.9354614],
		[182.0745172,279.5761803],
		[223.8609442,279.5761803],
		[223.8609442,418.8642704],
		[209.9321352,558.1523605],
		[140.2880901,293.5049893],
		[140.2880901,196.0033262],
		[154.2168991,112.4304721],
		[265.6473712,112.4304721],
		[279.5761803,209.9321352],
		[251.7185622,265.6473712],
		[209.9321352,98.50166309],
		[209.9321352,28.85761803]
	],
	"score": 1.346767114
}
