{
	"point": [
		[154.2168991,544.2235515],
		[154.2168991,404.9354614],
		[154.2168991,279.5761803],
		[209.9321352,279.5761803],
		[209.9321352,404.9354614],
		[209.9321352,558.1523605],
		[112.4304721,321.3626073],
		[112.4304721,223.8609442],
		[126.3592811,126.3592811],
		[223.8609442,126.3592811],
		[223.8609442,182.0745172],
		[237.7897532,237.7897532],
		[182.0745172,98.50166309],
		[182.0745172,28.85761803]
	],
	"score": 1.491513369
}
