{
	"point": [
		[168.1457082,544.2235515],
		[182.0745172,391.0066524],
		[182.0745172,279.5761803],
		[251.7185622,265.6473712],
		[251.7185622,404.9354614],
		[251.7185622,544.2235515],
		[140.2880901,307.4337983],
		[154.2168991,209.9321352],
		[168.1457082,112.4304721],
		[265.6473712,112.4304721],
		[279.5761803,209.9321352],
		[279.5761803,307.4337983],
		[223.8609442,84.57285408],
		[209.9321352,28.85761803]
	],
	"score": 1.235272376
}
