{
	"point": [
		[182.0745172,544.2235515],
		[154.2168991,391.0066524],
		[154.2168991,237.7897532],
		[209.9321352,237.7897532],
		[209.9321352,404.9354614],
		[196.0033262,544.2235515],
		[126.3592811,293.5049893],
		[140.2880901,196.0033262],
		[154.2168991,112.4304721],
		[251.7185622,112.4304721],
		[265.6473712,196.0033262],
		[293.5049893,265.6473712],
		[196.0033262,98.50166309],
		[196.0033262,28.85761803]
	],
	"score": 1.130448332
}
