{
	"point": [
		[182.9445368,520.8415337],
		[169.9484984,390.8811503],
		[169.9484984,260.9207668],
		[221.9326518,273.9168052],
		[221.9326518,403.8771886],
		[208.9366135,533.837572],
		[130.9603834,312.9049202],
		[143.9564218,221.9326518],
		[143.9564218,117.9643451],
		[247.9247285,117.9643451],
		[247.9247285,208.9366135],
		[247.9247285,312.9049202],
		[195.9405751,91.97226839],
		[195.9405751,26.99207668]
	],
	"score": 1.860190037
}
