{
	"point": [
		[112.4304721,530.2947425],
		[70.64404506,404.9354614],
		[70.64404506,265.6473712],
		[126.3592811,279.5761803],
		[126.3592811,418.8642704],
		[112.4304721,544.2235515],
		[42.78642704,279.5761803],
		[42.78642704,196.0033262],
		[56.71523605,126.3592811],
		[154.2168991,126.3592811],
		[154.2168991,209.9321352],
		[168.1457082,307.4337983],
		[98.50166309,98.50166309],
		[98.50166309,28.85761803]
	],
	"score": 1.244262434
}
