{
	"point": [
		[56.71523605,544.2235515],
		[84.57285408,404.9354614],
		[98.50166309,279.5761803],
		[168.1457082,265.6473712],
		[154.2168991,404.9354614],
		[140.2880901,558.1523605],
		[56.71523605,293.5049893],
		[56.71523605,196.0033262],
		[70.64404506,112.4304721],
		[182.0745172,112.4304721],
		[182.0745172,168.1457082],
		[182.0745172,237.7897532],
		[126.3592811,84.57285408],
		[126.3592811,28.85761803]
	],
	"score": 1.499730155
}
