{
	"point": {
		"_ArrayType_": "double",
		"_ArraySize_": [14,2,2],
		"_ArrayData_": [117.9643451,117.9643451,104.9683067,169.9484984,156.9524601,156.9524601,78.97623005,78.97623005,104.9683067,208.9366135,208.9366135,208.9366135,156.9524601,156.9524601,533.837572,403.8771886,273.9168052,286.9128435,416.8732269,559.8296487,195.9405751,195.9405751,130.9603834,143.9564218,247.9247285,325.9009585,117.9643451,39.98811503,363.1490343,349.2202253,363.1490343,418.8642704,391.0066524,307.4337983,363.1490343,321.3626073,349.2202253,460.6506974,474.5795064,474.5795064,404.9354614,404.9354614,530.2947425,391.0066524,265.6473712,279.5761803,391.0066524,474.5795064,84.57285408,168.1457082,98.50166309,112.4304721,223.8609442,307.4337983,98.50166309,28.85761803]
	},
	"score": [1.115571849,0.04646336858]
}
