{
	"point": {
		"_ArrayType_": "double",
		"_ArraySize_": [14,2,2],
		"_ArrayData_": [170.7602554,182.885988,158.6345229,195.0117205,182.885988,170.7602554,122.2573253,110.1315928,110.1315928,195.0117205,207.137453,219.2631856,158.6345229,170.7602554,510.2807663,376.8977085,243.5146506,243.5146506,364.771976,498.1550338,279.8918482,170.7602554,98.00586026,98.00586026,134.3830579,207.137453,85.88012772,25.25146506,502.4371245,502.4371245,474.5795064,516.3659335,516.3659335,488.5083154,446.7218884,446.7218884,446.7218884,516.3659335,530.2947425,544.2235515,488.5083154,502.4371245,516.3659335,377.0778433,265.6473712,237.7897532,377.0778433,502.4371245,293.5049893,196.0033262,112.4304721,84.57285408,168.1457082,84.57285408,84.57285408,28.85761803]
	},
	"score": [0.7832622548,0.1095857216]
}
