{
	"point": [
		[182.0745172,544.2235515],
		[196.0033262,404.9354614],
		[196.0033262,293.5049893],
		[251.7185622,279.5761803],
		[251.7185622,404.9354614],
		[251.7185622,544.2235515],
		[154.2168991,307.4337983],
		[182.0745172,223.8609442],
		[182.0745172,126.3592811],
		[265.6473712,140.2880901],
		[265.6473712,223.8609442],
		[279.5761803,293.5049893],
		[223.8609442,112.4304721],
		[223.8609442,42.78642704]
	],
	"score": 1.348629742
}
