{
	"point": [
		[140.2880901,544.2235515],
		[140.2880901,404.9354614],
		[112.4304721,237.7897532],
		[196.0033262,279.5761803],
		[182.0745172,418.8642704],
		[168.1457082,558.1523605],
		[98.50166309,307.4337983],
		[98.50166309,196.0033262],
		[112.4304721,98.50166309],
		[223.8609442,112.4304721],
		[223.8609442,209.9321352],
		[223.8609442,307.4337983],
		[168.1457082,84.57285408],
		[168.1457082,14.92880901]
	],
	"score": 1.31522603
}
