{
	"point": [
		[223.8609442,544.2235515],
		[209.9321352,404.9354614],
		[196.0033262,265.6473712],
		[251.7185622,293.5049893],
		[251.7185622,418.8642704],
		[251.7185622,558.1523605],
		[168.1457082,307.4337983],
		[182.0745172,196.0033262],
		[182.0745172,112.4304721],
		[293.5049893,112.4304721],
		[293.5049893,196.0033262],
		[293.5049893,293.5049893],
		[237.7897532,98.50166309],
		[237.7897532,28.85761803]
	],
	"score": 1.688913444
}
