{
	"point": [
		[170.7602554,534.5322314],
		[158.6345229,425.4006386],
		[146.5087904,304.1433133],
		[219.2631856,292.0175808],
		[207.137453,425.4006386],
		[195.0117205,546.6579639],
		[134.3830579,304.1433133],
		[146.5087904,219.2631856],
		[158.6345229,134.3830579],
		[255.6403832,134.3830579],
		[255.6403832,219.2631856],
		[231.3889181,292.0175808],
		[207.137453,110.1315928],
		[207.137453,37.3771976]
	],
	"score": 1.262041577
}
