{
	"point": [
		[112.4304721,530.2947425],
		[98.50166309,404.9354614],
		[98.50166309,279.5761803],
		[154.2168991,251.7185622],
		[154.2168991,404.9354614],
		[154.2168991,530.2947425],
		[70.64404506,307.4337983],
		[70.64404506,223.8609442],
		[84.57285408,126.3592811],
		[182.0745172,126.3592811],
		[182.0745172,209.9321352],
		[182.0745172,237.7897532],
		[126.3592811,112.4304721],
		[126.3592811,28.85761803]
	],
	"score": 1.316269572
}
