{
	"point": [
		[169.9484984,507.8454953],
		[169.9484984,390.8811503],
		[169.9484984,273.9168052],
		[208.9366135,273.9168052],
		[208.9366135,390.8811503],
		[195.9405751,507.8454953],
		[130.9603834,260.9207668],
		[91.97226839,182.9445368],
		[143.9564218,130.9603834],
		[234.9286902,130.9603834],
		[286.9128435,195.9405751],
		[234.9286902,247.9247285],
		[182.9445368,104.9683067],
		[182.9445368,39.98811503]
	],
	"score": 1.909222762
}
