{
	"point": [
		[85.88012772,510.2807663],
		[61.62866266,401.1491736],
		[49.50293013,267.7661157],
		[98.00586026,292.0175808],
		[98.00586026,413.2749061],
		[98.00586026,510.2807663],
		[25.25146506,316.2690458],
		[25.25146506,219.2631856],
		[37.3771976,122.2573253],
		[134.3830579,122.2573253],
		[134.3830579,207.137453],
		[146.5087904,292.0175808],
		[85.88012772,98.00586026],
		[85.88012772,25.25146506]
	],
	"score": 1.218233635
}
