{
	"point": {
		"_ArrayType_": "double",
		"_ArraySize_": [14,2,2],
		"_ArrayData_": [296.569772,275.4576454,254.3455189,296.569772,286.0137087,296.569772,222.677329,233.2333923,233.2333923,307.1258353,338.7940252,317.6818986,264.9015822,264.9015822,549.9152909,444.354658,317.6818986,317.6818986,433.7985947,549.9152909,359.9061517,286.0137087,222.677329,222.677329,275.4576454,328.2379619,201.5652024,138.2288227,158.5864849,138.8881743,119.1898637,168.4356402,158.5864849,158.5864849,109.3407084,109.3407084,109.3407084,188.1339508,197.9831061,197.9831061,148.7373296,138.8881743,532.8543866,414.6645229,326.0221251,316.1729698,434.3628335,562.4018525,375.2679017,296.4746592,227.5305721,227.5305721,296.4746592,365.4187464,207.8322614,148.7373296]
	},
	"score": [0.7902352923,0.7676697339]
}
