{
	"point": [
		[158.6345229,510.2807663],
		[146.5087904,389.023441],
		[134.3830579,267.7661157],
		[195.0117205,255.6403832],
		[182.885988,376.8977085],
		[182.885988,510.2807663],
		[98.00586026,292.0175808],
		[110.1315928,207.137453],
		[122.2573253,122.2573253],
		[219.2631856,122.2573253],
		[231.3889181,219.2631856],
		[231.3889181,316.2690458],
		[170.7602554,110.1315928],
		[158.6345229,37.3771976]
	],
	"score": 1.480673377
}
