{
	"point": [
		[208.9366135,546.8336104],
		[195.9405751,416.8732269],
		[182.9445368,260.9207668],
		[247.9247285,286.9128435],
		[234.9286902,429.8692653],
		[234.9286902,546.8336104],
		[143.9564218,312.9049202],
		[156.9524601,208.9366135],
		[169.9484984,117.9643451],
		[260.9207668,130.9603834],
		[260.9207668,208.9366135],
		[286.9128435,286.9128435],
		[221.9326518,104.9683067],
		[234.9286902,26.99207668]
	],
	"score": 1.096942575
}
