{
	"point": [
		[221.9326518,559.8296487],
		[182.9445368,416.8732269],
		[169.9484984,286.9128435],
		[208.9366135,260.9207668],
		[195.9405751,403.8771886],
		[169.9484984,507.8454953],
		[91.97226839,286.9128435],
		[117.9643451,208.9366135],
		[130.9603834,130.9603834],
		[234.9286902,117.9643451],
		[234.9286902,182.9445368],
		[221.9326518,286.9128435],
		[182.9445368,104.9683067],
		[182.9445368,39.98811503]
	],
	"score": 1.166026076
}
