{
	"point": [
		[182.9445368,507.8454953],
		[182.9445368,390.8811503],
		[169.9484984,273.9168052],
		[208.9366135,273.9168052],
		[195.9405751,390.8811503],
		[195.9405751,507.8454953],
		[130.9603834,286.9128435],
		[130.9603834,208.9366135],
		[143.9564218,117.9643451],
		[234.9286902,130.9603834],
		[273.9168052,195.9405751],
		[221.9326518,234.9286902],
		[182.9445368,104.9683067],
		[182.9445368,39.98811503]
	],
	"score": 1.916527431
}
