{
	"point": [
		[251.7185622,544.2235515],
		[265.6473712,404.9354614],
		[279.5761803,251.7185622],
		[335.2914163,293.5049893],
		[335.2914163,418.8642704],
		[335.2914163,558.1523605],
		[251.7185622,307.4337983],
		[251.7185622,209.9321352],
		[237.7897532,112.4304721],
		[349.2202253,112.4304721],
		[349.2202253,209.9321352],
		[349.2202253,293.5049893],
		[293.5049893,98.50166309],
		[293.5049893,28.85761803]
	],
	"score": 1.178646669
}
