{
	"point": [
		[126.3592811,544.2235515],
		[126.3592811,418.8642704],
		[126.3592811,251.7185622],
		[168.1457082,251.7185622],
		[168.1457082,404.9354614],
		[154.2168991,544.2235515],
		[98.50166309,307.4337983],
		[98.50166309,196.0033262],
		[98.50166309,112.4304721],
		[196.0033262,112.4304721],
		[209.9321352,209.9321352],
		[209.9321352,307.4337983],
		[154.2168991,98.50166309],
		[154.2168991,28.85761803]
	],
	"score": 1.784240728
}
