{
	"point": [
		[182.9445368,546.8336104],
		[169.9484984,403.8771886],
		[169.9484984,273.9168052],
		[221.9326518,286.9128435],
		[208.9366135,416.8732269],
		[221.9326518,546.8336104],
		[143.9564218,299.9088819],
		[143.9564218,208.9366135],
		[143.9564218,130.9603834],
		[234.9286902,117.9643451],
		[234.9286902,195.9405751],
		[195.9405751,234.9286902],
		[182.9445368,104.9683067],
		[182.9445368,39.98811503]
	],
	"score": 1.899388002
}
