{
	"point": [
		[130.9603834,559.8296487],
		[130.9603834,416.8732269],
		[130.9603834,273.9168052],
		[182.9445368,273.9168052],
		[182.9445368,416.8732269],
		[169.9484984,559.8296487],
		[91.97226839,312.9049202],
		[91.97226839,208.9366135],
		[104.9683067,104.9683067],
		[208.9366135,117.9643451],
		[221.9326518,221.9326518],
		[221.9326518,325.9009585],
		[156.9524601,91.97226839],
		[156.9524601,26.99207668]
	],
	"score": 1.557762873
}
