{
	"point": [
		[126.3592811,544.2235515],
		[126.3592811,404.9354614],
		[126.3592811,265.6473712],
		[196.0033262,265.6473712],
		[182.0745172,404.9354614],
		[168.1457082,558.1523605],
		[98.50166309,265.6473712],
		[84.57285408,182.0745172],
		[98.50166309,98.50166309],
		[209.9321352,98.50166309],
		[209.9321352,168.1457082],
		[223.8609442,237.7897532],
		[154.2168991,84.57285408],
		[154.2168991,14.92880901]
	],
	"score": 1.286541632
}
