{
	"point": [
		[182.9445368,507.8454953],
		[169.9484984,390.8811503],
		[195.9405751,273.9168052],
		[247.9247285,260.9207668],
		[247.9247285,377.8851119],
		[299.9088819,468.8573803],
		[182.9445368,247.9247285],
		[143.9564218,195.9405751],
		[169.9484984,130.9603834],
		[273.9168052,130.9603834],
		[273.9168052,221.9326518],
		[286.9128435,299.9088819],
		[221.9326518,104.9683067],
		[221.9326518,39.98811503]
	],
	"score": 1.081647115
}
