{
	"point": [
		[196.0033262,544.2235515],
		[182.0745172,404.9354614],
		[168.1457082,279.5761803],
		[223.8609442,237.7897532],
		[223.8609442,391.0066524],
		[209.9321352,544.2235515],
		[140.2880901,223.8609442],
		[98.50166309,168.1457082],
		[140.2880901,98.50166309],
		[251.7185622,98.50166309],
		[293.5049893,168.1457082],
		[237.7897532,223.8609442],
		[196.0033262,84.57285408],
		[209.9321352,28.85761803]
	],
	"score": 1.472553919
}
