{
	"point": [
		[112.4304721,530.2947425],
		[126.3592811,404.9354614],
		[112.4304721,251.7185622],
		[168.1457082,265.6473712],
		[168.1457082,404.9354614],
		[140.2880901,530.2947425],
		[98.50166309,307.4337983],
		[84.57285408,209.9321352],
		[84.57285408,112.4304721],
		[182.0745172,126.3592811],
		[196.0033262,182.0745172],
		[209.9321352,265.6473712],
		[140.2880901,98.50166309],
		[140.2880901,28.85761803]
	],
	"score": 1.067203014
}
