{
	"point": [
		[196.0033262,502.4371245],
		[168.1457082,377.0778433],
		[168.1457082,279.5761803],
		[196.0033262,251.7185622],
		[182.0745172,391.0066524],
		[209.9321352,488.5083154],
		[140.2880901,237.7897532],
		[98.50166309,182.0745172],
		[140.2880901,126.3592811],
		[237.7897532,126.3592811],
		[251.7185622,223.8609442],
		[251.7185622,293.5049893],
		[182.0745172,112.4304721],
		[182.0745172,42.78642704]
	],
	"score": 1.305301413
}
