{
	"point": [
		[168.1457082,544.2235515],
		[140.2880901,404.9354614],
		[126.3592811,279.5761803],
		[196.0033262,279.5761803],
		[182.0745172,418.8642704],
		[168.1457082,558.1523605],
		[98.50166309,321.3626073],
		[112.4304721,209.9321352],
		[126.3592811,112.4304721],
		[237.7897532,112.4304721],
		[223.8609442,209.9321352],
		[223.8609442,307.4337983],
		[182.0745172,84.57285408],
		[182.0745172,14.92880901]
	],
	"score": 1.35044425
}
