{
	"point": [
		[208.9366135,533.837572],
		[182.9445368,403.8771886],
		[169.9484984,273.9168052],
		[221.9326518,273.9168052],
		[221.9326518,403.8771886],
		[208.9366135,546.8336104],
		[130.9603834,234.9286902],
		[91.97226839,169.9484984],
		[156.9524601,104.9683067],
		[247.9247285,104.9683067],
		[247.9247285,208.9366135],
		[247.9247285,312.9049202],
		[195.9405751,91.97226839],
		[195.9405751,26.99207668]
	],
	"score": 1.512005199
}
