{
	"point": [
		[196.0033262,558.1523605],
		[182.0745172,418.8642704],
		[168.1457082,265.6473712],
		[237.7897532,293.5049893],
		[223.8609442,418.8642704],
		[209.9321352,544.2235515],
		[98.50166309,265.6473712],
		[126.3592811,196.0033262],
		[154.2168991,126.3592811],
		[265.6473712,126.3592811],
		[265.6473712,223.8609442],
		[279.5761803,335.2914163],
		[209.9321352,112.4304721],
		[209.9321352,42.78642704]
	],
	"score": 1.219612932
}
