{
	"point": [
		[195.0117205,510.2807663],
		[182.885988,401.1491736],
		[170.7602554,255.6403832],
		[231.3889181,279.8918482],
		[231.3889181,401.1491736],
		[219.2631856,510.2807663],
		[122.2573253,304.1433133],
		[134.3830579,207.137453],
		[158.6345229,122.2573253],
		[255.6403832,122.2573253],
		[255.6403832,195.0117205],
		[267.7661157,279.8918482],
		[207.137453,110.1315928],
		[207.137453,37.3771976]
	],
	"score": 1.315181952
}
