{
	"point": [
		[80.19595949,498.803174],
		[80.19595949,408.293506],
		[80.19595949,272.529004],
		[125.4507935,272.529004],
		[125.4507935,408.293506],
		[114.137085,498.803174],
		[57.56854249,114.137085],
		[46.254834,182.019336],
		[68.88225099,114.137085],
		[159.391919,114.137085],
		[148.0782105,182.019336],
		[148.0782105,249.901587],
		[114.137085,91.50966799],
		[125.4507935,23.627417]
	],
	"score": 1.270803949
}
