{
	"point": [
		[208.9366135,494.849457],
		[169.9484984,377.8851119],
		[156.9524601,260.9207668],
		[221.9326518,273.9168052],
		[208.9366135,403.8771886],
		[195.9405751,546.8336104],
		[143.9564218,312.9049202],
		[156.9524601,208.9366135],
		[156.9524601,130.9603834],
		[247.9247285,130.9603834],
		[247.9247285,208.9366135],
		[273.9168052,299.9088819],
		[195.9405751,104.9683067],
		[195.9405751,39.98811503]
	],
	"score": 1.153859104
}
