{
	"point": [
		[182.9445368,533.837572],
		[169.9484984,403.8771886],
		[156.9524601,286.9128435],
		[221.9326518,312.9049202],
		[221.9326518,429.8692653],
		[182.9445368,546.8336104],
		[117.9643451,312.9049202],
		[117.9643451,234.9286902],
		[143.9564218,143.9564218],
		[247.9247285,143.9564218],
		[247.9247285,234.9286902],
		[247.9247285,325.9009585],
		[195.9405751,130.9603834],
		[195.9405751,65.98019171]
	],
	"score": 1.364486258
}
