{
	"point": {
		"_ArrayType_": "double",
		"_ArraySize_": [14,2,2],
		"_ArrayData_": [90.57116719,105.4996951,105.4996951,180.1423344,180.1423344,195.0708622,105.4996951,90.57116719,90.57116719,195.0708622,195.0708622,209.9993901,135.3567508,120.4282229,538.4270031,389.1417245,239.8564458,269.7135016,404.0702523,538.4270031,299.5705573,195.0708622,105.4996951,105.4996951,209.9993901,314.4990852,90.57116719,30.85705573,404.9354614,404.9354614,432.7930794,474.5795064,432.7930794,432.7930794,391.0066524,391.0066524,404.9354614,502.4371245,502.4371245,488.5083154,446.7218884,432.7930794,502.4371245,391.0066524,251.7185622,265.6473712,418.8642704,558.1523605,307.4337983,196.0033262,112.4304721,112.4304721,196.0033262,279.5761803,98.50166309,28.85761803]
	},
	"score": [0.5236558776,0.01829399219]
}
