{
	"point": [
		[134.3830579,522.4064989],
		[122.2573253,389.023441],
		[122.2573253,267.7661157],
		[182.885988,279.8918482],
		[182.885988,401.1491736],
		[170.7602554,522.4064989],
		[85.88012772,328.3947784],
		[98.00586026,231.3889181],
		[110.1315928,146.5087904],
		[195.0117205,134.3830579],
		[219.2631856,207.137453],
		[219.2631856,304.1433133],
		[146.5087904,110.1315928],
		[146.5087904,37.3771976]
	],
	"score": 1.838483477
}
