{
	"point": [
		[78.97623005,546.8336104],
		[65.98019171,390.8811503],
		[65.98019171,260.9207668],
		[117.9643451,247.9247285],
		[104.9683067,390.8811503],
		[104.9683067,546.8336104],
		[39.98811503,286.9128435],
		[52.98415337,182.9445368],
		[52.98415337,91.97226839],
		[143.9564218,104.9683067],
		[143.9564218,195.9405751],
		[156.9524601,299.9088819],
		[104.9683067,78.97623005],
		[104.9683067,13.99603834]
	],
	"score": 1.127477963
}
