{
	"point": [
		[91.97226839,546.8336104],
		[91.97226839,416.8732269],
		[78.97623005,299.9088819],
		[130.9603834,286.9128435],
		[130.9603834,416.8732269],
		[117.9643451,546.8336104],
		[39.98811503,312.9049202],
		[52.98415337,221.9326518],
		[65.98019171,130.9603834],
		[169.9484984,130.9603834],
		[169.9484984,234.9286902],
		[169.9484984,325.9009585],
		[117.9643451,117.9643451],
		[117.9643451,39.98811503]
	],
	"score": 1.710048512
}
