{
	"point": [
		[91.97226839,546.8336104],
		[78.97623005,416.8732269],
		[78.97623005,273.9168052],
		[130.9603834,299.9088819],
		[130.9603834,429.8692653],
		[130.9603834,559.8296487],
		[39.98811503,325.9009585],
		[52.98415337,221.9326518],
		[52.98415337,130.9603834],
		[156.9524601,130.9603834],
		[169.9484984,221.9326518],
		[169.9484984,325.9009585],
		[104.9683067,104.9683067],
		[104.9683067,26.99207668]
	],
	"score": 1.449494786
}
