{
	"point": [
		[75.64263932,538.4270031],
		[105.4996951,448.8558359],
		[105.4996951,299.5705573],
		[180.1423344,314.4990852],
		[180.1423344,463.7843638],
		[180.1423344,583.2125867],
		[75.64263932,299.5705573],
		[45.78558359,224.927918],
		[90.57116719,150.2852786],
		[209.9993901,150.2852786],
		[254.7849737,239.8564458],
		[209.9993901,299.5705573],
		[150.2852786,135.3567508],
		[150.2852786,45.78558359]
	],
	"score": 1.140541287
}
