{
	"point": [
		[196.0033262,530.2947425],
		[182.0745172,404.9354614],
		[168.1457082,265.6473712],
		[209.9321352,279.5761803],
		[209.9321352,404.9354614],
		[182.0745172,558.1523605],
		[126.3592811,293.5049893],
		[140.2880901,196.0033262],
		[140.2880901,112.4304721],
		[251.7185622,112.4304721],
		[251.7185622,196.0033262],
		[251.7185622,293.5049893],
		[196.0033262,84.57285408],
		[196.0033262,28.85761803]
	],
	"score": 1.29546504
}
