{
	"point": [
		[98.00586026,534.5322314],
		[98.00586026,401.1491736],
		[110.1315928,267.7661157],
		[170.7602554,267.7661157],
		[170.7602554,413.2749061],
		[170.7602554,546.6579639],
		[61.62866266,243.5146506],
		[61.62866266,170.7602554],
		[98.00586026,98.00586026],
		[195.0117205,110.1315928],
		[195.0117205,182.885988],
		[170.7602554,255.6403832],
		[146.5087904,85.88012772],
		[146.5087904,25.25146506]
	],
	"score": 1.507049783
}
