{
	"point": [
		[126.3592811,544.2235515],
		[126.3592811,418.8642704],
		[126.3592811,265.6473712],
		[168.1457082,265.6473712],
		[168.1457082,404.9354614],
		[140.2880901,558.1523605],
		[98.50166309,307.4337983],
		[70.64404506,196.0033262],
		[98.50166309,98.50166309],
		[196.0033262,112.4304721],
		[196.0033262,209.9321352],
		[196.0033262,321.3626073],
		[154.2168991,98.50166309],
		[154.2168991,28.85761803]
	],
	"score": 1.276030745
}
