{
	"point": [
		[117.9643451,520.8415337],
		[91.97226839,416.8732269],
		[78.97623005,286.9128435],
		[143.9564218,312.9049202],
		[130.9603834,429.8692653],
		[104.9683067,559.8296487],
		[52.98415337,325.9009585],
		[52.98415337,221.9326518],
		[65.98019171,130.9603834],
		[169.9484984,130.9603834],
		[182.9445368,221.9326518],
		[195.9405751,325.9009585],
		[117.9643451,104.9683067],
		[117.9643451,26.99207668]
	],
	"score": 1.506602387
}
