{
	"point": [
		[267.7661157,498.1550338],
		[231.3889181,364.771976],
		[219.2631856,267.7661157],
		[267.7661157,279.8918482],
		[267.7661157,352.6462434],
		[243.5146506,473.9035688],
		[195.0117205,279.8918482],
		[195.0117205,195.0117205],
		[207.137453,122.2573253],
		[304.1433133,122.2573253],
		[328.3947784,207.137453],
		[316.2690458,304.1433133],
		[255.6403832,98.00586026],
		[255.6403832,37.3771976]
	],
	"score": 1.052605605
}
