{
	"point": [
		[150.2852786,523.4984753],
		[135.3567508,389.1417245],
		[135.3567508,254.7849737],
		[180.1423344,269.7135016],
		[180.1423344,404.0702523],
		[165.2138065,538.4270031],
		[105.4996951,45.78558359],
		[30.85705573,75.64263932],
		[90.57116719,135.3567508],
		[195.0708622,120.4282229],
		[254.7849737,180.1423344],
		[195.0708622,224.927918],
		[135.3567508,105.4996951],
		[135.3567508,30.85705573]
	],
	"score": 1.126200453
}
