{
	"point": [
		[296.4746592,631.3459396],
		[178.2847955,591.9493184],
		[178.2847955,394.9662123],
		[257.078038,355.569591],
		[296.4746592,493.4577653],
		[217.6814167,572.2510078],
		[119.1898637,493.4577653],
		[138.8881743,355.569591],
		[138.8881743,197.9831061],
		[296.4746592,178.2847955],
		[316.1729698,316.1729698],
		[316.1729698,473.7594547],
		[217.6814167,178.2847955],
		[217.6814167,60.09493184]
	],
	"score": 1.038047409
}
