{
	"point": [
		[154.2168991,544.2235515],
		[126.3592811,404.9354614],
		[112.4304721,265.6473712],
		[154.2168991,279.5761803],
		[140.2880901,404.9354614],
		[168.1457082,530.2947425],
		[70.64404506,293.5049893],
		[98.50166309,196.0033262],
		[98.50166309,112.4304721],
		[196.0033262,112.4304721],
		[251.7185622,182.0745172],
		[196.0033262,209.9321352],
		[140.2880901,98.50166309],
		[140.2880901,28.85761803]
	],
	"score": 1.219717821
}
