{
	"point": [
		[98.50166309,544.2235515],
		[126.3592811,418.8642704],
		[112.4304721,265.6473712],
		[154.2168991,279.5761803],
		[154.2168991,418.8642704],
		[126.3592811,544.2235515],
		[84.57285408,307.4337983],
		[84.57285408,196.0033262],
		[84.57285408,112.4304721],
		[196.0033262,126.3592811],
		[196.0033262,209.9321352],
		[196.0033262,307.4337983],
		[140.2880901,98.50166309],
		[140.2880901,28.85761803]
	],
	"score": 1.080577987
}
