{
	"point": [
		[169.9484984,546.8336104],
		[169.9484984,416.8732269],
		[156.9524601,260.9207668],
		[208.9366135,286.9128435],
		[208.9366135,416.8732269],
		[221.9326518,559.8296487],
		[130.9603834,273.9168052],
		[117.9643451,195.9405751],
		[130.9603834,117.9643451],
		[234.9286902,117.9643451],
		[247.9247285,208.9366135],
		[260.9207668,299.9088819],
		[182.9445368,91.97226839],
		[169.9484984,26.99207668]
	],
	"score": 1.314109961
}
