{
	"point": [
		[221.9326518,533.837572],
		[195.9405751,403.8771886],
		[182.9445368,286.9128435],
		[247.9247285,260.9207668],
		[234.9286902,403.8771886],
		[221.9326518,533.837572],
		[156.9524601,286.9128435],
		[169.9484984,182.9445368],
		[195.9405751,104.9683067],
		[286.9128435,104.9683067],
		[286.9128435,195.9405751],
		[286.9128435,299.9088819],
		[234.9286902,78.97623005],
		[234.9286902,13.99603834]
	],
	"score": 1.057194273
}
