{
	"point": [
		[182.9445368,546.8336104],
		[182.9445368,403.8771886],
		[169.9484984,247.9247285],
		[234.9286902,260.9207668],
		[221.9326518,403.8771886],
		[221.9326518,559.8296487],
		[143.9564218,299.9088819],
		[156.9524601,208.9366135],
		[156.9524601,117.9643451],
		[260.9207668,104.9683067],
		[273.9168052,182.9445368],
		[260.9207668,273.9168052],
		[208.9366135,104.9683067],
		[208.9366135,26.99207668]
	],
	"score": 1.144662131
}
