{
	"point": [
		[130.9603834,546.8336104],
		[130.9603834,403.8771886],
		[117.9643451,260.9207668],
		[182.9445368,273.9168052],
		[182.9445368,403.8771886],
		[169.9484984,546.8336104],
		[91.97226839,286.9128435],
		[104.9683067,195.9405751],
		[104.9683067,117.9643451],
		[208.9366135,117.9643451],
		[208.9366135,195.9405751],
		[221.9326518,299.9088819],
		[156.9524601,91.97226839],
		[156.9524601,26.99207668]
	],
	"score": 1.73298333
}
