{
	"point": [
		[195.0117205,510.2807663],
		[182.885988,389.023441],
		[170.7602554,255.6403832],
		[231.3889181,255.6403832],
		[231.3889181,389.023441],
		[207.137453,546.6579639],
		[122.2573253,292.0175808],
		[134.3830579,207.137453],
		[146.5087904,122.2573253],
		[243.5146506,122.2573253],
		[231.3889181,195.0117205],
		[255.6403832,267.7661157],
		[195.0117205,98.00586026],
		[195.0117205,25.25146506]
	],
	"score": 1.08277899
}
