{
	"point": [
		[234.9286902,507.8454953],
		[221.9326518,390.8811503],
		[208.9366135,260.9207668],
		[260.9207668,286.9128435],
		[260.9207668,403.8771886],
		[247.9247285,546.8336104],
		[169.9484984,208.9366135],
		[195.9405751,143.9564218],
		[221.9326518,91.97226839],
		[299.9088819,130.9603834],
		[299.9088819,221.9326518],
		[286.9128435,325.9009585],
		[273.9168052,91.97226839],
		[286.9128435,26.99207668]
	],
	"score": 1.111929252
}
