{
	"point": [
		[195.0117205,534.5322314],
		[182.885988,401.1491736],
		[170.7602554,267.7661157],
		[231.3889181,279.8918482],
		[219.2631856,413.2749061],
		[207.137453,510.2807663],
		[158.6345229,243.5146506],
		[146.5087904,182.885988],
		[158.6345229,134.3830579],
		[243.5146506,122.2573253],
		[255.6403832,207.137453],
		[279.8918482,279.8918482],
		[195.0117205,110.1315928],
		[195.0117205,37.3771976]
	],
	"score": 1.009546708
}
