{
	"point": [
		[98.50166309,530.2947425],
		[84.57285408,404.9354614],
		[70.64404506,279.5761803],
		[126.3592811,265.6473712],
		[126.3592811,404.9354614],
		[126.3592811,530.2947425],
		[28.85761803,307.4337983],
		[28.85761803,209.9321352],
		[56.71523605,126.3592811],
		[154.2168991,126.3592811],
		[154.2168991,209.9321352],
		[154.2168991,293.5049893],
		[98.50166309,112.4304721],
		[98.50166309,42.78642704]
	],
	"score": 1.536899385
}
