{
	"point": [
		[209.9321352,516.3659335],
		[182.0745172,391.0066524],
		[154.2168991,279.5761803],
		[209.9321352,279.5761803],
		[182.0745172,418.8642704],
		[154.2168991,530.2947425],
		[126.3592811,293.5049893],
		[140.2880901,237.7897532],
		[154.2168991,140.2880901],
		[237.7897532,140.2880901],
		[293.5049893,223.8609442],
		[237.7897532,265.6473712],
		[196.0033262,112.4304721],
		[196.0033262,28.85761803]
	],
	"score": 1.283550318
}
