{
	"point": [
		[91.97226839,507.8454953],
		[78.97623005,377.8851119],
		[78.97623005,247.9247285],
		[143.9564218,260.9207668],
		[130.9603834,390.8811503],
		[117.9643451,520.8415337],
		[52.98415337,208.9366135],
		[26.99207668,156.9524601],
		[78.97623005,104.9683067],
		[182.9445368,104.9683067],
		[221.9326518,182.9445368],
		[169.9484984,221.9326518],
		[130.9603834,91.97226839],
		[130.9603834,26.99207668]
	],
	"score": 1.280153374
}
