{
	"point": [
		[154.2168991,544.2235515],
		[140.2880901,404.9354614],
		[126.3592811,279.5761803],
		[182.0745172,265.6473712],
		[182.0745172,418.8642704],
		[182.0745172,530.2947425],
		[84.57285408,293.5049893],
		[98.50166309,196.0033262],
		[98.50166309,112.4304721],
		[209.9321352,112.4304721],
		[223.8609442,196.0033262],
		[209.9321352,307.4337983],
		[154.2168991,98.50166309],
		[154.2168991,42.78642704]
	],
	"score": 1.270801119
}
