{
	"point": [
		[195.0117205,510.2807663],
		[158.6345229,389.023441],
		[146.5087904,279.8918482],
		[207.137453,279.8918482],
		[195.0117205,389.023441],
		[195.0117205,510.2807663],
		[122.2573253,279.8918482],
		[134.3830579,207.137453],
		[146.5087904,122.2573253],
		[243.5146506,134.3830579],
		[243.5146506,182.885988],
		[243.5146506,255.6403832],
		[207.137453,110.1315928],
		[207.137453,37.3771976]
	],
	"score": 1.347764869
}
