{
	"point": [
		[154.2168991,544.2235515],
		[154.2168991,404.9354614],
		[140.2880901,279.5761803],
		[223.8609442,265.6473712],
		[209.9321352,418.8642704],
		[209.9321352,558.1523605],
		[98.50166309,307.4337983],
		[126.3592811,223.8609442],
		[126.3592811,126.3592811],
		[237.7897532,126.3592811],
		[237.7897532,223.8609442],
		[237.7897532,321.3626073],
		[182.0745172,98.50166309],
		[182.0745172,28.85761803]
	],
	"score": 1.161745916
}
