{
	"point": [
		[122.2573253,558.7836965],
		[122.2573253,425.4006386],
		[110.1315928,279.8918482],
		[158.6345229,292.0175808],
		[158.6345229,425.4006386],
		[146.5087904,558.7836965],
		[85.88012772,304.1433133],
		[85.88012772,195.0117205],
		[98.00586026,110.1315928],
		[195.0117205,134.3830579],
		[195.0117205,219.2631856],
		[219.2631856,316.2690458],
		[146.5087904,98.00586026],
		[146.5087904,25.25146506]
	],
	"score": 1.022539257
}
