{
	"point": [
		[98.50166309,544.2235515],
		[84.57285408,404.9354614],
		[84.57285408,279.5761803],
		[140.2880901,279.5761803],
		[140.2880901,404.9354614],
		[140.2880901,544.2235515],
		[42.78642704,307.4337983],
		[56.71523605,209.9321352],
		[56.71523605,112.4304721],
		[168.1457082,112.4304721],
		[182.0745172,196.0033262],
		[154.2168991,265.6473712],
		[112.4304721,98.50166309],
		[112.4304721,28.85761803]
	],
	"score": 1.577602088
}
