{
	"point": [
		[158.6345229,534.5322314],
		[158.6345229,401.1491736],
		[158.6345229,279.8918482],
		[231.3889181,267.7661157],
		[231.3889181,401.1491736],
		[231.3889181,546.6579639],
		[134.3830579,316.2690458],
		[146.5087904,219.2631856],
		[158.6345229,134.3830579],
		[255.6403832,122.2573253],
		[267.7661157,195.0117205],
		[292.0175808,267.7661157],
		[207.137453,110.1315928],
		[207.137453,37.3771976]
	],
	"score": 1.310078656
}
