{
	"point": [
		[237.7897532,530.2947425],
		[251.7185622,404.9354614],
		[251.7185622,265.6473712],
		[307.4337983,265.6473712],
		[307.4337983,404.9354614],
		[307.4337983,530.2947425],
		[237.7897532,307.4337983],
		[209.9321352,223.8609442],
		[223.8609442,140.2880901],
		[321.3626073,140.2880901],
		[321.3626073,182.0745172],
		[321.3626073,251.7185622],
		[279.5761803,126.3592811],
		[279.5761803,42.78642704]
	],
	"score": 1.071066931
}
