{
	"point": [
		[223.8609442,502.4371245],
		[223.8609442,377.0778433],
		[223.8609442,279.5761803],
		[279.5761803,265.6473712],
		[279.5761803,418.8642704],
		[265.6473712,558.1523605],
		[168.1457082,363.1490343],
		[182.0745172,251.7185622],
		[196.0033262,140.2880901],
		[293.5049893,126.3592811],
		[307.4337983,196.0033262],
		[293.5049893,279.5761803],
		[237.7897532,112.4304721],
		[237.7897532,42.78642704]
	],
	"score": 1.011377424
}
