{
	"point": [
		[182.9445368,546.8336104],
		[182.9445368,416.8732269],
		[156.9524601,273.9168052],
		[221.9326518,247.9247285],
		[221.9326518,403.8771886],
		[221.9326518,559.8296487],
		[104.9683067,325.9009585],
		[130.9603834,221.9326518],
		[143.9564218,130.9603834],
		[234.9286902,130.9603834],
		[247.9247285,221.9326518],
		[286.9128435,299.9088819],
		[195.9405751,104.9683067],
		[195.9405751,26.99207668]
	],
	"score": 1.099179561
}
