{
	"point": [
		[182.0745172,544.2235515],
		[168.1457082,404.9354614],
		[168.1457082,293.5049893],
		[237.7897532,265.6473712],
		[223.8609442,404.9354614],
		[209.9321352,544.2235515],
		[154.2168991,293.5049893],
		[140.2880901,209.9321352],
		[168.1457082,126.3592811],
		[251.7185622,126.3592811],
		[251.7185622,223.8609442],
		[265.6473712,293.5049893],
		[209.9321352,98.50166309],
		[209.9321352,28.85761803]
	],
	"score": 1.047276299
}
