{
	"point": [
		[195.9405751,507.8454953],
		[182.9445368,403.8771886],
		[182.9445368,260.9207668],
		[221.9326518,260.9207668],
		[221.9326518,403.8771886],
		[208.9366135,520.8415337],
		[156.9524601,260.9207668],
		[156.9524601,182.9445368],
		[156.9524601,117.9643451],
		[247.9247285,104.9683067],
		[247.9247285,169.9484984],
		[234.9286902,91.97226839],
		[195.9405751,91.97226839],
		[195.9405751,26.99207668]
	],
	"score": 1.081831881
}
