{
	"point": [
		[207.137453,546.6579639],
		[182.885988,401.1491736],
		[170.7602554,255.6403832],
		[219.2631856,267.7661157],
		[219.2631856,413.2749061],
		[207.137453,558.7836965],
		[134.3830579,304.1433133],
		[146.5087904,207.137453],
		[170.7602554,122.2573253],
		[255.6403832,122.2573253],
		[267.7661157,219.2631856],
		[267.7661157,304.1433133],
		[207.137453,98.00586026],
		[207.137453,37.3771976]
	],
	"score": 1.174214709
}
