{
	"point": [
		[196.0033262,558.1523605],
		[182.0745172,418.8642704],
		[168.1457082,265.6473712],
		[237.7897532,251.7185622],
		[223.8609442,391.0066524],
		[209.9321352,544.2235515],
		[126.3592811,293.5049893],
		[140.2880901,209.9321352],
		[154.2168991,126.3592811],
		[251.7185622,126.3592811],
		[251.7185622,196.0033262],
		[265.6473712,293.5049893],
		[209.9321352,112.4304721],
		[209.9321352,42.78642704]
	],
	"score": 1.167314636
}
