{
	"point": [
		[182.885988,534.5322314],
		[158.6345229,401.1491736],
		[158.6345229,279.8918482],
		[231.3889181,292.0175808],
		[231.3889181,401.1491736],
		[255.6403832,534.5322314],
		[98.00586026,316.2690458],
		[122.2573253,231.3889181],
		[146.5087904,134.3830579],
		[243.5146506,134.3830579],
		[243.5146506,219.2631856],
		[255.6403832,316.2690458],
		[195.0117205,110.1315928],
		[195.0117205,37.3771976]
	],
	"score": 1.48023622
}
