{
	"point": [
		[170.7602554,498.1550338],
		[158.6345229,376.8977085],
		[158.6345229,255.6403832],
		[219.2631856,255.6403832],
		[158.6345229,376.8977085],
		[195.0117205,498.1550338],
		[134.3830579,219.2631856],
		[110.1315928,170.7602554],
		[158.6345229,134.3830579],
		[243.5146506,122.2573253],
		[243.5146506,195.0117205],
		[243.5146506,267.7661157],
		[195.0117205,110.1315928],
		[195.0117205,37.3771976]
	],
	"score": 1.099333586
}
