{
	"point": [
		[140.2880901,544.2235515],
		[140.2880901,404.9354614],
		[126.3592811,265.6473712],
		[182.0745172,279.5761803],
		[182.0745172,418.8642704],
		[223.8609442,544.2235515],
		[84.57285408,307.4337983],
		[98.50166309,209.9321352],
		[112.4304721,126.3592811],
		[223.8609442,112.4304721],
		[209.9321352,196.0033262],
		[209.9321352,279.5761803],
		[168.1457082,98.50166309],
		[168.1457082,28.85761803]
	],
	"score": 1.439320919
}
