{
	"point": [
		[135.3567508,553.355531],
		[135.3567508,404.0702523],
		[135.3567508,269.7135016],
		[180.1423344,269.7135016],
		[180.1423344,404.0702523],
		[165.2138065,553.355531],
		[90.57116719,314.4990852],
		[90.57116719,224.927918],
		[90.57116719,105.4996951],
		[209.9993901,105.4996951],
		[254.7849737,180.1423344],
		[209.9993901,224.927918],
		[150.2852786,90.57116719],
		[150.2852786,15.92852786]
	],
	"score": 1.248309877
}
