{
	"point": [
		[169.9484984,559.8296487],
		[143.9564218,403.8771886],
		[130.9603834,286.9128435],
		[208.9366135,273.9168052],
		[195.9405751,403.8771886],
		[169.9484984,546.8336104],
		[104.9683067,299.9088819],
		[117.9643451,195.9405751],
		[104.9683067,117.9643451],
		[208.9366135,104.9683067],
		[234.9286902,208.9366135],
		[234.9286902,299.9088819],
		[156.9524601,91.97226839],
		[156.9524601,26.99207668]
	],
	"score": 1.605326586
}
