{
	"point": [
		[234.9286902,533.837572],
		[247.9247285,403.8771886],
		[247.9247285,286.9128435],
		[299.9088819,273.9168052],
		[299.9088819,403.8771886],
		[299.9088819,533.837572],
		[234.9286902,312.9049202],
		[221.9326518,234.9286902],
		[221.9326518,143.9564218],
		[312.9049202,130.9603834],
		[325.9009585,182.9445368],
		[325.9009585,247.9247285],
		[273.9168052,117.9643451],
		[286.9128435,65.98019171]
	],
	"score": 1.05382885
}
