{
	"point": [
		[138.1870032,566.8963882],
		[121.0386278,446.8577604],
		[121.0386278,309.6707572],
		[189.6321294,309.6707572],
		[189.6321294,429.709385],
		[206.7805048,549.7480128],
		[103.8902524,309.6707572],
		[103.8902524,206.7805048],
		[103.8902524,138.1870032],
		[223.9288802,155.3353786],
		[258.225631,223.9288802],
		[206.7805048,275.3740064],
		[155.3353786,121.0386278],
		[155.3353786,35.2967508]
	],
	"score": 1.027443158
}
