{
	"point": [
		[195.0117205,522.4064989],
		[207.137453,401.1491736],
		[207.137453,279.8918482],
		[255.6403832,267.7661157],
		[255.6403832,401.1491736],
		[243.5146506,510.2807663],
		[182.885988,267.7661157],
		[182.885988,195.0117205],
		[182.885988,122.2573253],
		[279.8918482,122.2573253],
		[267.7661157,207.137453],
		[267.7661157,279.8918482],
		[231.3889181,110.1315928],
		[231.3889181,37.3771976]
	],
	"score": 1.145631703
}
