{
	"point": [
		[182.9445368,494.849457],
		[143.9564218,377.8851119],
		[169.9484984,260.9207668],
		[221.9326518,260.9207668],
		[221.9326518,390.8811503],
		[195.9405751,507.8454953],
		[130.9603834,299.9088819],
		[143.9564218,208.9366135],
		[156.9524601,117.9643451],
		[247.9247285,104.9683067],
		[273.9168052,208.9366135],
		[299.9088819,286.9128435],
		[195.9405751,91.97226839],
		[195.9405751,26.99207668]
	],
	"score": 1.488363229
}
