{
	"point": [
		[140.2880901,516.3659335],
		[126.3592811,418.8642704],
		[112.4304721,237.7897532],
		[168.1457082,279.5761803],
		[168.1457082,418.8642704],
		[140.2880901,558.1523605],
		[84.57285408,307.4337983],
		[84.57285408,196.0033262],
		[84.57285408,112.4304721],
		[196.0033262,126.3592811],
		[196.0033262,223.8609442],
		[223.8609442,321.3626073],
		[140.2880901,98.50166309],
		[140.2880901,28.85761803]
	],
	"score": 1.595674811
}
