{
	"point": [
		[117.9643451,546.8336104],
		[104.9683067,429.8692653],
		[104.9683067,286.9128435],
		[156.9524601,299.9088819],
		[156.9524601,429.8692653],
		[143.9564218,559.8296487],
		[65.98019171,247.9247285],
		[39.98811503,195.9405751],
		[78.97623005,117.9643451],
		[182.9445368,130.9603834],
		[195.9405751,234.9286902],
		[195.9405751,325.9009585],
		[130.9603834,104.9683067],
		[143.9564218,26.99207668]
	],
	"score": 1.02703136
}
