{
	"point": [
		[219.2631856,534.5322314],
		[207.137453,413.2749061],
		[195.0117205,267.7661157],
		[243.5146506,279.8918482],
		[243.5146506,413.2749061],
		[243.5146506,510.2807663],
		[170.7602554,316.2690458],
		[170.7602554,207.137453],
		[195.0117205,122.2573253],
		[279.8918482,122.2573253],
		[279.8918482,219.2631856],
		[279.8918482,316.2690458],
		[231.3889181,98.00586026],
		[231.3889181,25.25146506]
	],
	"score": 1.379933757
}
