{
	"point": [
		[182.9445368,507.8454953],
		[169.9484984,390.8811503],
		[182.9445368,273.9168052],
		[208.9366135,260.9207668],
		[208.9366135,390.8811503],
		[182.9445368,507.8454953],
		[130.9603834,221.9326518],
		[91.97226839,169.9484984],
		[143.9564218,117.9643451],
		[234.9286902,117.9643451],
		[247.9247285,208.9366135],
		[247.9247285,299.9088819],
		[182.9445368,104.9683067],
		[182.9445368,39.98811503]
	],
	"score": 1.822256729
}
