{
	"point": [
		[180.1423344,553.355531],
		[180.1423344,433.9273081],
		[180.1423344,299.5705573],
		[224.927918,299.5705573],
		[224.927918,433.9273081],
		[224.927918,553.355531],
		[135.3567508,329.427613],
		[135.3567508,224.927918],
		[150.2852786,135.3567508],
		[254.7849737,135.3567508],
		[269.7135016,224.927918],
		[269.7135016,329.427613],
		[195.0708622,120.4282229],
		[209.9993901,45.78558359]
	],
	"score": 1.183940785
}
