{
	"point": [
		[196.0033262,558.1523605],
		[196.0033262,418.8642704],
		[196.0033262,279.5761803],
		[251.7185622,265.6473712],
		[237.7897532,404.9354614],
		[237.7897532,558.1523605],
		[154.2168991,293.5049893],
		[154.2168991,182.0745172],
		[168.1457082,112.4304721],
		[265.6473712,126.3592811],
		[279.5761803,237.7897532],
		[279.5761803,349.2202253],
		[223.8609442,98.50166309],
		[223.8609442,28.85761803]
	],
	"score": 1.28949003
}
