{
	"point": [
		[196.0033262,530.2947425],
		[182.0745172,404.9354614],
		[168.1457082,265.6473712],
		[223.8609442,293.5049893],
		[223.8609442,418.8642704],
		[209.9321352,544.2235515],
		[182.0745172,112.4304721],
		[168.1457082,182.0745172],
		[168.1457082,126.3592811],
		[251.7185622,126.3592811],
		[251.7185622,209.9321352],
		[223.8609442,265.6473712],
		[196.0033262,112.4304721],
		[196.0033262,42.78642704]
	],
	"score": 1.270683751
}
