{
	"point": [
		[146.5087904,522.4064989],
		[122.2573253,413.2749061],
		[110.1315928,292.0175808],
		[182.885988,292.0175808],
		[170.7602554,413.2749061],
		[158.6345229,558.7836965],
		[85.88012772,292.0175808],
		[85.88012772,207.137453],
		[98.00586026,110.1315928],
		[207.137453,122.2573253],
		[231.3889181,195.0117205],
		[207.137453,243.5146506],
		[158.6345229,98.00586026],
		[158.6345229,25.25146506]
	],
	"score": 1.026557007
}
