{
	"point": [
		[126.3592811,474.5795064],
		[98.50166309,363.1490343],
		[98.50166309,279.5761803],
		[168.1457082,265.6473712],
		[154.2168991,404.9354614],
		[168.1457082,558.1523605],
		[70.64404506,321.3626073],
		[84.57285408,209.9321352],
		[70.64404506,126.3592811],
		[182.0745172,112.4304721],
		[182.0745172,196.0033262],
		[182.0745172,293.5049893],
		[126.3592811,98.50166309],
		[126.3592811,28.85761803]
	],
	"score": 1.284603403
}
