{
	"point": [
		[208.9366135,546.8336104],
		[195.9405751,403.8771886],
		[195.9405751,260.9207668],
		[247.9247285,260.9207668],
		[247.9247285,403.8771886],
		[247.9247285,546.8336104],
		[156.9524601,312.9049202],
		[169.9484984,208.9366135],
		[169.9484984,117.9643451],
		[273.9168052,117.9643451],
		[325.9009585,195.9405751],
		[273.9168052,221.9326518],
		[221.9326518,91.97226839],
		[221.9326518,26.99207668]
	],
	"score": 2.203235552
}
