{
	"point": [
		[158.6345229,558.7836965],
		[146.5087904,437.5263712],
		[158.6345229,304.1433133],
		[243.5146506,279.8918482],
		[243.5146506,425.4006386],
		[255.6403832,558.7836965],
		[134.3830579,304.1433133],
		[158.6345229,207.137453],
		[158.6345229,122.2573253],
		[255.6403832,110.1315928],
		[255.6403832,182.885988],
		[279.8918482,243.5146506],
		[207.137453,98.00586026],
		[207.137453,25.25146506]
	],
	"score": 1.315947037
}
