{
	"point": [
		[195.0117205,534.5322314],
		[182.885988,401.1491736],
		[170.7602554,267.7661157],
		[231.3889181,279.8918482],
		[231.3889181,413.2749061],
		[219.2631856,558.7836965],
		[146.5087904,316.2690458],
		[146.5087904,219.2631856],
		[158.6345229,122.2573253],
		[255.6403832,122.2573253],
		[255.6403832,207.137453],
		[255.6403832,304.1433133],
		[207.137453,98.00586026],
		[207.137453,25.25146506]
	],
	"score": 1.806368209
}
