{
	"point": [
		[182.9445368,546.8336104],
		[182.9445368,403.8771886],
		[169.9484984,286.9128435],
		[221.9326518,260.9207668],
		[221.9326518,390.8811503],
		[195.9405751,520.8415337],
		[130.9603834,299.9088819],
		[143.9564218,208.9366135],
		[143.9564218,117.9643451],
		[247.9247285,130.9603834],
		[247.9247285,221.9326518],
		[260.9207668,312.9049202],
		[195.9405751,104.9683067],
		[195.9405751,26.99207668]
	],
	"score": 1.472294698
}
