{
	"point": [
		[182.9445368,559.8296487],
		[169.9484984,429.8692653],
		[169.9484984,286.9128435],
		[234.9286902,299.9088819],
		[247.9247285,429.8692653],
		[273.9168052,546.8336104],
		[143.9564218,286.9128435],
		[169.9484984,195.9405751],
		[182.9445368,130.9603834],
		[273.9168052,130.9603834],
		[260.9207668,221.9326518],
		[247.9247285,325.9009585],
		[221.9326518,104.9683067],
		[221.9326518,26.99207668]
	],
	"score": 1.111319691
}
