{
	"point": {
		"_ArrayType_": "double",
		"_ArraySize_": [14,2,2],
		"_ArrayData_": [98.50166309,84.57285408,70.64404506,98.50166309,84.57285408,98.50166309,42.78642704,42.78642704,28.85761803,140.2880901,140.2880901,112.4304721,84.57285408,84.57285408,530.2947425,418.8642704,251.7185622,265.6473712,404.9354614,530.2947425,251.7185622,168.1457082,112.4304721,126.3592811,237.7897532,237.7897532,98.50166309,28.85761803,207.137453,195.0117205,182.885988,207.137453,195.0117205,207.137453,170.7602554,170.7602554,170.7602554,231.3889181,219.2631856,158.6345229,195.0117205,195.0117205,498.1550338,389.023441,279.8918482,279.8918482,401.1491736,498.1550338,98.00586026,170.7602554,122.2573253,122.2573253,219.2631856,292.0175808,98.00586026,25.25146506]
	},
	"score": [0.4298174663,0.3409332555]
}
