{
	"point": {
		"_ArrayType_": "double",
		"_ArraySize_": [14,2,3],
		"_ArrayData_": [37.3771976,49.50293013,61.62866266,134.3830579,134.3830579,146.5087904,85.88012772,49.50293013,61.62866266,158.6345229,170.7602554,158.6345229,98.00586026,98.00586026,473.9035688,364.771976,255.6403832,279.8918482,401.1491736,546.6579639,231.3889181,219.2631856,134.3830579,134.3830579,195.0117205,255.6403832,110.1315928,37.3771976,284.6420294,284.6420294,284.6420294,329.427613,314.4990852,299.5705573,254.7849737,239.8564458,239.8564458,344.3561409,344.3561409,374.2131966,284.6420294,284.6420294,508.5699474,374.2131966,269.7135016,254.7849737,404.0702523,538.4270031,299.5705573,209.9993901,135.3567508,135.3567508,209.9993901,299.5705573,120.4282229,45.78558359,520.8415337,494.849457,481.8534186,520.8415337,533.837572,520.8415337,455.861342,442.8653036,442.8653036,507.8454953,507.8454953,507.8454953,481.8534186,494.849457,481.8534186,377.8851119,273.9168052,273.9168052,390.8811503,507.8454953,286.9128435,195.9405751,130.9603834,130.9603834,208.9366135,130.9603834,117.9643451,39.98811503]
	},
	"score": [0.7081629693,0.4190421438,0.1478447065]
}
