{
	"point": [
		[182.9445368,546.8336104],
		[169.9484984,403.8771886],
		[169.9484984,247.9247285],
		[221.9326518,286.9128435],
		[208.9366135,403.8771886],
		[195.9405751,546.8336104],
		[130.9603834,286.9128435],
		[130.9603834,182.9445368],
		[169.9484984,104.9683067],
		[260.9207668,117.9643451],
		[260.9207668,234.9286902],
		[260.9207668,312.9049202],
		[221.9326518,91.97226839],
		[221.9326518,26.99207668]
	],
	"score": 1.046230524
}
