{
	"point": [
		[182.0745172,530.2947425],
		[126.3592811,404.9354614],
		[154.2168991,251.7185622],
		[237.7897532,293.5049893],
		[223.8609442,418.8642704],
		[209.9321352,530.2947425],
		[126.3592811,293.5049893],
		[126.3592811,196.0033262],
		[154.2168991,112.4304721],
		[279.5761803,126.3592811],
		[293.5049893,196.0033262],
		[237.7897532,237.7897532],
		[223.8609442,98.50166309],
		[223.8609442,28.85761803]
	],
	"score": 1.337547643
}
