{
	"point": [
		[182.0745172,544.2235515],
		[182.0745172,404.9354614],
		[154.2168991,251.7185622],
		[223.8609442,279.5761803],
		[209.9321352,418.8642704],
		[196.0033262,544.2235515],
		[140.2880901,307.4337983],
		[140.2880901,196.0033262],
		[154.2168991,98.50166309],
		[251.7185622,112.4304721],
		[307.4337983,182.0745172],
		[251.7185622,223.8609442],
		[196.0033262,84.57285408],
		[196.0033262,14.92880901]
	],
	"score": 1.358349803
}
