{
	"point": [
		[193.3330445,498.803174],
		[182.019336,396.9797975],
		[182.019336,306.4701295],
		[238.5878785,283.8427125],
		[215.9604615,408.293506],
		[204.646753,532.7442995],
		[148.0782105,261.2152955],
		[114.137085,215.9604615],
		[159.391919,159.391919],
		[249.901587,148.0782105],
		[261.2152955,227.27417],
		[261.2152955,317.783838],
		[204.646753,136.764502],
		[204.646753,68.88225099]
	],
	"score": 1.24021956
}
