{
	"point": [
		[207.137453,558.7836965],
		[195.0117205,437.5263712],
		[182.885988,279.8918482],
		[231.3889181,267.7661157],
		[231.3889181,413.2749061],
		[207.137453,558.7836965],
		[134.3830579,292.0175808],
		[146.5087904,207.137453],
		[158.6345229,110.1315928],
		[243.5146506,110.1315928],
		[243.5146506,195.0117205],
		[267.7661157,255.6403832],
		[207.137453,85.88012772],
		[207.137453,25.25146506]
	],
	"score": 1.067805072
}
