{
	"point": [
		[209.9321352,558.1523605],
		[182.0745172,418.8642704],
		[182.0745172,279.5761803],
		[237.7897532,223.8609442],
		[237.7897532,349.2202253],
		[237.7897532,474.5795064],
		[140.2880901,335.2914163],
		[154.2168991,251.7185622],
		[154.2168991,140.2880901],
		[251.7185622,126.3592811],
		[265.6473712,209.9321352],
		[279.5761803,321.3626073],
		[196.0033262,112.4304721],
		[196.0033262,28.85761803]
	],
	"score": 1.572249999
}
