{
	"point": [
		[182.0745172,502.4371245],
		[154.2168991,377.0778433],
		[154.2168991,279.5761803],
		[209.9321352,251.7185622],
		[196.0033262,377.0778433],
		[196.0033262,488.5083154],
		[126.3592811,279.5761803],
		[140.2880901,196.0033262],
		[140.2880901,126.3592811],
		[237.7897532,126.3592811],
		[237.7897532,209.9321352],
		[251.7185622,279.5761803],
		[182.0745172,112.4304721],
		[182.0745172,42.78642704]
	],
	"score": 1.779146572
}
