{
	"point": [
		[140.2880901,544.2235515],
		[126.3592811,418.8642704],
		[112.4304721,265.6473712],
		[182.0745172,279.5761803],
		[182.0745172,418.8642704],
		[154.2168991,558.1523605],
		[84.57285408,307.4337983],
		[70.64404506,209.9321352],
		[84.57285408,112.4304721],
		[196.0033262,126.3592811],
		[209.9321352,223.8609442],
		[209.9321352,335.2914163],
		[140.2880901,98.50166309],
		[140.2880901,14.92880901]
	],
	"score": 1.636486995
}
