{
	"point": [
		[170.7602554,510.2807663],
		[170.7602554,389.023441],
		[158.6345229,255.6403832],
		[219.2631856,267.7661157],
		[207.137453,389.023441],
		[207.137453,510.2807663],
		[134.3830579,304.1433133],
		[134.3830579,207.137453],
		[146.5087904,110.1315928],
		[243.5146506,122.2573253],
		[243.5146506,207.137453],
		[243.5146506,304.1433133],
		[195.0117205,98.00586026],
		[182.885988,37.3771976]
	],
	"score": 1.9813817
}
