{
	"point": [
		[195.0117205,510.2807663],
		[170.7602554,389.023441],
		[158.6345229,279.8918482],
		[195.0117205,267.7661157],
		[182.885988,389.023441],
		[182.885988,498.1550338],
		[134.3830579,304.1433133],
		[122.2573253,207.137453],
		[134.3830579,122.2573253],
		[231.3889181,134.3830579],
		[231.3889181,195.0117205],
		[243.5146506,279.8918482],
		[182.885988,110.1315928],
		[182.885988,37.3771976]
	],
	"score": 1.850749697
}
