{
	"point": [
		[110.1315928,510.2807663],
		[146.5087904,389.023441],
		[158.6345229,267.7661157],
		[231.3889181,243.5146506],
		[219.2631856,376.8977085],
		[207.137453,510.2807663],
		[146.5087904,292.0175808],
		[134.3830579,195.0117205],
		[134.3830579,122.2573253],
		[231.3889181,122.2573253],
		[255.6403832,195.0117205],
		[255.6403832,267.7661157],
		[182.885988,98.00586026],
		[182.885988,37.3771976]
	],
	"score": 1.465266635
}
