{
	"point": [
		[169.9484984,507.8454953],
		[156.9524601,390.8811503],
		[156.9524601,286.9128435],
		[221.9326518,273.9168052],
		[208.9366135,390.8811503],
		[195.9405751,507.8454953],
		[143.9564218,299.9088819],
		[143.9564218,195.9405751],
		[143.9564218,117.9643451],
		[247.9247285,130.9603834],
		[247.9247285,221.9326518],
		[247.9247285,312.9049202],
		[195.9405751,104.9683067],
		[195.9405751,39.98811503]
	],
	"score": 1.866647405
}
