{
	"point": [
		[195.9405751,546.8336104],
		[182.9445368,403.8771886],
		[182.9445368,273.9168052],
		[247.9247285,273.9168052],
		[247.9247285,403.8771886],
		[247.9247285,546.8336104],
		[169.9484984,247.9247285],
		[143.9564218,182.9445368],
		[169.9484984,104.9683067],
		[273.9168052,104.9683067],
		[286.9128435,169.9484984],
		[260.9207668,234.9286902],
		[221.9326518,91.97226839],
		[208.9366135,26.99207668]
	],
	"score": 1.252232839
}
