{
	"point": [
		[126.3592811,558.1523605],
		[126.3592811,404.9354614],
		[126.3592811,279.5761803],
		[168.1457082,279.5761803],
		[168.1457082,404.9354614],
		[154.2168991,558.1523605],
		[84.57285408,307.4337983],
		[84.57285408,209.9321352],
		[98.50166309,112.4304721],
		[196.0033262,126.3592811],
		[196.0033262,223.8609442],
		[209.9321352,321.3626073],
		[154.2168991,98.50166309],
		[154.2168991,28.85761803]
	],
	"score": 1.776304384
}
