{
	"point": [
		[182.885988,534.5322314],
		[170.7602554,413.2749061],
		[158.6345229,279.8918482],
		[219.2631856,292.0175808],
		[207.137453,425.4006386],
		[207.137453,546.6579639],
		[134.3830579,340.5205109],
		[134.3830579,243.5146506],
		[146.5087904,158.6345229],
		[243.5146506,146.5087904],
		[243.5146506,231.3889181],
		[243.5146506,328.3947784],
		[195.0117205,134.3830579],
		[182.885988,61.62866266]
	],
	"score": 1.214122273
}
