{
	"point": [
		[223.8609442,530.2947425],
		[196.0033262,404.9354614],
		[182.0745172,251.7185622],
		[237.7897532,279.5761803],
		[237.7897532,418.8642704],
		[209.9321352,544.2235515],
		[154.2168991,307.4337983],
		[154.2168991,196.0033262],
		[168.1457082,112.4304721],
		[279.5761803,126.3592811],
		[307.4337983,196.0033262],
		[265.6473712,237.7897532],
		[237.7897532,98.50166309],
		[237.7897532,28.85761803]
	],
	"score": 1.409097876
}
