{
	"point": [
		[182.0745172,502.4371245],
		[154.2168991,391.0066524],
		[154.2168991,293.5049893],
		[209.9321352,307.4337983],
		[196.0033262,404.9354614],
		[196.0033262,516.3659335],
		[154.2168991,251.7185622],
		[126.3592811,196.0033262],
		[140.2880901,126.3592811],
		[237.7897532,140.2880901],
		[251.7185622,223.8609442],
		[237.7897532,321.3626073],
		[196.0033262,112.4304721],
		[196.0033262,42.78642704]
	],
	"score": 1.236867506
}
