{
	"point": [
		[154.2168991,544.2235515],
		[154.2168991,432.7930794],
		[140.2880901,307.4337983],
		[196.0033262,293.5049893],
		[182.0745172,418.8642704],
		[168.1457082,544.2235515],
		[42.78642704,293.5049893],
		[84.57285408,209.9321352],
		[98.50166309,126.3592811],
		[209.9321352,126.3592811],
		[265.6473712,196.0033262],
		[223.8609442,251.7185622],
		[154.2168991,98.50166309],
		[154.2168991,28.85761803]
	],
	"score": 1.01267207
}
