{
	"point": [
		[208.9366135,546.8336104],
		[182.9445368,429.8692653],
		[156.9524601,286.9128435],
		[221.9326518,286.9128435],
		[221.9326518,416.8732269],
		[208.9366135,559.8296487],
		[130.9603834,234.9286902],
		[91.97226839,169.9484984],
		[156.9524601,117.9643451],
		[247.9247285,104.9683067],
		[247.9247285,221.9326518],
		[247.9247285,338.8969969],
		[208.9366135,91.97226839],
		[208.9366135,26.99207668]
	],
	"score": 1.316143673
}
