{
	"point": [
		[159.391919,510.1168825],
		[159.391919,385.666089],
		[159.391919,283.8427125],
		[204.646753,283.8427125],
		[204.646753,385.666089],
		[193.3330445,510.1168825],
		[136.764502,317.783838],
		[136.764502,227.27417],
		[148.0782105,159.391919],
		[227.27417,159.391919],
		[227.27417,261.2152955],
		[227.27417,340.411255],
		[193.3330445,136.764502],
		[193.3330445,80.19595949]
	],
	"score": 1.690738123
}
