{
	"point": [
		[221.9326518,546.8336104],
		[195.9405751,403.8771886],
		[195.9405751,273.9168052],
		[234.9286902,260.9207668],
		[221.9326518,403.8771886],
		[234.9286902,546.8336104],
		[156.9524601,273.9168052],
		[156.9524601,195.9405751],
		[169.9484984,130.9603834],
		[273.9168052,117.9643451],
		[273.9168052,208.9366135],
		[260.9207668,312.9049202],
		[208.9366135,104.9683067],
		[208.9366135,39.98811503]
	],
	"score": 1.143046487
}
