{
	"point": [
		[182.9445368,520.8415337],
		[169.9484984,403.8771886],
		[169.9484984,286.9128435],
		[208.9366135,286.9128435],
		[208.9366135,416.8732269],
		[208.9366135,559.8296487],
		[156.9524601,273.9168052],
		[130.9603834,221.9326518],
		[156.9524601,143.9564218],
		[247.9247285,143.9564218],
		[299.9088819,208.9366135],
		[247.9247285,260.9207668],
		[208.9366135,130.9603834],
		[208.9366135,65.98019171]
	],
	"score": 1.054235372
}
