{
	"point": [
		[182.9445368,546.8336104],
		[195.9405751,403.8771886],
		[195.9405751,247.9247285],
		[234.9286902,260.9207668],
		[234.9286902,390.8811503],
		[208.9366135,546.8336104],
		[143.9564218,234.9286902],
		[117.9643451,182.9445368],
		[156.9524601,130.9603834],
		[247.9247285,130.9603834],
		[299.9088819,195.9405751],
		[247.9247285,221.9326518],
		[208.9366135,117.9643451],
		[221.9326518,39.98811503]
	],
	"score": 1.499383085
}
