{
	"point": [
		[182.9445368,546.8336104],
		[208.9366135,403.8771886],
		[182.9445368,273.9168052],
		[234.9286902,260.9207668],
		[221.9326518,416.8732269],
		[208.9366135,546.8336104],
		[130.9603834,312.9049202],
		[143.9564218,208.9366135],
		[143.9564218,117.9643451],
		[247.9247285,117.9643451],
		[286.9128435,195.9405751],
		[247.9247285,221.9326518],
		[195.9405751,91.97226839],
		[195.9405751,26.99207668]
	],
	"score": 1.315341858
}
