{
	"point": {
		"_ArrayType_": "double",
		"_ArraySize_": [14,2,2],
		"_ArrayData_": [158.6345229,110.1315928,110.1315928,170.7602554,158.6345229,158.6345229,73.75439519,85.88012772,85.88012772,182.885988,195.0117205,207.137453,134.3830579,134.3830579,364.771976,292.0175808,207.137453,231.3889181,376.8977085,486.0293013,267.7661157,170.7602554,85.88012772,98.00586026,182.885988,267.7661157,85.88012772,25.25146506,429.709385,421.1351973,429.709385,489.7286989,489.7286989,489.7286989,412.5610096,429.709385,438.2835727,489.7286989,498.3028866,506.8770743,464.0061358,464.0061358,378.2642588,301.0965695,198.2063171,163.9095663,266.7998187,361.1158834,181.0579417,138.1870032,95.3160647,78.1676893,121.0386278,181.0579417,78.1676893,26.7225631]
	},
	"score": [0.5247039189,0.2715850561]
}
