{
	"point": [
		[120.4282229,538.4270031],
		[105.4996951,404.0702523],
		[105.4996951,269.7135016],
		[150.2852786,284.6420294],
		[150.2852786,404.0702523],
		[135.3567508,538.4270031],
		[90.57116719,269.7135016],
		[90.57116719,180.1423344],
		[90.57116719,105.4996951],
		[180.1423344,105.4996951],
		[165.2138065,209.9993901],
		[150.2852786,314.4990852],
		[135.3567508,90.57116719],
		[135.3567508,30.85705573]
	],
	"score": 1.301453316
}
