{
	"point": [
		[223.8609442,544.2235515],
		[209.9321352,404.9354614],
		[223.8609442,237.7897532],
		[265.6473712,251.7185622],
		[265.6473712,418.8642704],
		[251.7185622,544.2235515],
		[209.9321352,84.57285408],
		[182.0745172,182.0745172],
		[196.0033262,112.4304721],
		[293.5049893,112.4304721],
		[293.5049893,209.9321352],
		[293.5049893,209.9321352],
		[237.7897532,98.50166309],
		[237.7897532,28.85761803]
	],
	"score": 1.125565613
}
