{
	"point": [
		[104.9683067,507.8454953],
		[91.97226839,377.8851119],
		[78.97623005,273.9168052],
		[156.9524601,247.9247285],
		[143.9564218,377.8851119],
		[143.9564218,507.8454953],
		[52.98415337,312.9049202],
		[65.98019171,208.9366135],
		[65.98019171,117.9643451],
		[156.9524601,117.9643451],
		[169.9484984,195.9405751],
		[182.9445368,273.9168052],
		[104.9683067,91.97226839],
		[104.9683067,26.99207668]
	],
	"score": 1.755766539
}
