{
	"point": [
		[150.2852786,538.4270031],
		[120.4282229,359.2846688],
		[120.4282229,239.8564458],
		[180.1423344,254.7849737],
		[180.1423344,404.0702523],
		[150.2852786,553.355531],
		[75.64263932,314.4990852],
		[105.4996951,224.927918],
		[105.4996951,120.4282229],
		[209.9993901,120.4282229],
		[209.9993901,195.0708622],
		[209.9993901,284.6420294],
		[150.2852786,105.4996951],
		[150.2852786,30.85705573]
	],
	"score": 1.055231494
}
