{
	"point": [
		[196.0033262,544.2235515],
		[196.0033262,432.7930794],
		[182.0745172,251.7185622],
		[237.7897532,293.5049893],
		[237.7897532,418.8642704],
		[209.9321352,558.1523605],
		[140.2880901,307.4337983],
		[154.2168991,209.9321352],
		[168.1457082,112.4304721],
		[279.5761803,126.3592811],
		[279.5761803,223.8609442],
		[279.5761803,335.2914163],
		[223.8609442,84.57285408],
		[223.8609442,14.92880901]
	],
	"score": 1.500861078
}
