{
	"point": [
		[158.6345229,498.1550338],
		[134.3830579,389.023441],
		[146.5087904,267.7661157],
		[207.137453,243.5146506],
		[207.137453,376.8977085],
		[195.0117205,498.1550338],
		[134.3830579,195.0117205],
		[134.3830579,195.0117205],
		[146.5087904,110.1315928],
		[231.3889181,110.1315928],
		[279.8918482,182.885988],
		[231.3889181,231.3889181],
		[182.885988,98.00586026],
		[182.885988,37.3771976]
	],
	"score": 1.911059369
}
