{
	"point": [
		[196.0033262,544.2235515],
		[196.0033262,418.8642704],
		[182.0745172,279.5761803],
		[237.7897532,279.5761803],
		[237.7897532,418.8642704],
		[223.8609442,544.2235515],
		[140.2880901,307.4337983],
		[154.2168991,196.0033262],
		[168.1457082,126.3592811],
		[279.5761803,126.3592811],
		[279.5761803,196.0033262],
		[307.4337983,182.0745172],
		[223.8609442,98.50166309],
		[223.8609442,28.85761803]
	],
	"score": 1.43708167
}
