{
	"point": [
		[102.8233765,510.1168825],
		[91.50966799,408.293506],
		[68.88225099,261.2152955],
		[114.137085,283.8427125],
		[114.137085,408.293506],
		[102.8233765,521.430591],
		[46.254834,193.3330445],
		[46.254834,193.3330445],
		[46.254834,114.137085],
		[136.764502,114.137085],
		[159.391919,182.019336],
		[159.391919,204.646753],
		[91.50966799,91.50966799],
		[91.50966799,34.9411255]
	],
	"score": 1.087325895
}
