{
	"point": [
		[182.9445368,546.8336104],
		[156.9524601,403.8771886],
		[156.9524601,247.9247285],
		[221.9326518,286.9128435],
		[234.9286902,416.8732269],
		[221.9326518,559.8296487],
		[130.9603834,299.9088819],
		[143.9564218,208.9366135],
		[156.9524601,117.9643451],
		[247.9247285,117.9643451],
		[260.9207668,195.9405751],
		[260.9207668,312.9049202],
		[195.9405751,91.97226839],
		[195.9405751,26.99207668]
	],
	"score": 1.188399363
}
