{
	"point": [
		[221.9326518,546.8336104],
		[208.9366135,390.8811503],
		[195.9405751,260.9207668],
		[260.9207668,273.9168052],
		[260.9207668,403.8771886],
		[234.9286902,546.8336104],
		[169.9484984,312.9049202],
		[169.9484984,221.9326518],
		[195.9405751,130.9603834],
		[286.9128435,117.9643451],
		[299.9088819,195.9405751],
		[286.9128435,286.9128435],
		[234.9286902,104.9683067],
		[234.9286902,26.99207668]
	],
	"score": 1.010282189
}
