{
	"point": [
		[196.0033262,544.2235515],
		[182.0745172,404.9354614],
		[168.1457082,265.6473712],
		[251.7185622,307.4337983],
		[237.7897532,432.7930794],
		[223.8609442,544.2235515],
		[140.2880901,321.3626073],
		[154.2168991,209.9321352],
		[168.1457082,126.3592811],
		[251.7185622,126.3592811],
		[265.6473712,209.9321352],
		[279.5761803,307.4337983],
		[209.9321352,98.50166309],
		[209.9321352,28.85761803]
	],
	"score": 1.816516965
}
