{
	"point": [
		[209.9321352,544.2235515],
		[196.0033262,418.8642704],
		[182.0745172,279.5761803],
		[223.8609442,251.7185622],
		[237.7897532,404.9354614],
		[237.7897532,544.2235515],
		[140.2880901,307.4337983],
		[140.2880901,209.9321352],
		[154.2168991,126.3592811],
		[265.6473712,112.4304721],
		[279.5761803,196.0033262],
		[307.4337983,279.5761803],
		[209.9321352,98.50166309],
		[196.0033262,42.78642704]
	],
	"score": 1.485267554
}
