{
	"point": [
		[135.3567508,553.355531],
		[120.4282229,418.9987802],
		[90.57116719,284.6420294],
		[165.2138065,284.6420294],
		[165.2138065,418.9987802],
		[165.2138065,553.355531],
		[60.71411146,344.3561409],
		[75.64263932,224.927918],
		[90.57116719,135.3567508],
		[209.9993901,135.3567508],
		[239.8564458,209.9993901],
		[180.1423344,269.7135016],
		[150.2852786,105.4996951],
		[150.2852786,30.85705573]
	],
	"score": 1.194914178
}
