{
	"point": [
		[182.885988,498.1550338],
		[170.7602554,389.023441],
		[170.7602554,267.7661157],
		[207.137453,304.1433133],
		[182.885988,389.023441],
		[158.6345229,498.1550338],
		[146.5087904,292.0175808],
		[146.5087904,207.137453],
		[146.5087904,122.2573253],
		[231.3889181,134.3830579],
		[243.5146506,231.3889181],
		[255.6403832,304.1433133],
		[182.885988,110.1315928],
		[182.885988,37.3771976]
	],
	"score": 1.298273416
}
