{
	"point": [
		[224.927918,553.355531],
		[195.0708622,418.9987802],
		[180.1423344,284.6420294],
		[224.927918,254.7849737],
		[209.9993901,389.1417245],
		[195.0708622,523.4984753],
		[135.3567508,314.4990852],
		[135.3567508,209.9993901],
		[135.3567508,120.4282229],
		[254.7849737,120.4282229],
		[254.7849737,209.9993901],
		[269.7135016,299.5705573],
		[195.0708622,105.4996951],
		[195.0708622,30.85705573]
	],
	"score": 1.227716302
}
