{
	"point": [
		[182.9445368,520.8415337],
		[195.9405751,390.8811503],
		[195.9405751,260.9207668],
		[260.9207668,286.9128435],
		[260.9207668,429.8692653],
		[247.9247285,559.8296487],
		[169.9484984,286.9128435],
		[182.9445368,208.9366135],
		[195.9405751,130.9603834],
		[299.9088819,130.9603834],
		[312.9049202,221.9326518],
		[260.9207668,273.9168052],
		[247.9247285,104.9683067],
		[247.9247285,39.98811503]
	],
	"score": 1.264264572
}
