{
	"point": [
		[122.2573253,522.4064989],
		[122.2573253,425.4006386],
		[110.1315928,267.7661157],
		[158.6345229,279.8918482],
		[158.6345229,413.2749061],
		[158.6345229,522.4064989],
		[98.00586026,267.7661157],
		[73.75439519,207.137453],
		[85.88012772,134.3830579],
		[182.885988,122.2573253],
		[195.0117205,219.2631856],
		[146.5087904,267.7661157],
		[134.3830579,110.1315928],
		[134.3830579,37.3771976]
	],
	"score": 1.200494449
}
