{
	"point": [
		[150.2852786,553.355531],
		[135.3567508,404.0702523],
		[135.3567508,269.7135016],
		[180.1423344,284.6420294],
		[195.0708622,418.9987802],
		[180.1423344,553.355531],
		[90.57116719,239.8564458],
		[60.71411146,180.1423344],
		[105.4996951,120.4282229],
		[224.927918,105.4996951],
		[224.927918,209.9993901],
		[209.9993901,314.4990852],
		[165.2138065,90.57116719],
		[165.2138065,15.92852786]
	],
	"score": 1.393526683
}
