{
	"point": [
		[182.885988,534.5322314],
		[158.6345229,401.1491736],
		[134.3830579,255.6403832],
		[207.137453,255.6403832],
		[219.2631856,401.1491736],
		[231.3889181,534.5322314],
		[110.1315928,304.1433133],
		[110.1315928,207.137453],
		[134.3830579,122.2573253],
		[219.2631856,122.2573253],
		[231.3889181,219.2631856],
		[231.3889181,304.1433133],
		[170.7602554,98.00586026],
		[170.7602554,25.25146506]
	],
	"score": 1.196317741
}
