{
	"point": [
		[136.764502,476.175757],
		[136.764502,363.038672],
		[136.764502,249.901587],
		[193.3330445,238.5878785],
		[182.019336,363.038672],
		[170.7056275,476.175757],
		[68.88225099,136.764502],
		[102.8233765,182.019336],
		[102.8233765,114.137085],
		[193.3330445,102.8233765],
		[193.3330445,170.7056275],
		[182.019336,91.50966799],
		[148.0782105,91.50966799],
		[148.0782105,23.627417]
	],
	"score": 1.180077486
}
