{
	"point": [
		[130.9603834,546.8336104],
		[117.9643451,403.8771886],
		[117.9643451,273.9168052],
		[182.9445368,273.9168052],
		[182.9445368,403.8771886],
		[169.9484984,559.8296487],
		[91.97226839,325.9009585],
		[104.9683067,221.9326518],
		[104.9683067,117.9643451],
		[208.9366135,117.9643451],
		[208.9366135,208.9366135],
		[208.9366135,312.9049202],
		[156.9524601,91.97226839],
		[156.9524601,26.99207668]
	],
	"score": 1.41396885
}
