{
	"point": [
		[204.646753,521.430591],
		[204.646753,396.9797975],
		[204.646753,272.529004],
		[272.529004,261.2152955],
		[249.901587,396.9797975],
		[238.5878785,521.430591],
		[170.7056275,295.156421],
		[170.7056275,215.9604615],
		[170.7056275,114.137085],
		[272.529004,102.8233765],
		[283.8427125,182.019336],
		[295.156421,283.8427125],
		[227.27417,91.50966799],
		[227.27417,23.627417]
	],
	"score": 1.364524825
}
