{
	"point": [
		[140.2880901,558.1523605],
		[126.3592811,418.8642704],
		[112.4304721,279.5761803],
		[182.0745172,279.5761803],
		[182.0745172,418.8642704],
		[168.1457082,558.1523605],
		[56.71523605,237.7897532],
		[84.57285408,182.0745172],
		[98.50166309,98.50166309],
		[209.9321352,112.4304721],
		[223.8609442,209.9321352],
		[196.0033262,251.7185622],
		[154.2168991,84.57285408],
		[154.2168991,14.92880901]
	],
	"score": 1.270190561
}
