{
	"point": [
		[182.0745172,544.2235515],
		[182.0745172,418.8642704],
		[182.0745172,251.7185622],
		[223.8609442,251.7185622],
		[223.8609442,404.9354614],
		[209.9321352,558.1523605],
		[154.2168991,251.7185622],
		[154.2168991,168.1457082],
		[154.2168991,112.4304721],
		[265.6473712,126.3592811],
		[237.7897532,196.0033262],
		[251.7185622,279.5761803],
		[209.9321352,98.50166309],
		[196.0033262,28.85761803]
	],
	"score": 1.201514407
}
