{
	"point": [
		[239.8564458,553.355531],
		[209.9993901,448.8558359],
		[195.0708622,284.6420294],
		[254.7849737,314.4990852],
		[224.927918,448.8558359],
		[254.7849737,553.355531],
		[180.1423344,284.6420294],
		[209.9993901,209.9993901],
		[209.9993901,120.4282229],
		[314.4990852,120.4282229],
		[314.4990852,209.9993901],
		[299.5705573,314.4990852],
		[254.7849737,105.4996951],
		[254.7849737,30.85705573]
	],
	"score": 1.052539769
}
