{
	"point": [
		[135.3567508,538.4270031],
		[135.3567508,389.1417245],
		[135.3567508,254.7849737],
		[180.1423344,269.7135016],
		[180.1423344,404.0702523],
		[165.2138065,538.4270031],
		[105.4996951,284.6420294],
		[120.4282229,195.0708622],
		[135.3567508,120.4282229],
		[224.927918,135.3567508],
		[224.927918,195.0708622],
		[224.927918,284.6420294],
		[180.1423344,120.4282229],
		[195.0708622,45.78558359]
	],
	"score": 1.205568884
}
