{
	"point": [
		[182.0745172,544.2235515],
		[168.1457082,432.7930794],
		[168.1457082,293.5049893],
		[223.8609442,293.5049893],
		[223.8609442,432.7930794],
		[209.9321352,544.2235515],
		[154.2168991,251.7185622],
		[126.3592811,196.0033262],
		[154.2168991,126.3592811],
		[251.7185622,126.3592811],
		[293.5049893,196.0033262],
		[237.7897532,251.7185622],
		[196.0033262,98.50166309],
		[196.0033262,28.85761803]
	],
	"score": 1.628600775
}
