{
	"point": [
		[91.97226839,546.8336104],
		[78.97623005,390.8811503],
		[78.97623005,273.9168052],
		[143.9564218,260.9207668],
		[143.9564218,403.8771886],
		[130.9603834,546.8336104],
		[52.98415337,260.9207668],
		[65.98019171,208.9366135],
		[78.97623005,130.9603834],
		[169.9484984,130.9603834],
		[169.9484984,221.9326518],
		[182.9445368,312.9049202],
		[117.9643451,117.9643451],
		[117.9643451,39.98811503]
	],
	"score": 1.296878483
}
