{
	"point": [
		[140.2880901,516.3659335],
		[126.3592811,391.0066524],
		[112.4304721,265.6473712],
		[182.0745172,279.5761803],
		[182.0745172,418.8642704],
		[209.9321352,544.2235515],
		[84.57285408,307.4337983],
		[84.57285408,223.8609442],
		[112.4304721,112.4304721],
		[223.8609442,126.3592811],
		[209.9321352,209.9321352],
		[209.9321352,279.5761803],
		[168.1457082,98.50166309],
		[168.1457082,28.85761803]
	],
	"score": 1.012325971
}
