{
	"point": [
		[165.2138065,523.4984753],
		[165.2138065,404.0702523],
		[165.2138065,269.7135016],
		[224.927918,254.7849737],
		[224.927918,389.1417245],
		[224.927918,538.4270031],
		[135.3567508,314.4990852],
		[135.3567508,224.927918],
		[165.2138065,135.3567508],
		[254.7849737,135.3567508],
		[269.7135016,209.9993901],
		[269.7135016,314.4990852],
		[209.9993901,105.4996951],
		[209.9993901,30.85705573]
	],
	"score": 1.317007765
}
