{
	"point": [
		[219.2631856,546.6579639],
		[195.0117205,401.1491736],
		[170.7602554,292.0175808],
		[231.3889181,267.7661157],
		[231.3889181,389.023441],
		[231.3889181,510.2807663],
		[146.5087904,316.2690458],
		[146.5087904,231.3889181],
		[158.6345229,134.3830579],
		[243.5146506,110.1315928],
		[267.7661157,195.0117205],
		[231.3889181,158.6345229],
		[195.0117205,98.00586026],
		[195.0117205,37.3771976]
	],
	"score": 1.159637147
}
