{
	"point": [
		[208.9366135,546.8336104],
		[195.9405751,390.8811503],
		[182.9445368,247.9247285],
		[247.9247285,260.9207668],
		[247.9247285,403.8771886],
		[247.9247285,546.8336104],
		[156.9524601,299.9088819],
		[169.9484984,195.9405751],
		[169.9484984,104.9683067],
		[273.9168052,104.9683067],
		[273.9168052,195.9405751],
		[286.9128435,286.9128435],
		[221.9326518,91.97226839],
		[221.9326518,26.99207668]
	],
	"score": 1.07453166
}
