{
	"point": {
		"_ArrayType_": "double",
		"_ArraySize_": [14,2,2],
		"_ArrayData_": [276.7763486,158.5864849,158.5864849,296.4746592,296.4746592,276.7763486,99.49155307,60.09493184,138.8881743,296.4746592,355.569591,276.7763486,217.6814167,217.6814167,591.9493184,572.2510078,414.6645229,335.8712804,434.3628335,552.5526972,355.569591,276.7763486,197.9831061,178.2847955,276.7763486,355.569591,158.5864849,40.39662123,227.5305721,217.6814167,207.8322614,227.5305721,217.6814167,207.8322614,188.1339508,188.1339508,188.1339508,266.9271933,276.7763486,237.3797274,227.5305721,227.5305721,335.8712804,257.078038,178.2847955,188.1339508,286.6255039,394.9662123,207.8322614,148.7373296,99.49155307,99.49155307,138.8881743,168.4356402,89.64239776,30.54746592]
	},
	"score": [0.6964891093,0.2271195342]
}
