{
	"point": [
		[195.9405751,520.8415337],
		[195.9405751,390.8811503],
		[182.9445368,260.9207668],
		[234.9286902,273.9168052],
		[234.9286902,416.8732269],
		[234.9286902,520.8415337],
		[130.9603834,273.9168052],
		[156.9524601,208.9366135],
		[156.9524601,117.9643451],
		[260.9207668,104.9683067],
		[273.9168052,169.9484984],
		[299.9088819,221.9326518],
		[195.9405751,91.97226839],
		[195.9405751,26.99207668]
	],
	"score": 1.026816177
}
