{
	"point": [
		[104.9683067,546.8336104],
		[91.97226839,429.8692653],
		[78.97623005,273.9168052],
		[143.9564218,299.9088819],
		[143.9564218,429.8692653],
		[130.9603834,559.8296487],
		[65.98019171,286.9128435],
		[52.98415337,221.9326518],
		[65.98019171,130.9603834],
		[169.9484984,143.9564218],
		[221.9326518,208.9366135],
		[169.9484984,260.9207668],
		[117.9643451,117.9643451],
		[117.9643451,39.98811503]
	],
	"score": 1.596283244
}
