{
	"point": [
		[143.9564218,559.8296487],
		[130.9603834,416.8732269],
		[130.9603834,234.9286902],
		[182.9445368,273.9168052],
		[169.9484984,416.8732269],
		[169.9484984,559.8296487],
		[91.97226839,195.9405751],
		[91.97226839,195.9405751],
		[104.9683067,104.9683067],
		[208.9366135,117.9643451],
		[208.9366135,208.9366135],
		[208.9366135,312.9049202],
		[169.9484984,91.97226839],
		[169.9484984,26.99207668]
	],
	"score": 1.430646382
}
