{
	"point": [
		[221.9326518,546.8336104],
		[208.9366135,403.8771886],
		[195.9405751,286.9128435],
		[260.9207668,299.9088819],
		[247.9247285,416.8732269],
		[234.9286902,546.8336104],
		[169.9484984,260.9207668],
		[182.9445368,169.9484984],
		[182.9445368,117.9643451],
		[286.9128435,117.9643451],
		[299.9088819,195.9405751],
		[273.9168052,247.9247285],
		[234.9286902,91.97226839],
		[234.9286902,26.99207668]
	],
	"score": 1.288986406
}
