{
	"point": [
		[223.8609442,530.2947425],
		[209.9321352,391.0066524],
		[196.0033262,265.6473712],
		[251.7185622,251.7185622],
		[237.7897532,391.0066524],
		[223.8609442,530.2947425],
		[168.1457082,307.4337983],
		[168.1457082,223.8609442],
		[182.0745172,140.2880901],
		[279.5761803,126.3592811],
		[293.5049893,223.8609442],
		[293.5049893,321.3626073],
		[223.8609442,112.4304721],
		[223.8609442,42.78642704]
	],
	"score": 1.274616336
}
