{
	"point": [
		[169.9484984,546.8336104],
		[143.9564218,416.8732269],
		[143.9564218,312.9049202],
		[195.9405751,299.9088819],
		[195.9405751,416.8732269],
		[208.9366135,533.837572],
		[104.9683067,338.8969969],
		[104.9683067,260.9207668],
		[104.9683067,169.9484984],
		[195.9405751,143.9564218],
		[208.9366135,195.9405751],
		[208.9366135,286.9128435],
		[143.9564218,143.9564218],
		[130.9603834,78.97623005]
	],
	"score": 1.13448301
}
