{
	"point": [
		[182.9445368,559.8296487],
		[208.9366135,429.8692653],
		[182.9445368,312.9049202],
		[221.9326518,299.9088819],
		[208.9366135,429.8692653],
		[182.9445368,559.8296487],
		[130.9603834,221.9326518],
		[91.97226839,169.9484984],
		[156.9524601,130.9603834],
		[247.9247285,130.9603834],
		[299.9088819,195.9405751],
		[247.9247285,234.9286902],
		[208.9366135,104.9683067],
		[208.9366135,26.99207668]
	],
	"score": 1.035114473
}
