{
	"point": [
		[143.9564218,546.8336104],
		[130.9603834,416.8732269],
		[117.9643451,299.9088819],
		[182.9445368,273.9168052],
		[169.9484984,403.8771886],
		[169.9484984,533.837572],
		[91.97226839,299.9088819],
		[104.9683067,208.9366135],
		[117.9643451,117.9643451],
		[208.9366135,104.9683067],
		[208.9366135,208.9366135],
		[221.9326518,312.9049202],
		[156.9524601,91.97226839],
		[156.9524601,26.99207668]
	],
	"score": 1.01229492
}
