{
	"point": [
		[143.9564218,546.8336104],
		[117.9643451,416.8732269],
		[117.9643451,273.9168052],
		[169.9484984,286.9128435],
		[169.9484984,416.8732269],
		[169.9484984,559.8296487],
		[91.97226839,325.9009585],
		[91.97226839,221.9326518],
		[91.97226839,117.9643451],
		[195.9405751,130.9603834],
		[208.9366135,221.9326518],
		[208.9366135,312.9049202],
		[143.9564218,104.9683067],
		[143.9564218,26.99207668]
	],
	"score": 1.042525524
}
