{
	"point": [
		[182.0745172,502.4371245],
		[154.2168991,377.0778433],
		[154.2168991,279.5761803],
		[209.9321352,265.6473712],
		[196.0033262,391.0066524],
		[182.0745172,502.4371245],
		[126.3592811,293.5049893],
		[140.2880901,209.9321352],
		[140.2880901,140.2880901],
		[237.7897532,126.3592811],
		[251.7185622,196.0033262],
		[279.5761803,279.5761803],
		[182.0745172,112.4304721],
		[182.0745172,42.78642704]
	],
	"score": 1.551854532
}
