{
	"point": [
		[208.9366135,546.8336104],
		[195.9405751,416.8732269],
		[182.9445368,273.9168052],
		[247.9247285,286.9128435],
		[247.9247285,429.8692653],
		[247.9247285,559.8296487],
		[169.9484984,260.9207668],
		[156.9524601,208.9366135],
		[156.9524601,117.9643451],
		[260.9207668,117.9643451],
		[260.9207668,195.9405751],
		[273.9168052,273.9168052],
		[208.9366135,104.9683067],
		[208.9366135,26.99207668]
	],
	"score": 1.583623384
}
