{
	"point": [
		[182.9445368,507.8454953],
		[169.9484984,403.8771886],
		[156.9524601,273.9168052],
		[208.9366135,299.9088819],
		[208.9366135,403.8771886],
		[195.9405751,507.8454953],
		[117.9643451,299.9088819],
		[130.9603834,195.9405751],
		[143.9564218,130.9603834],
		[234.9286902,130.9603834],
		[247.9247285,221.9326518],
		[234.9286902,299.9088819],
		[182.9445368,117.9643451],
		[182.9445368,39.98811503]
	],
	"score": 1.970440563
}
