{
	"point": [
		[195.9405751,546.8336104],
		[182.9445368,429.8692653],
		[169.9484984,312.9049202],
		[221.9326518,312.9049202],
		[221.9326518,429.8692653],
		[208.9366135,546.8336104],
		[130.9603834,364.8890736],
		[143.9564218,260.9207668],
		[143.9564218,169.9484984],
		[247.9247285,169.9484984],
		[273.9168052,260.9207668],
		[260.9207668,351.8930352],
		[195.9405751,156.9524601],
		[208.9366135,78.97623005]
	],
	"score": 1.607845812
}
