{
	"point": [
		[126.3592811,544.2235515],
		[126.3592811,404.9354614],
		[126.3592811,265.6473712],
		[182.0745172,251.7185622],
		[168.1457082,404.9354614],
		[168.1457082,544.2235515],
		[98.50166309,293.5049893],
		[84.57285408,196.0033262],
		[98.50166309,98.50166309],
		[196.0033262,112.4304721],
		[196.0033262,168.1457082],
		[196.0033262,251.7185622],
		[154.2168991,84.57285408],
		[154.2168991,14.92880901]
	],
	"score": 1.304980721
}
