{
	"point": [
		[182.0745172,544.2235515],
		[168.1457082,432.7930794],
		[168.1457082,307.4337983],
		[237.7897532,293.5049893],
		[237.7897532,418.8642704],
		[265.6473712,530.2947425],
		[112.4304721,293.5049893],
		[98.50166309,223.8609442],
		[140.2880901,140.2880901],
		[251.7185622,126.3592811],
		[265.6473712,223.8609442],
		[265.6473712,321.3626073],
		[196.0033262,112.4304721],
		[196.0033262,28.85761803]
	],
	"score": 1.067104135
}
