{
	"point": [
		[182.0745172,544.2235515],
		[168.1457082,446.7218884],
		[168.1457082,321.3626073],
		[223.8609442,307.4337983],
		[223.8609442,432.7930794],
		[209.9321352,544.2235515],
		[140.2880901,279.5761803],
		[98.50166309,209.9321352],
		[154.2168991,140.2880901],
		[251.7185622,140.2880901],
		[265.6473712,251.7185622],
		[265.6473712,349.2202253],
		[209.9321352,112.4304721],
		[209.9321352,28.85761803]
	],
	"score": 1.782446727
}
