{
	"point": [
		[223.8609442,558.1523605],
		[196.0033262,446.7218884],
		[182.0745172,279.5761803],
		[251.7185622,265.6473712],
		[251.7185622,432.7930794],
		[251.7185622,558.1523605],
		[168.1457082,237.7897532],
		[126.3592811,182.0745172],
		[182.0745172,112.4304721],
		[293.5049893,98.50166309],
		[349.2202253,182.0745172],
		[279.5761803,223.8609442],
		[237.7897532,84.57285408],
		[237.7897532,14.92880901]
	],
	"score": 1.149958159
}
