{
	"point": {
		"_ArrayType_": "double",
		"_ArraySize_": [14,2,2],
		"_ArrayData_": [446.7218884,418.8642704,432.7930794,488.5083154,474.5795064,460.6506974,418.8642704,391.0066524,446.7218884,530.2947425,530.2947425,502.4371245,502.4371245,502.4371245,502.4371245,391.0066524,265.6473712,307.4337983,404.9354614,516.3659335,237.7897532,182.0745172,126.3592811,140.2880901,223.8609442,265.6473712,112.4304721,42.78642704,180.4530759,159.3409493,148.784886,212.1212657,212.1212657,191.0091392,127.6727594,138.2288227,138.2288227,222.677329,233.2333923,212.1212657,169.8970126,180.4530759,507.6910377,402.1304049,275.4576454,254.3455189,402.1304049,507.6910377,286.0137087,233.2333923,148.784886,148.784886,201.5652024,222.677329,127.6727594,64.33637972]
	},
	"score": [0.8172919557,0.546237105]
}
