{
	"point": [
		[219.2631856,558.7836965],
		[195.0117205,401.1491736],
		[170.7602554,255.6403832],
		[231.3889181,292.0175808],
		[231.3889181,401.1491736],
		[219.2631856,498.1550338],
		[146.5087904,267.7661157],
		[146.5087904,182.885988],
		[158.6345229,110.1315928],
		[255.6403832,122.2573253],
		[267.7661157,219.2631856],
		[279.8918482,292.0175808],
		[207.137453,85.88012772],
		[207.137453,25.25146506]
	],
	"score": 1.068335984
}
