{
	"point": [
		[156.9524601,533.837572],
		[104.9683067,403.8771886],
		[104.9683067,247.9247285],
		[156.9524601,286.9128435],
		[156.9524601,403.8771886],
		[156.9524601,546.8336104],
		[91.97226839,299.9088819],
		[78.97623005,195.9405751],
		[104.9683067,104.9683067],
		[195.9405751,117.9643451],
		[195.9405751,208.9366135],
		[221.9326518,286.9128435],
		[156.9524601,91.97226839],
		[156.9524601,26.99207668]
	],
	"score": 1.242283445
}
