{
	"point": [
		[223.8609442,516.3659335],
		[196.0033262,391.0066524],
		[168.1457082,251.7185622],
		[237.7897532,279.5761803],
		[237.7897532,404.9354614],
		[223.8609442,544.2235515],
		[140.2880901,223.8609442],
		[112.4304721,168.1457082],
		[168.1457082,112.4304721],
		[279.5761803,112.4304721],
		[279.5761803,196.0033262],
		[293.5049893,307.4337983],
		[223.8609442,98.50166309],
		[223.8609442,28.85761803]
	],
	"score": 1.152451415
}
