{
	"point": [
		[195.9405751,520.8415337],
		[195.9405751,390.8811503],
		[195.9405751,260.9207668],
		[234.9286902,247.9247285],
		[234.9286902,390.8811503],
		[208.9366135,520.8415337],
		[156.9524601,234.9286902],
		[143.9564218,169.9484984],
		[156.9524601,104.9683067],
		[247.9247285,104.9683067],
		[286.9128435,169.9484984],
		[247.9247285,208.9366135],
		[208.9366135,91.97226839],
		[208.9366135,26.99207668]
	],
	"score": 1.072413648
}
