{
	"point": [
		[223.8609442,558.1523605],
		[196.0033262,432.7930794],
		[182.0745172,279.5761803],
		[237.7897532,251.7185622],
		[237.7897532,432.7930794],
		[223.8609442,558.1523605],
		[154.2168991,293.5049893],
		[154.2168991,223.8609442],
		[168.1457082,126.3592811],
		[279.5761803,126.3592811],
		[279.5761803,223.8609442],
		[279.5761803,321.3626073],
		[223.8609442,98.50166309],
		[223.8609442,28.85761803]
	],
	"score": 1.247606172
}
