{
	"point": {
		"_ArrayType_": "double",
		"_ArraySize_": [14,2,2],
		"_ArrayData_": [90.57116719,105.4996951,105.4996951,180.1423344,180.1423344,195.0708622,105.4996951,90.57116719,90.57116719,195.0708622,195.0708622,209.9993901,135.3567508,120.4282229,538.4270031,389.1417245,239.8564458,269.7135016,418.9987802,553.355531,299.5705573,195.0708622,105.4996951,105.4996951,195.0708622,314.4990852,90.57116719,30.85705573,391.0066524,404.9354614,418.8642704,460.6506974,418.8642704,391.0066524,391.0066524,404.9354614,404.9354614,502.4371245,488.5083154,488.5083154,446.7218884,446.7218884,544.2235515,404.9354614,293.5049893,265.6473712,404.9354614,530.2947425,307.4337983,209.9321352,112.4304721,112.4304721,209.9321352,279.5761803,98.50166309,28.85761803]
	},
	"score": [0.5432212929,-0.006348823042]
}
