{
	"point": {
		"_ArrayType_": "double",
		"_ArraySize_": [14,2,2],
		"_ArrayData_": [112.4304721,98.50166309,84.57285408,140.2880901,140.2880901,126.3592811,56.71523605,56.71523605,56.71523605,154.2168991,154.2168991,182.0745172,98.50166309,98.50166309,544.2235515,391.0066524,251.7185622,251.7185622,391.0066524,544.2235515,321.3626073,223.8609442,126.3592811,112.4304721,196.0033262,279.5761803,98.50166309,28.85761803,321.3626073,307.4337983,307.4337983,363.1490343,349.2202253,349.2202253,265.6473712,279.5761803,279.5761803,377.0778433,377.0778433,404.9354614,321.3626073,321.3626073,530.2947425,391.0066524,251.7185622,251.7185622,404.9354614,544.2235515,293.5049893,196.0033262,112.4304721,112.4304721,196.0033262,293.5049893,84.57285408,28.85761803]
	},
	"score": [2.175936567,1.47223569]
}
