{
	"point": [
		[349.3500884,433.7985947],
		[349.3500884,338.7940252],
		[349.3500884,222.677329],
		[391.5743416,233.2333923],
		[381.0182783,328.2379619],
		[370.462215,444.354658],
		[317.6818986,264.9015822],
		[328.2379619,191.0091392],
		[328.2379619,117.1166961],
		[412.6864682,127.6727594],
		[423.2425314,191.0091392],
		[423.2425314,264.9015822],
		[370.462215,106.5606329],
		[370.462215,43.22425314]
	],
	"score": 1.607896164
}
