{
	"point": [
		[182.9445368,507.8454953],
		[182.9445368,416.8732269],
		[156.9524601,247.9247285],
		[208.9366135,273.9168052],
		[208.9366135,416.8732269],
		[195.9405751,559.8296487],
		[91.97226839,260.9207668],
		[130.9603834,182.9445368],
		[143.9564218,117.9643451],
		[247.9247285,117.9643451],
		[312.9049202,182.9445368],
		[260.9207668,221.9326518],
		[195.9405751,91.97226839],
		[195.9405751,26.99207668]
	],
	"score": 1.316106441
}
