{
	"point": [
		[182.0745172,544.2235515],
		[168.1457082,391.0066524],
		[168.1457082,265.6473712],
		[223.8609442,265.6473712],
		[223.8609442,404.9354614],
		[223.8609442,558.1523605],
		[140.2880901,321.3626073],
		[140.2880901,209.9321352],
		[154.2168991,112.4304721],
		[251.7185622,112.4304721],
		[251.7185622,196.0033262],
		[251.7185622,279.5761803],
		[196.0033262,84.57285408],
		[196.0033262,28.85761803]
	],
	"score": 1.377432296
}
