{
	"point": [
		[130.9603834,546.8336104],
		[130.9603834,429.8692653],
		[104.9683067,273.9168052],
		[182.9445368,299.9088819],
		[169.9484984,429.8692653],
		[143.9564218,559.8296487],
		[117.9643451,312.9049202],
		[65.98019171,221.9326518],
		[91.97226839,117.9643451],
		[195.9405751,130.9603834],
		[195.9405751,195.9405751],
		[208.9366135,273.9168052],
		[143.9564218,104.9683067],
		[143.9564218,26.99207668]
	],
	"score": 1.633255437
}
