{
	"point": [
		[219.2631856,546.6579639],
		[207.137453,413.2749061],
		[207.137453,267.7661157],
		[267.7661157,255.6403832],
		[255.6403832,401.1491736],
		[255.6403832,522.4064989],
		[170.7602554,279.8918482],
		[195.0117205,195.0117205],
		[195.0117205,110.1315928],
		[292.0175808,98.00586026],
		[292.0175808,170.7602554],
		[304.1433133,231.3889181],
		[243.5146506,85.88012772],
		[243.5146506,25.25146506]
	],
	"score": 1.145987313
}
