{
	"point": [
		[209.9321352,544.2235515],
		[182.0745172,418.8642704],
		[182.0745172,279.5761803],
		[237.7897532,265.6473712],
		[237.7897532,404.9354614],
		[251.7185622,544.2235515],
		[182.0745172,321.3626073],
		[154.2168991,223.8609442],
		[154.2168991,126.3592811],
		[265.6473712,126.3592811],
		[279.5761803,196.0033262],
		[279.5761803,279.5761803],
		[209.9321352,112.4304721],
		[209.9321352,42.78642704]
	],
	"score": 1.151324039
}
