{
	"point": [
		[168.1457082,530.2947425],
		[168.1457082,404.9354614],
		[168.1457082,265.6473712],
		[251.7185622,265.6473712],
		[251.7185622,404.9354614],
		[237.7897532,544.2235515],
		[140.2880901,307.4337983],
		[140.2880901,223.8609442],
		[140.2880901,126.3592811],
		[237.7897532,126.3592811],
		[251.7185622,223.8609442],
		[279.5761803,307.4337983],
		[196.0033262,112.4304721],
		[196.0033262,42.78642704]
	],
	"score": 1.199373039
}
