{
	"point": [
		[237.7897532,544.2235515],
		[223.8609442,404.9354614],
		[209.9321352,251.7185622],
		[293.5049893,265.6473712],
		[265.6473712,404.9354614],
		[251.7185622,544.2235515],
		[182.0745172,307.4337983],
		[196.0033262,196.0033262],
		[209.9321352,98.50166309],
		[321.3626073,112.4304721],
		[321.3626073,209.9321352],
		[321.3626073,321.3626073],
		[265.6473712,84.57285408],
		[265.6473712,14.92880901]
	],
	"score": 1.61555118
}
