{
	"point": [
		[209.9321352,558.1523605],
		[223.8609442,418.8642704],
		[209.9321352,265.6473712],
		[293.5049893,279.5761803],
		[279.5761803,418.8642704],
		[279.5761803,558.1523605],
		[182.0745172,307.4337983],
		[182.0745172,209.9321352],
		[182.0745172,112.4304721],
		[293.5049893,112.4304721],
		[307.4337983,209.9321352],
		[335.2914163,293.5049893],
		[237.7897532,84.57285408],
		[237.7897532,14.92880901]
	],
	"score": 1.440167893
}
