{
	"point": [
		[140.2880901,544.2235515],
		[126.3592811,404.9354614],
		[112.4304721,293.5049893],
		[182.0745172,307.4337983],
		[182.0745172,432.7930794],
		[168.1457082,544.2235515],
		[98.50166309,321.3626073],
		[98.50166309,209.9321352],
		[112.4304721,126.3592811],
		[209.9321352,112.4304721],
		[209.9321352,196.0033262],
		[209.9321352,293.5049893],
		[154.2168991,98.50166309],
		[154.2168991,28.85761803]
	],
	"score": 1.164449443
}
