{
	"point": [
		[208.9366135,546.8336104],
		[182.9445368,403.8771886],
		[182.9445368,273.9168052],
		[234.9286902,260.9207668],
		[234.9286902,403.8771886],
		[208.9366135,559.8296487],
		[143.9564218,286.9128435],
		[156.9524601,195.9405751],
		[169.9484984,117.9643451],
		[273.9168052,117.9643451],
		[247.9247285,195.9405751],
		[273.9168052,260.9207668],
		[221.9326518,91.97226839],
		[221.9326518,26.99207668]
	],
	"score": 1.490482918
}
