{
	"point": [
		[135.3567508,538.4270031],
		[120.4282229,404.0702523],
		[105.4996951,239.8564458],
		[180.1423344,254.7849737],
		[180.1423344,404.0702523],
		[150.2852786,553.355531],
		[90.57116719,284.6420294],
		[90.57116719,180.1423344],
		[90.57116719,105.4996951],
		[195.0708622,120.4282229],
		[195.0708622,195.0708622],
		[224.927918,314.4990852],
		[150.2852786,90.57116719],
		[150.2852786,15.92852786]
	],
	"score": 1.275352474
}
