{
	"point": [
		[91.97226839,520.8415337],
		[78.97623005,403.8771886],
		[52.98415337,260.9207668],
		[104.9683067,273.9168052],
		[104.9683067,403.8771886],
		[91.97226839,533.837572],
		[26.99207668,312.9049202],
		[26.99207668,208.9366135],
		[26.99207668,117.9643451],
		[117.9643451,104.9683067],
		[130.9603834,169.9484984],
		[78.97623005,208.9366135],
		[78.97623005,91.97226839],
		[78.97623005,26.99207668]
	],
	"score": 1.546332216
}
