{
	"point": [
		[130.9603834,546.8336104],
		[130.9603834,429.8692653],
		[130.9603834,286.9128435],
		[182.9445368,299.9088819],
		[182.9445368,416.8732269],
		[169.9484984,559.8296487],
		[91.97226839,312.9049202],
		[104.9683067,221.9326518],
		[104.9683067,117.9643451],
		[208.9366135,117.9643451],
		[208.9366135,208.9366135],
		[221.9326518,286.9128435],
		[156.9524601,91.97226839],
		[156.9524601,26.99207668]
	],
	"score": 1.792568351
}
