{
	"point": [
		[130.9603834,546.8336104],
		[143.9564218,416.8732269],
		[117.9643451,273.9168052],
		[169.9484984,286.9128435],
		[169.9484984,429.8692653],
		[156.9524601,546.8336104],
		[91.97226839,312.9049202],
		[91.97226839,208.9366135],
		[104.9683067,117.9643451],
		[195.9405751,117.9643451],
		[208.9366135,208.9366135],
		[208.9366135,325.9009585],
		[156.9524601,91.97226839],
		[156.9524601,26.99207668]
	],
	"score": 1.715122317
}
