{
	"point": [
		[140.2880901,544.2235515],
		[126.3592811,404.9354614],
		[126.3592811,251.7185622],
		[168.1457082,279.5761803],
		[168.1457082,418.8642704],
		[154.2168991,544.2235515],
		[84.57285408,307.4337983],
		[98.50166309,209.9321352],
		[112.4304721,112.4304721],
		[209.9321352,112.4304721],
		[209.9321352,209.9321352],
		[209.9321352,307.4337983],
		[154.2168991,98.50166309],
		[154.2168991,28.85761803]
	],
	"score": 1.733169547
}
