{
	"point": [
		[78.97623005,546.8336104],
		[65.98019171,442.8653036],
		[39.98811503,299.9088819],
		[104.9683067,299.9088819],
		[117.9643451,429.8692653],
		[91.97226839,559.8296487],
		[26.99207668,312.9049202],
		[1,221.9326518],
		[13.99603834,130.9603834],
		[104.9683067,117.9643451],
		[104.9683067,221.9326518],
		[52.98415337,260.9207668],
		[52.98415337,104.9683067],
		[52.98415337,26.99207668]
	],
	"score": 1.099454498
}
