{
	"point": [
		[117.9643451,533.837572],
		[104.9683067,416.8732269],
		[117.9643451,286.9128435],
		[156.9524601,273.9168052],
		[143.9564218,416.8732269],
		[130.9603834,520.8415337],
		[26.99207668,273.9168052],
		[78.97623005,195.9405751],
		[104.9683067,104.9683067],
		[208.9366135,104.9683067],
		[208.9366135,169.9484984],
		[182.9445368,234.9286902],
		[156.9524601,91.97226839],
		[143.9564218,26.99207668]
	],
	"score": 1.058629301
}
