{
	"point": [
		[234.9286902,546.8336104],
		[208.9366135,416.8732269],
		[182.9445368,286.9128435],
		[260.9207668,299.9088819],
		[247.9247285,429.8692653],
		[234.9286902,546.8336104],
		[156.9524601,247.9247285],
		[130.9603834,195.9405751],
		[182.9445368,130.9603834],
		[286.9128435,130.9603834],
		[299.9088819,234.9286902],
		[299.9088819,325.9009585],
		[234.9286902,117.9643451],
		[234.9286902,39.98811503]
	],
	"score": 1.347674451
}
