{
	"point": [
		[90.57116719,538.4270031],
		[75.64263932,433.9273081],
		[60.71411146,269.7135016],
		[105.4996951,284.6420294],
		[90.57116719,433.9273081],
		[90.57116719,553.355531],
		[30.85705573,329.427613],
		[30.85705573,224.927918],
		[30.85705573,120.4282229],
		[150.2852786,120.4282229],
		[150.2852786,239.8564458],
		[150.2852786,329.427613],
		[90.57116719,105.4996951],
		[90.57116719,30.85705573]
	],
	"score": 1.207534334
}
