{
	"point": [
		[154.2168991,544.2235515],
		[154.2168991,432.7930794],
		[154.2168991,265.6473712],
		[209.9321352,279.5761803],
		[209.9321352,432.7930794],
		[209.9321352,558.1523605],
		[112.4304721,293.5049893],
		[126.3592811,209.9321352],
		[140.2880901,126.3592811],
		[237.7897532,112.4304721],
		[237.7897532,209.9321352],
		[251.7185622,321.3626073],
		[182.0745172,98.50166309],
		[182.0745172,28.85761803]
	],
	"score": 1.387817081
}
