{
	"point": [
		[112.4304721,516.3659335],
		[112.4304721,404.9354614],
		[112.4304721,265.6473712],
		[168.1457082,265.6473712],
		[168.1457082,418.8642704],
		[168.1457082,530.2947425],
		[84.57285408,265.6473712],
		[42.78642704,209.9321352],
		[84.57285408,140.2880901],
		[196.0033262,140.2880901],
		[196.0033262,237.7897532],
		[209.9321352,335.2914163],
		[140.2880901,126.3592811],
		[140.2880901,42.78642704]
	],
	"score": 1.531379385
}
