{
	"point": [
		[165.2138065,538.4270031],
		[150.2852786,404.0702523],
		[165.2138065,284.6420294],
		[224.927918,284.6420294],
		[224.927918,433.9273081],
		[209.9993901,553.355531],
		[150.2852786,284.6420294],
		[135.3567508,195.0708622],
		[150.2852786,120.4282229],
		[269.7135016,120.4282229],
		[269.7135016,209.9993901],
		[254.7849737,329.427613],
		[209.9993901,105.4996951],
		[209.9993901,30.85705573]
	],
	"score": 1.045913385
}
