{
	"point": [
		[182.9445368,546.8336104],
		[156.9524601,429.8692653],
		[169.9484984,299.9088819],
		[234.9286902,247.9247285],
		[234.9286902,403.8771886],
		[208.9366135,533.837572],
		[156.9524601,299.9088819],
		[143.9564218,234.9286902],
		[130.9603834,143.9564218],
		[221.9326518,130.9603834],
		[221.9326518,182.9445368],
		[169.9484984,247.9247285],
		[182.9445368,117.9643451],
		[182.9445368,39.98811503]
	],
	"score": 1.287820269
}
