{
	"point": [
		[223.8609442,558.1523605],
		[209.9321352,418.8642704],
		[182.0745172,251.7185622],
		[251.7185622,265.6473712],
		[251.7185622,418.8642704],
		[251.7185622,558.1523605],
		[168.1457082,335.2914163],
		[168.1457082,237.7897532],
		[182.0745172,126.3592811],
		[279.5761803,112.4304721],
		[293.5049893,196.0033262],
		[293.5049893,307.4337983],
		[223.8609442,98.50166309],
		[196.0033262,28.85761803]
	],
	"score": 1.239250877
}
