{
	"point": [
		[208.9366135,546.8336104],
		[182.9445368,416.8732269],
		[169.9484984,260.9207668],
		[234.9286902,286.9128435],
		[234.9286902,416.8732269],
		[234.9286902,546.8336104],
		[143.9564218,325.9009585],
		[156.9524601,208.9366135],
		[156.9524601,117.9643451],
		[260.9207668,117.9643451],
		[273.9168052,221.9326518],
		[273.9168052,312.9049202],
		[208.9366135,104.9683067],
		[208.9366135,26.99207668]
	],
	"score": 1.548333124
}
