{
	"point": [
		[143.9564218,559.8296487],
		[130.9603834,416.8732269],
		[130.9603834,260.9207668],
		[182.9445368,273.9168052],
		[182.9445368,416.8732269],
		[169.9484984,559.8296487],
		[117.9643451,312.9049202],
		[104.9683067,208.9366135],
		[104.9683067,117.9643451],
		[195.9405751,130.9603834],
		[195.9405751,208.9366135],
		[221.9326518,286.9128435],
		[156.9524601,104.9683067],
		[156.9524601,26.99207668]
	],
	"score": 1.299154293
}
