{
	"point": [
		[223.8609442,544.2235515],
		[209.9321352,391.0066524],
		[196.0033262,251.7185622],
		[265.6473712,265.6473712],
		[265.6473712,404.9354614],
		[307.4337983,544.2235515],
		[168.1457082,307.4337983],
		[182.0745172,209.9321352],
		[196.0033262,112.4304721],
		[293.5049893,112.4304721],
		[293.5049893,209.9321352],
		[307.4337983,293.5049893],
		[237.7897532,84.57285408],
		[237.7897532,14.92880901]
	],
	"score": 1.123593998
}
