{
	"point": [
		[182.9445368,546.8336104],
		[182.9445368,416.8732269],
		[169.9484984,286.9128435],
		[221.9326518,273.9168052],
		[221.9326518,416.8732269],
		[208.9366135,546.8336104],
		[130.9603834,312.9049202],
		[143.9564218,221.9326518],
		[156.9524601,117.9643451],
		[260.9207668,130.9603834],
		[273.9168052,195.9405751],
		[247.9247285,247.9247285],
		[208.9366135,104.9683067],
		[221.9326518,26.99207668]
	],
	"score": 1.392185463
}
