{
	"point": [
		[195.0117205,546.6579639],
		[170.7602554,401.1491736],
		[158.6345229,243.5146506],
		[207.137453,267.7661157],
		[207.137453,413.2749061],
		[207.137453,486.0293013],
		[134.3830579,267.7661157],
		[146.5087904,195.0117205],
		[146.5087904,110.1315928],
		[243.5146506,98.00586026],
		[243.5146506,182.885988],
		[255.6403832,267.7661157],
		[182.885988,85.88012772],
		[182.885988,25.25146506]
	],
	"score": 1.178162252
}
