{
	"point": [
		[143.9564218,546.8336104],
		[117.9643451,416.8732269],
		[117.9643451,260.9207668],
		[169.9484984,286.9128435],
		[169.9484984,416.8732269],
		[169.9484984,559.8296487],
		[78.97623005,312.9049202],
		[91.97226839,208.9366135],
		[104.9683067,117.9643451],
		[195.9405751,104.9683067],
		[208.9366135,208.9366135],
		[208.9366135,299.9088819],
		[143.9564218,91.97226839],
		[143.9564218,26.99207668]
	],
	"score": 1.441387331
}
