{
	"point": [
		[207.137453,510.2807663],
		[195.0117205,401.1491736],
		[195.0117205,279.8918482],
		[231.3889181,267.7661157],
		[219.2631856,425.4006386],
		[195.0117205,558.7836965],
		[146.5087904,279.8918482],
		[158.6345229,195.0117205],
		[170.7602554,110.1315928],
		[255.6403832,122.2573253],
		[255.6403832,195.0117205],
		[267.7661157,267.7661157],
		[219.2631856,98.00586026],
		[219.2631856,25.25146506]
	],
	"score": 1.25086634
}
