{
	"point": [
		[182.885988,473.9035688],
		[170.7602554,376.8977085],
		[158.6345229,267.7661157],
		[195.0117205,267.7661157],
		[195.0117205,376.8977085],
		[182.885988,486.0293013],
		[122.2573253,292.0175808],
		[134.3830579,195.0117205],
		[134.3830579,122.2573253],
		[231.3889181,122.2573253],
		[243.5146506,195.0117205],
		[292.0175808,267.7661157],
		[182.885988,110.1315928],
		[182.885988,37.3771976]
	],
	"score": 1.499350528
}
