{
	"point": [
		[182.9445368,507.8454953],
		[169.9484984,377.8851119],
		[143.9564218,286.9128435],
		[208.9366135,286.9128435],
		[208.9366135,390.8811503],
		[195.9405751,507.8454953],
		[130.9603834,312.9049202],
		[130.9603834,208.9366135],
		[143.9564218,130.9603834],
		[234.9286902,130.9603834],
		[260.9207668,208.9366135],
		[221.9326518,247.9247285],
		[182.9445368,104.9683067],
		[182.9445368,39.98811503]
	],
	"score": 1.52132795
}
