{
	"point": [
		[182.885988,510.2807663],
		[158.6345229,376.8977085],
		[158.6345229,279.8918482],
		[219.2631856,279.8918482],
		[207.137453,401.1491736],
		[219.2631856,510.2807663],
		[134.3830579,207.137453],
		[98.00586026,158.6345229],
		[146.5087904,122.2573253],
		[243.5146506,122.2573253],
		[255.6403832,207.137453],
		[267.7661157,292.0175808],
		[195.0117205,110.1315928],
		[195.0117205,37.3771976]
	],
	"score": 1.06399826
}
