{
	"point": [
		[182.9445368,507.8454953],
		[156.9524601,390.8811503],
		[156.9524601,286.9128435],
		[208.9366135,260.9207668],
		[195.9405751,390.8811503],
		[195.9405751,507.8454953],
		[143.9564218,312.9049202],
		[143.9564218,221.9326518],
		[143.9564218,130.9603834],
		[234.9286902,130.9603834],
		[234.9286902,208.9366135],
		[234.9286902,286.9128435],
		[195.9405751,104.9683067],
		[195.9405751,39.98811503]
	],
	"score": 1.961295486
}
