{
	"point": [
		[182.885988,498.1550338],
		[158.6345229,389.023441],
		[158.6345229,292.0175808],
		[219.2631856,267.7661157],
		[195.0117205,401.1491736],
		[195.0117205,510.2807663],
		[134.3830579,231.3889181],
		[122.2573253,170.7602554],
		[146.5087904,122.2573253],
		[243.5146506,134.3830579],
		[243.5146506,195.0117205],
		[243.5146506,267.7661157],
		[195.0117205,110.1315928],
		[195.0117205,37.3771976]
	],
	"score": 1.80881068
}
