{
	"point": [
		[120.4282229,553.355531],
		[105.4996951,404.0702523],
		[105.4996951,254.7849737],
		[180.1423344,254.7849737],
		[180.1423344,404.0702523],
		[209.9993901,538.4270031],
		[75.64263932,299.5705573],
		[90.57116719,195.0708622],
		[90.57116719,105.4996951],
		[209.9993901,105.4996951],
		[209.9993901,209.9993901],
		[209.9993901,314.4990852],
		[150.2852786,90.57116719],
		[150.2852786,15.92852786]
	],
	"score": 1.480941883
}
