{
	"point": [
		[223.8609442,544.2235515],
		[182.0745172,404.9354614],
		[196.0033262,265.6473712],
		[251.7185622,265.6473712],
		[251.7185622,418.8642704],
		[251.7185622,544.2235515],
		[168.1457082,279.5761803],
		[168.1457082,196.0033262],
		[168.1457082,98.50166309],
		[279.5761803,112.4304721],
		[293.5049893,168.1457082],
		[335.2914163,251.7185622],
		[223.8609442,84.57285408],
		[223.8609442,28.85761803]
	],
	"score": 1.040929603
}
