{
	"point": [
		[223.8609442,530.2947425],
		[209.9321352,391.0066524],
		[209.9321352,265.6473712],
		[265.6473712,237.7897532],
		[265.6473712,404.9354614],
		[251.7185622,544.2235515],
		[182.0745172,223.8609442],
		[140.2880901,182.0745172],
		[196.0033262,112.4304721],
		[293.5049893,112.4304721],
		[335.2914163,182.0745172],
		[293.5049893,237.7897532],
		[237.7897532,98.50166309],
		[237.7897532,28.85761803]
	],
	"score": 1.764750341
}
