{
	"point": [
		[182.9445368,546.8336104],
		[182.9445368,416.8732269],
		[169.9484984,247.9247285],
		[234.9286902,286.9128435],
		[221.9326518,416.8732269],
		[208.9366135,546.8336104],
		[104.9683067,312.9049202],
		[130.9603834,208.9366135],
		[143.9564218,117.9643451],
		[247.9247285,117.9643451],
		[247.9247285,182.9445368],
		[286.9128435,273.9168052],
		[195.9405751,91.97226839],
		[208.9366135,26.99207668]
	],
	"score": 1.356941124
}
