{
	"point": [
		[140.2880901,516.3659335],
		[126.3592811,377.0778433],
		[126.3592811,265.6473712],
		[182.0745172,251.7185622],
		[196.0033262,391.0066524],
		[237.7897532,502.4371245],
		[112.4304721,223.8609442],
		[56.71523605,196.0033262],
		[98.50166309,126.3592811],
		[196.0033262,112.4304721],
		[251.7185622,182.0745172],
		[209.9321352,237.7897532],
		[140.2880901,112.4304721],
		[126.3592811,42.78642704]
	],
	"score": 1.002489843
}
