{
	"point": [
		[156.9524601,533.837572],
		[143.9564218,403.8771886],
		[130.9603834,247.9247285],
		[182.9445368,273.9168052],
		[182.9445368,403.8771886],
		[182.9445368,533.837572],
		[104.9683067,234.9286902],
		[78.97623005,169.9484984],
		[104.9683067,104.9683067],
		[221.9326518,117.9643451],
		[221.9326518,208.9366135],
		[221.9326518,312.9049202],
		[169.9484984,104.9683067],
		[169.9484984,26.99207668]
	],
	"score": 1.301265925
}
