{
	"point": [
		[180.1423344,553.355531],
		[165.2138065,418.9987802],
		[150.2852786,269.7135016],
		[209.9993901,239.8564458],
		[209.9993901,418.9987802],
		[180.1423344,553.355531],
		[105.4996951,344.3561409],
		[135.3567508,224.927918],
		[150.2852786,120.4282229],
		[239.8564458,120.4282229],
		[239.8564458,209.9993901],
		[269.7135016,299.5705573],
		[195.0708622,90.57116719],
		[195.0708622,15.92852786]
	],
	"score": 1.01656768
}
