{
	"point": [
		[196.0033262,544.2235515],
		[168.1457082,404.9354614],
		[154.2168991,265.6473712],
		[209.9321352,279.5761803],
		[209.9321352,404.9354614],
		[196.0033262,558.1523605],
		[126.3592811,265.6473712],
		[140.2880901,196.0033262],
		[140.2880901,126.3592811],
		[237.7897532,112.4304721],
		[251.7185622,209.9321352],
		[279.5761803,293.5049893],
		[196.0033262,98.50166309],
		[196.0033262,28.85761803]
	],
	"score": 1.510802834
}
