{
	"point": [
		[182.885988,534.5322314],
		[170.7602554,401.1491736],
		[170.7602554,255.6403832],
		[231.3889181,279.8918482],
		[231.3889181,413.2749061],
		[219.2631856,558.7836965],
		[134.3830579,292.0175808],
		[146.5087904,195.0117205],
		[158.6345229,110.1315928],
		[243.5146506,110.1315928],
		[243.5146506,195.0117205],
		[255.6403832,267.7661157],
		[195.0117205,85.88012772],
		[195.0117205,25.25146506]
	],
	"score": 1.187526828
}
