{
	"point": [
		[180.1423344,553.355531],
		[165.2138065,418.9987802],
		[150.2852786,284.6420294],
		[209.9993901,284.6420294],
		[195.0708622,433.9273081],
		[195.0708622,553.355531],
		[120.4282229,329.427613],
		[135.3567508,239.8564458],
		[120.4282229,150.2852786],
		[239.8564458,135.3567508],
		[299.5705573,239.8564458],
		[329.427613,299.5705573],
		[180.1423344,120.4282229],
		[180.1423344,30.85705573]
	],
	"score": 1.013810199
}
