{
	"point": [
		[224.927918,538.4270031],
		[209.9993901,389.1417245],
		[195.0708622,239.8564458],
		[269.7135016,239.8564458],
		[254.7849737,389.1417245],
		[254.7849737,553.355531],
		[150.2852786,299.5705573],
		[180.1423344,195.0708622],
		[165.2138065,105.4996951],
		[284.6420294,105.4996951],
		[284.6420294,195.0708622],
		[314.4990852,299.5705573],
		[224.927918,90.57116719],
		[224.927918,15.92852786]
	],
	"score": 1.417868575
}
