{
	"point": [
		[140.2880901,530.2947425],
		[112.4304721,391.0066524],
		[112.4304721,279.5761803],
		[168.1457082,251.7185622],
		[154.2168991,418.8642704],
		[140.2880901,558.1523605],
		[84.57285408,307.4337983],
		[84.57285408,223.8609442],
		[98.50166309,126.3592811],
		[209.9321352,126.3592811],
		[251.7185622,196.0033262],
		[196.0033262,223.8609442],
		[154.2168991,112.4304721],
		[154.2168991,28.85761803]
	],
	"score": 1.126028174
}
