{
	"point": [
		[182.0745172,530.2947425],
		[168.1457082,404.9354614],
		[168.1457082,251.7185622],
		[223.8609442,279.5761803],
		[223.8609442,404.9354614],
		[223.8609442,530.2947425],
		[140.2880901,279.5761803],
		[140.2880901,182.0745172],
		[154.2168991,112.4304721],
		[251.7185622,112.4304721],
		[251.7185622,196.0033262],
		[251.7185622,307.4337983],
		[196.0033262,84.57285408],
		[196.0033262,28.85761803]
	],
	"score": 1.011354074
}
