{
	"point": [
		[168.1457082,544.2235515],
		[154.2168991,404.9354614],
		[154.2168991,279.5761803],
		[209.9321352,279.5761803],
		[209.9321352,404.9354614],
		[196.0033262,544.2235515],
		[140.2880901,279.5761803],
		[140.2880901,223.8609442],
		[154.2168991,140.2880901],
		[251.7185622,140.2880901],
		[237.7897532,237.7897532],
		[237.7897532,349.2202253],
		[196.0033262,126.3592811],
		[196.0033262,42.78642704]
	],
	"score": 1.42270716
}
