{
	"point": {
		"_ArrayType_": "double",
		"_ArraySize_": [14,2,2],
		"_ArrayData_": [169.9484984,169.9484984,156.9524601,208.9366135,182.9445368,169.9484984,130.9603834,117.9643451,143.9564218,234.9286902,234.9286902,260.9207668,182.9445368,182.9445368,520.8415337,377.8851119,234.9286902,260.9207668,377.8851119,520.8415337,169.9484984,156.9524601,104.9683067,104.9683067,195.9405751,273.9168052,78.97623005,13.99603834,544.2235515,502.4371245,474.5795064,516.3659335,502.4371245,474.5795064,418.8642704,404.9354614,432.7930794,530.2947425,530.2947425,558.1523605,488.5083154,474.5795064,530.2947425,404.9354614,265.6473712,265.6473712,391.0066524,516.3659335,168.1457082,84.57285408,98.50166309,98.50166309,182.0745172,279.5761803,84.57285408,28.85761803]
	},
	"score": [0.6566337364,0.3262447214]
}
