{
	"point": [
		[209.9993901,553.355531],
		[195.0708622,404.0702523],
		[165.2138065,239.8564458],
		[239.8564458,239.8564458],
		[224.927918,418.9987802],
		[224.927918,553.355531],
		[135.3567508,299.5705573],
		[150.2852786,195.0708622],
		[150.2852786,105.4996951],
		[269.7135016,105.4996951],
		[269.7135016,209.9993901],
		[299.5705573,314.4990852],
		[209.9993901,90.57116719],
		[209.9993901,15.92852786]
	],
	"score": 1.033923488
}
