{
	"point": [
		[207.137453,510.2807663],
		[182.885988,389.023441],
		[158.6345229,279.8918482],
		[182.885988,292.0175808],
		[182.885988,413.2749061],
		[170.7602554,510.2807663],
		[122.2573253,292.0175808],
		[134.3830579,207.137453],
		[134.3830579,122.2573253],
		[231.3889181,134.3830579],
		[267.7661157,182.885988],
		[219.2631856,231.3889181],
		[182.885988,110.1315928],
		[182.885988,37.3771976]
	],
	"score": 1.602219872
}
