{
	"point": [
		[182.9445368,507.8454953],
		[143.9564218,390.8811503],
		[156.9524601,273.9168052],
		[208.9366135,286.9128435],
		[195.9405751,390.8811503],
		[182.9445368,507.8454953],
		[143.9564218,299.9088819],
		[130.9603834,208.9366135],
		[143.9564218,117.9643451],
		[234.9286902,130.9603834],
		[247.9247285,221.9326518],
		[234.9286902,312.9049202],
		[195.9405751,104.9683067],
		[195.9405751,39.98811503]
	],
	"score": 1.507717016
}
