{
	"point": [
		[195.9405751,507.8454953],
		[169.9484984,377.8851119],
		[156.9524601,247.9247285],
		[195.9405751,260.9207668],
		[182.9445368,377.8851119],
		[182.9445368,507.8454953],
		[130.9603834,299.9088819],
		[130.9603834,195.9405751],
		[143.9564218,117.9643451],
		[234.9286902,130.9603834],
		[234.9286902,195.9405751],
		[234.9286902,299.9088819],
		[182.9445368,104.9683067],
		[182.9445368,39.98811503]
	],
	"score": 1.591200766
}
