{
	"point": [
		[182.9445368,546.8336104],
		[169.9484984,403.8771886],
		[169.9484984,273.9168052],
		[221.9326518,273.9168052],
		[208.9366135,403.8771886],
		[208.9366135,546.8336104],
		[130.9603834,312.9049202],
		[130.9603834,208.9366135],
		[143.9564218,117.9643451],
		[247.9247285,117.9643451],
		[247.9247285,208.9366135],
		[247.9247285,312.9049202],
		[195.9405751,91.97226839],
		[195.9405751,26.99207668]
	],
	"score": 1.689784936
}
