{
	"point": [
		[135.3567508,553.355531],
		[120.4282229,389.1417245],
		[105.4996951,239.8564458],
		[165.2138065,254.7849737],
		[165.2138065,404.0702523],
		[150.2852786,553.355531],
		[75.64263932,299.5705573],
		[90.57116719,209.9993901],
		[90.57116719,105.4996951],
		[209.9993901,105.4996951],
		[254.7849737,180.1423344],
		[195.0708622,224.927918],
		[165.2138065,90.57116719],
		[165.2138065,30.85705573]
	],
	"score": 1.445723258
}
