{
	"point": [
		[196.0033262,502.4371245],
		[182.0745172,404.9354614],
		[168.1457082,251.7185622],
		[209.9321352,279.5761803],
		[196.0033262,418.8642704],
		[196.0033262,516.3659335],
		[140.2880901,293.5049893],
		[154.2168991,209.9321352],
		[154.2168991,126.3592811],
		[251.7185622,140.2880901],
		[251.7185622,223.8609442],
		[279.5761803,307.4337983],
		[209.9321352,112.4304721],
		[209.9321352,42.78642704]
	],
	"score": 1.288466495
}
