{
	"point": [
		[195.9405751,559.8296487],
		[208.9366135,403.8771886],
		[208.9366135,247.9247285],
		[260.9207668,273.9168052],
		[247.9247285,403.8771886],
		[234.9286902,546.8336104],
		[195.9405751,273.9168052],
		[182.9445368,195.9405751],
		[195.9405751,117.9643451],
		[286.9128435,130.9603834],
		[273.9168052,208.9366135],
		[260.9207668,286.9128435],
		[247.9247285,117.9643451],
		[247.9247285,39.98811503]
	],
	"score": 1.390959043
}
