{
	"point": [
		[195.0708622,523.4984753],
		[165.2138065,374.2131966],
		[165.2138065,254.7849737],
		[239.8564458,254.7849737],
		[224.927918,404.0702523],
		[209.9993901,553.355531],
		[120.4282229,299.5705573],
		[120.4282229,209.9993901],
		[135.3567508,135.3567508],
		[254.7849737,135.3567508],
		[284.6420294,239.8564458],
		[299.5705573,359.2846688],
		[195.0708622,120.4282229],
		[195.0708622,45.78558359]
	],
	"score": 1.220862367
}
