{
	"point": [
		[208.9366135,533.837572],
		[195.9405751,416.8732269],
		[169.9484984,260.9207668],
		[234.9286902,260.9207668],
		[221.9326518,403.8771886],
		[208.9366135,546.8336104],
		[117.9643451,286.9128435],
		[143.9564218,208.9366135],
		[156.9524601,117.9643451],
		[260.9207668,117.9643451],
		[260.9207668,208.9366135],
		[273.9168052,312.9049202],
		[208.9366135,104.9683067],
		[208.9366135,39.98811503]
	],
	"score": 1.159565058
}
