{
	"point": [
		[98.50166309,544.2235515],
		[84.57285408,404.9354614],
		[84.57285408,279.5761803],
		[126.3592811,293.5049893],
		[126.3592811,404.9354614],
		[126.3592811,544.2235515],
		[42.78642704,279.5761803],
		[70.64404506,182.0745172],
		[70.64404506,112.4304721],
		[168.1457082,112.4304721],
		[168.1457082,209.9321352],
		[168.1457082,307.4337983],
		[112.4304721,98.50166309],
		[112.4304721,28.85761803]
	],
	"score": 1.597870113
}
