{
	"point": [
		[134.3830579,534.5322314],
		[122.2573253,413.2749061],
		[110.1315928,267.7661157],
		[170.7602554,279.8918482],
		[158.6345229,425.4006386],
		[158.6345229,558.7836965],
		[73.75439519,255.6403832],
		[73.75439519,182.885988],
		[98.00586026,110.1315928],
		[195.0117205,110.1315928],
		[195.0117205,182.885988],
		[195.0117205,255.6403832],
		[146.5087904,98.00586026],
		[146.5087904,25.25146506]
	],
	"score": 1.188260236
}
