{
	"point": {
		"_ArrayType_": "double",
		"_ArraySize_": [14,2,2],
		"_ArrayData_": [68.88225099,91.50966799,102.8233765,148.0782105,102.8233765,80.19595949,57.56854249,80.19595949,91.50966799,182.019336,193.3330445,215.9604615,136.764502,136.764502,453.54834,329.0975465,238.5878785,238.5878785,340.411255,453.54834,283.8427125,204.646753,114.137085,114.137085,193.3330445,261.2152955,102.8233765,34.9411255,292.0175808,316.2690458,340.5205109,401.1491736,413.2749061,425.4006386,304.1433133,316.2690458,328.3947784,425.4006386,425.4006386,437.5263712,376.8977085,376.8977085,486.0293013,364.771976,243.5146506,231.3889181,340.5205109,437.5263712,292.0175808,207.137453,110.1315928,110.1315928,195.0117205,279.8918482,98.00586026,25.25146506]
	},
	"score": [0.5616718376,-0.008748881987]
}
