{
	"point": [
		[195.9405751,533.837572],
		[182.9445368,403.8771886],
		[182.9445368,247.9247285],
		[234.9286902,273.9168052],
		[234.9286902,403.8771886],
		[221.9326518,520.8415337],
		[143.9564218,299.9088819],
		[156.9524601,208.9366135],
		[169.9484984,117.9643451],
		[260.9207668,130.9603834],
		[273.9168052,221.9326518],
		[273.9168052,299.9088819],
		[221.9326518,104.9683067],
		[221.9326518,39.98811503]
	],
	"score": 1.878627629
}
