{
	"point": [
		[143.9564218,546.8336104],
		[130.9603834,416.8732269],
		[117.9643451,260.9207668],
		[169.9484984,286.9128435],
		[143.9564218,429.8692653],
		[182.9445368,533.837572],
		[91.97226839,312.9049202],
		[91.97226839,208.9366135],
		[104.9683067,130.9603834],
		[195.9405751,104.9683067],
		[195.9405751,169.9484984],
		[195.9405751,260.9207668],
		[143.9564218,104.9683067],
		[143.9564218,26.99207668]
	],
	"score": 1.41292853
}
