{
	"point": [
		[84.57285408,516.3659335],
		[112.4304721,404.9354614],
		[112.4304721,279.5761803],
		[182.0745172,293.5049893],
		[237.7897532,432.7930794],
		[279.5761803,558.1523605],
		[98.50166309,321.3626073],
		[98.50166309,223.8609442],
		[112.4304721,140.2880901],
		[209.9321352,140.2880901],
		[209.9321352,223.8609442],
		[209.9321352,293.5049893],
		[168.1457082,112.4304721],
		[168.1457082,42.78642704]
	],
	"score": 1.02257916
}
