{
	"point": [
		[243.5146506,510.2807663],
		[207.137453,389.023441],
		[182.885988,255.6403832],
		[207.137453,255.6403832],
		[207.137453,376.8977085],
		[182.885988,498.1550338],
		[134.3830579,243.5146506],
		[98.00586026,195.0117205],
		[122.2573253,122.2573253],
		[219.2631856,122.2573253],
		[255.6403832,170.7602554],
		[219.2631856,219.2631856],
		[170.7602554,98.00586026],
		[170.7602554,37.3771976]
	],
	"score": 1.289560152
}
