{
	"point": [
		[182.0745172,530.2947425],
		[168.1457082,391.0066524],
		[154.2168991,251.7185622],
		[223.8609442,251.7185622],
		[223.8609442,404.9354614],
		[209.9321352,544.2235515],
		[126.3592811,279.5761803],
		[126.3592811,196.0033262],
		[140.2880901,126.3592811],
		[251.7185622,112.4304721],
		[251.7185622,209.9321352],
		[251.7185622,321.3626073],
		[196.0033262,98.50166309],
		[196.0033262,28.85761803]
	],
	"score": 1.683903923
}
