{
	"point": {
		"_ArrayType_": "double",
		"_ArraySize_": [14,2,2],
		"_ArrayData_": [61.62866266,49.50293013,49.50293013,110.1315928,110.1315928,85.88012772,61.62866266,37.3771976,37.3771976,134.3830579,134.3830579,134.3830579,85.88012772,85.88012772,546.6579639,437.5263712,292.0175808,279.8918482,413.2749061,546.6579639,98.00586026,170.7602554,110.1315928,122.2573253,231.3889181,316.2690458,85.88012772,25.25146506,273.9168052,260.9207668,247.9247285,312.9049202,312.9049202,299.9088819,221.9326518,221.9326518,221.9326518,325.9009585,325.9009585,312.9049202,273.9168052,286.9128435,546.8336104,403.8771886,247.9247285,273.9168052,403.8771886,546.8336104,299.9088819,195.9405751,104.9683067,104.9683067,169.9484984,221.9326518,78.97623005,26.99207668]
	},
	"score": [1.125714537,0.8654531664]
}
