{
	"point": {
		"_ArrayType_": "double",
		"_ArraySize_": [14,2,2],
		"_ArrayData_": [85.44850629,53.78031643,53.78031643,106.5606329,96.00456958,74.892443,32.66818986,43.22425314,43.22425314,127.6727594,127.6727594,127.6727594,85.44850629,85.44850629,528.8031643,412.6864682,307.1258353,317.6818986,423.2425314,539.3592276,349.3500884,264.9015822,191.0091392,191.0091392,264.9015822,349.3500884,180.4530759,117.1166961,269.7135016,254.7849737,209.9993901,299.5705573,314.4990852,329.427613,180.1423344,180.1423344,180.1423344,329.427613,344.3561409,344.3561409,269.7135016,284.6420294,523.4984753,389.1417245,269.7135016,269.7135016,418.9987802,538.4270031,299.5705573,195.0708622,90.57116719,105.4996951,209.9993901,314.4990852,90.57116719,30.85705573]
	},
	"score": [1.022140215,0.02049292484]
}
