{
	"point": {
		"_ArrayType_": "double",
		"_ArraySize_": [14,2,2],
		"_ArrayData_": [265.6473712,293.5049893,321.3626073,377.0778433,377.0778433,363.1490343,293.5049893,279.5761803,293.5049893,404.9354614,404.9354614,404.9354614,349.2202253,349.2202253,558.1523605,418.8642704,279.5761803,279.5761803,404.9354614,558.1523605,196.0033262,112.4304721,112.4304721,126.3592811,196.0033262,196.0033262,98.50166309,28.85761803,98.00586026,73.75439519,73.75439519,146.5087904,73.75439519,122.2573253,61.62866266,37.3771976,85.88012772,170.7602554,170.7602554,170.7602554,122.2573253,122.2573253,558.7836965,413.2749061,279.8918482,279.8918482,413.2749061,534.5322314,219.2631856,170.7602554,122.2573253,110.1315928,195.0117205,279.8918482,98.00586026,25.25146506]
	},
	"score": [0.9244937303,0.8860475601]
}
