{
	"point": [
		[182.885988,522.4064989],
		[170.7602554,425.4006386],
		[158.6345229,304.1433133],
		[231.3889181,304.1433133],
		[219.2631856,425.4006386],
		[207.137453,534.5322314],
		[98.00586026,328.3947784],
		[134.3830579,255.6403832],
		[146.5087904,182.885988],
		[243.5146506,170.7602554],
		[267.7661157,243.5146506],
		[279.8918482,328.3947784],
		[195.0117205,158.6345229],
		[195.0117205,98.00586026]
	],
	"score": 1.468255124
}
