{
	"point": [
		[168.1457082,544.2235515],
		[182.0745172,391.0066524],
		[182.0745172,251.7185622],
		[223.8609442,265.6473712],
		[223.8609442,404.9354614],
		[209.9321352,558.1523605],
		[168.1457082,265.6473712],
		[168.1457082,182.0745172],
		[182.0745172,98.50166309],
		[265.6473712,126.3592811],
		[265.6473712,196.0033262],
		[251.7185622,279.5761803],
		[223.8609442,98.50166309],
		[223.8609442,28.85761803]
	],
	"score": 1.273603525
}
