{
	"point": [
		[182.0745172,544.2235515],
		[168.1457082,404.9354614],
		[168.1457082,279.5761803],
		[209.9321352,265.6473712],
		[223.8609442,404.9354614],
		[209.9321352,544.2235515],
		[182.0745172,84.57285408],
		[168.1457082,168.1457082],
		[168.1457082,112.4304721],
		[251.7185622,98.50166309],
		[307.4337983,182.0745172],
		[237.7897532,223.8609442],
		[209.9321352,84.57285408],
		[209.9321352,14.92880901]
	],
	"score": 1.068727855
}
