{
	"point": [
		[182.0745172,558.1523605],
		[168.1457082,404.9354614],
		[168.1457082,251.7185622],
		[223.8609442,251.7185622],
		[223.8609442,404.9354614],
		[223.8609442,558.1523605],
		[140.2880901,265.6473712],
		[154.2168991,196.0033262],
		[154.2168991,112.4304721],
		[251.7185622,112.4304721],
		[251.7185622,209.9321352],
		[265.6473712,307.4337983],
		[196.0033262,84.57285408],
		[196.0033262,28.85761803]
	],
	"score": 1.339475152
}
