{
	"point": [
		[156.9524601,520.8415337],
		[156.9524601,390.8811503],
		[143.9564218,247.9247285],
		[195.9405751,286.9128435],
		[182.9445368,416.8732269],
		[169.9484984,520.8415337],
		[91.97226839,312.9049202],
		[104.9683067,221.9326518],
		[104.9683067,130.9603834],
		[208.9366135,117.9643451],
		[234.9286902,208.9366135],
		[260.9207668,273.9168052],
		[156.9524601,104.9683067],
		[156.9524601,39.98811503]
	],
	"score": 1.220020725
}
