{
	"point": [
		[209.9321352,516.3659335],
		[196.0033262,377.0778433],
		[168.1457082,237.7897532],
		[209.9321352,293.5049893],
		[209.9321352,446.7218884],
		[209.9321352,572.0811695],
		[154.2168991,307.4337983],
		[154.2168991,223.8609442],
		[154.2168991,126.3592811],
		[251.7185622,126.3592811],
		[293.5049893,196.0033262],
		[237.7897532,223.8609442],
		[209.9321352,112.4304721],
		[209.9321352,42.78642704]
	],
	"score": 1.413203776
}
