{
	"point": [
		[251.7185622,544.2235515],
		[237.7897532,418.8642704],
		[209.9321352,279.5761803],
		[237.7897532,293.5049893],
		[237.7897532,432.7930794],
		[251.7185622,558.1523605],
		[126.3592811,335.2914163],
		[140.2880901,223.8609442],
		[154.2168991,140.2880901],
		[251.7185622,140.2880901],
		[265.6473712,237.7897532],
		[293.5049893,321.3626073],
		[209.9321352,126.3592811],
		[209.9321352,42.78642704]
	],
	"score": 1.083257366
}
