{
	"point": [
		[140.2880901,558.1523605],
		[126.3592811,418.8642704],
		[126.3592811,279.5761803],
		[182.0745172,279.5761803],
		[182.0745172,418.8642704],
		[168.1457082,558.1523605],
		[84.57285408,293.5049893],
		[84.57285408,209.9321352],
		[112.4304721,112.4304721],
		[209.9321352,126.3592811],
		[209.9321352,209.9321352],
		[182.0745172,279.5761803],
		[154.2168991,98.50166309],
		[168.1457082,28.85761803]
	],
	"score": 1.469114773
}
