{
	"point": [
		[112.4304721,544.2235515],
		[112.4304721,404.9354614],
		[98.50166309,293.5049893],
		[154.2168991,279.5761803],
		[154.2168991,404.9354614],
		[154.2168991,544.2235515],
		[70.64404506,307.4337983],
		[70.64404506,209.9321352],
		[84.57285408,126.3592811],
		[182.0745172,126.3592811],
		[196.0033262,223.8609442],
		[196.0033262,307.4337983],
		[140.2880901,98.50166309],
		[140.2880901,28.85761803]
	],
	"score": 1.005439829
}
