{
	"point": {
		"_ArrayType_": "double",
		"_ArraySize_": [14,2,2],
		"_ArrayData_": [113,97,81,161,161,145,49,65,81,193,257,177,129,129,545,385,273,257,401,545,305,209,113,113,177,225,97,33,412.5610096,395.4126342,395.4126342,446.8577604,464.0061358,446.8577604,343.967508,361.1158834,361.1158834,481.1545112,481.1545112,481.1545112,429.709385,446.8577604,549.7480128,378.2642588,241.0772556,241.0772556,412.5610096,549.7480128,292.5223818,189.6321294,86.741877,103.8902524,206.7805048,326.8191326,69.5935016,-16.1483754]
	},
	"score": [0.3507421889,0.07663687784]
}
