{
	"point": {
		"_ArrayType_": "double",
		"_ArraySize_": [14,2,2],
		"_ArrayData_": [91.97226839,130.9603834,104.9683067,169.9484984,156.9524601,130.9603834,65.98019171,39.98811503,65.98019171,169.9484984,182.9445368,208.9366135,117.9643451,117.9643451,533.837572,403.8771886,260.9207668,247.9247285,390.8811503,533.837572,234.9286902,182.9445368,104.9683067,104.9683067,182.9445368,273.9168052,91.97226839,26.99207668,312.9049202,299.9088819,286.9128435,338.8969969,325.9009585,325.9009585,247.9247285,260.9207668,260.9207668,377.8851119,416.8732269,377.8851119,312.9049202,312.9049202,533.837572,403.8771886,286.9128435,273.9168052,403.8771886,520.8415337,312.9049202,208.9366135,117.9643451,117.9643451,195.9405751,234.9286902,91.97226839,26.99207668]
	},
	"score": [1.143995566,0.7061895095]
}
