{
	"point": [
		[146.5087904,546.6579639],
		[122.2573253,425.4006386],
		[122.2573253,279.8918482],
		[170.7602554,279.8918482],
		[182.885988,413.2749061],
		[170.7602554,546.6579639],
		[85.88012772,304.1433133],
		[98.00586026,219.2631856],
		[98.00586026,134.3830579],
		[182.885988,134.3830579],
		[182.885988,219.2631856],
		[182.885988,292.0175808],
		[146.5087904,110.1315928],
		[146.5087904,37.3771976]
	],
	"score": 1.122239566
}
