{
	"point": [
		[159.391919,555.3717165],
		[148.0782105,442.2346315],
		[136.764502,340.411255],
		[193.3330445,363.038672],
		[193.3330445,464.8620485],
		[182.019336,555.3717165],
		[91.50966799,385.666089],
		[102.8233765,306.4701295],
		[114.137085,227.27417],
		[193.3330445,215.9604615],
		[227.27417,295.156421],
		[249.901587,363.038672],
		[148.0782105,204.646753],
		[148.0782105,148.0782105]
	],
	"score": 1.478501474
}
