{
	"point": {
		"_ArrayType_": "double",
		"_ArraySize_": [14,2,2],
		"_ArrayData_": [143.9564218,130.9603834,130.9603834,182.9445368,195.9405751,169.9484984,104.9683067,104.9683067,104.9683067,195.9405751,195.9405751,182.9445368,156.9524601,169.9484984,533.837572,403.8771886,273.9168052,273.9168052,403.8771886,507.8454953,312.9049202,221.9326518,130.9603834,130.9603834,195.9405751,182.9445368,104.9683067,39.98811503,351.8930352,338.8969969,338.8969969,377.8851119,377.8851119,364.8890736,286.9128435,312.9049202,325.9009585,390.8811503,390.8811503,429.8692653,351.8930352,338.8969969,546.8336104,429.8692653,273.9168052,273.9168052,416.8732269,546.8336104,312.9049202,221.9326518,117.9643451,130.9603834,221.9326518,208.9366135,104.9683067,39.98811503]
	},
	"score": [0.4563383764,0.01510029523]
}
