{
	"point": [
		[182.019336,510.1168825],
		[159.391919,396.9797975],
		[125.4507935,295.156421],
		[182.019336,295.156421],
		[193.3330445,408.293506],
		[193.3330445,510.1168825],
		[114.137085,306.4701295],
		[114.137085,238.5878785],
		[125.4507935,170.7056275],
		[215.9604615,170.7056275],
		[261.2152955,227.27417],
		[215.9604615,261.2152955],
		[170.7056275,159.391919],
		[170.7056275,91.50966799]
	],
	"score": 1.121717286
}
