{
	"point": [
		[182.0745172,558.1523605],
		[209.9321352,404.9354614],
		[182.0745172,237.7897532],
		[237.7897532,265.6473712],
		[237.7897532,404.9354614],
		[209.9321352,558.1523605],
		[140.2880901,279.5761803],
		[140.2880901,196.0033262],
		[154.2168991,112.4304721],
		[251.7185622,126.3592811],
		[251.7185622,196.0033262],
		[279.5761803,265.6473712],
		[196.0033262,98.50166309],
		[196.0033262,28.85761803]
	],
	"score": 1.264013227
}
