{
	"point": [
		[275.3740064,361.1158834],
		[283.9481941,275.3740064],
		[275.3740064,181.0579417],
		[326.8191326,198.2063171],
		[318.2449449,275.3740064],
		[309.6707572,361.1158834],
		[258.225631,198.2063171],
		[266.7998187,138.1870032],
		[275.3740064,86.741877],
		[326.8191326,86.741877],
		[335.3933203,146.7611909],
		[352.5416957,206.7805048],
		[301.0965695,69.5935016],
		[301.0965695,26.7225631]
	],
	"score": 1.297288714
}
