{
	"point": [
		[182.885988,558.7836965],
		[170.7602554,413.2749061],
		[170.7602554,279.8918482],
		[219.2631856,292.0175808],
		[207.137453,425.4006386],
		[219.2631856,558.7836965],
		[146.5087904,304.1433133],
		[146.5087904,219.2631856],
		[146.5087904,122.2573253],
		[243.5146506,122.2573253],
		[243.5146506,207.137453],
		[195.0117205,231.3889181],
		[195.0117205,98.00586026],
		[195.0117205,37.3771976]
	],
	"score": 1.70449069
}
