{
	"point": [
		[279.5761803,544.2235515],
		[293.5049893,418.8642704],
		[279.5761803,265.6473712],
		[335.2914163,251.7185622],
		[321.3626073,404.9354614],
		[307.4337983,544.2235515],
		[237.7897532,307.4337983],
		[251.7185622,182.0745172],
		[251.7185622,98.50166309],
		[363.1490343,112.4304721],
		[363.1490343,223.8609442],
		[363.1490343,321.3626073],
		[307.4337983,84.57285408],
		[307.4337983,14.92880901]
	],
	"score": 1.316290852
}
