{
	"point": [
		[98.00586026,510.2807663],
		[73.75439519,376.8977085],
		[73.75439519,243.5146506],
		[122.2573253,267.7661157],
		[110.1315928,401.1491736],
		[98.00586026,522.4064989],
		[37.3771976,316.2690458],
		[49.50293013,207.137453],
		[49.50293013,122.2573253],
		[146.5087904,110.1315928],
		[146.5087904,195.0117205],
		[158.6345229,292.0175808],
		[98.00586026,98.00586026],
		[98.00586026,25.25146506]
	],
	"score": 1.020165022
}
