{
	"point": [
		[143.9564218,546.8336104],
		[130.9603834,403.8771886],
		[117.9643451,286.9128435],
		[182.9445368,286.9128435],
		[182.9445368,403.8771886],
		[169.9484984,546.8336104],
		[91.97226839,273.9168052],
		[78.97623005,195.9405751],
		[104.9683067,117.9643451],
		[195.9405751,117.9643451],
		[208.9366135,208.9366135],
		[195.9405751,130.9603834],
		[143.9564218,91.97226839],
		[143.9564218,26.99207668]
	],
	"score": 1.044675399
}
