{
	"point": [
		[130.9603834,546.8336104],
		[117.9643451,403.8771886],
		[104.9683067,286.9128435],
		[169.9484984,273.9168052],
		[169.9484984,416.8732269],
		[182.9445368,559.8296487],
		[65.98019171,221.9326518],
		[91.97226839,156.9524601],
		[104.9683067,117.9643451],
		[208.9366135,117.9643451],
		[208.9366135,208.9366135],
		[195.9405751,299.9088819],
		[143.9564218,104.9683067],
		[143.9564218,26.99207668]
	],
	"score": 1.309261661
}
