{
	"point": [
		[135.3567508,553.355531],
		[120.4282229,404.0702523],
		[120.4282229,254.7849737],
		[180.1423344,254.7849737],
		[180.1423344,404.0702523],
		[165.2138065,553.355531],
		[90.57116719,314.4990852],
		[90.57116719,209.9993901],
		[90.57116719,120.4282229],
		[209.9993901,105.4996951],
		[195.0708622,209.9993901],
		[195.0708622,299.5705573],
		[150.2852786,90.57116719],
		[150.2852786,15.92852786]
	],
	"score": 1.44726451
}
