{
	"point": [
		[196.0033262,544.2235515],
		[223.8609442,404.9354614],
		[196.0033262,265.6473712],
		[237.7897532,265.6473712],
		[237.7897532,418.8642704],
		[209.9321352,558.1523605],
		[168.1457082,237.7897532],
		[112.4304721,182.0745172],
		[168.1457082,112.4304721],
		[279.5761803,112.4304721],
		[335.2914163,182.0745172],
		[279.5761803,223.8609442],
		[223.8609442,98.50166309],
		[223.8609442,28.85761803]
	],
	"score": 1.369378082
}
