{
	"point": [
		[182.0745172,544.2235515],
		[168.1457082,432.7930794],
		[168.1457082,321.3626073],
		[223.8609442,307.4337983],
		[223.8609442,432.7930794],
		[209.9321352,544.2235515],
		[112.4304721,307.4337983],
		[140.2880901,251.7185622],
		[154.2168991,154.2168991],
		[251.7185622,154.2168991],
		[279.5761803,237.7897532],
		[265.6473712,251.7185622],
		[196.0033262,140.2880901],
		[196.0033262,70.64404506]
	],
	"score": 1.43421987
}
