{
	"point": [
		[237.7897532,558.1523605],
		[237.7897532,418.8642704],
		[237.7897532,265.6473712],
		[293.5049893,265.6473712],
		[279.5761803,418.8642704],
		[279.5761803,558.1523605],
		[223.8609442,56.71523605],
		[168.1457082,140.2880901],
		[209.9321352,112.4304721],
		[321.3626073,112.4304721],
		[377.0778433,140.2880901],
		[321.3626073,196.0033262],
		[265.6473712,98.50166309],
		[265.6473712,28.85761803]
	],
	"score": 1.224903511
}
