{
	"point": [
		[170.7056275,532.7442995],
		[170.7056275,396.9797975],
		[159.391919,272.529004],
		[215.9604615,295.156421],
		[215.9604615,408.293506],
		[215.9604615,532.7442995],
		[148.0782105,249.901587],
		[148.0782105,193.3330445],
		[159.391919,136.764502],
		[238.5878785,136.764502],
		[249.901587,215.9604615],
		[261.2152955,295.156421],
		[193.3330445,114.137085],
		[193.3330445,46.254834]
	],
	"score": 1.385844911
}
