{
	"point": [
		[90.57116719,553.355531],
		[120.4282229,433.9273081],
		[120.4282229,314.4990852],
		[195.0708622,299.5705573],
		[180.1423344,433.9273081],
		[165.2138065,553.355531],
		[90.57116719,314.4990852],
		[90.57116719,209.9993901],
		[105.4996951,120.4282229],
		[209.9993901,120.4282229],
		[224.927918,224.927918],
		[224.927918,314.4990852],
		[150.2852786,90.57116719],
		[150.2852786,30.85705573]
	],
	"score": 1.234108518
}
