{
	"point": [
		[209.9321352,544.2235515],
		[196.0033262,418.8642704],
		[182.0745172,279.5761803],
		[223.8609442,293.5049893],
		[237.7897532,418.8642704],
		[223.8609442,544.2235515],
		[154.2168991,307.4337983],
		[168.1457082,209.9321352],
		[154.2168991,112.4304721],
		[265.6473712,112.4304721],
		[265.6473712,168.1457082],
		[251.7185622,223.8609442],
		[209.9321352,98.50166309],
		[209.9321352,28.85761803]
	],
	"score": 1.527622868
}
