{
	"point": {
		"_ArrayType_": "double",
		"_ArraySize_": [14,2,2],
		"_ArrayData_": [98.50166309,112.4304721,84.57285408,154.2168991,154.2168991,140.2880901,70.64404506,28.85761803,70.64404506,168.1457082,182.0745172,196.0033262,112.4304721,126.3592811,558.1523605,418.8642704,265.6473712,237.7897532,349.2202253,488.5083154,237.7897532,182.0745172,98.50166309,112.4304721,209.9321352,307.4337983,84.57285408,28.85761803,307.4337983,279.5761803,279.5761803,335.2914163,321.3626073,321.3626073,209.9321352,251.7185622,265.6473712,377.0778433,418.8642704,377.0778433,321.3626073,321.3626073,544.2235515,404.9354614,265.6473712,293.5049893,446.7218884,558.1523605,293.5049893,196.0033262,112.4304721,112.4304721,196.0033262,237.7897532,84.57285408,28.85761803]
	},
	"score": [0.6570324291,0.3164003159]
}
