{
	"point": [
		[223.8609442,544.2235515],
		[223.8609442,418.8642704],
		[223.8609442,237.7897532],
		[265.6473712,265.6473712],
		[265.6473712,404.9354614],
		[251.7185622,544.2235515],
		[182.0745172,307.4337983],
		[182.0745172,209.9321352],
		[196.0033262,112.4304721],
		[307.4337983,126.3592811],
		[349.2202253,182.0745172],
		[293.5049893,223.8609442],
		[251.7185622,98.50166309],
		[251.7185622,28.85761803]
	],
	"score": 1.567046175
}
