{
	"point": [
		[180.1423344,538.4270031],
		[180.1423344,404.0702523],
		[165.2138065,254.7849737],
		[224.927918,239.8564458],
		[224.927918,404.0702523],
		[224.927918,538.4270031],
		[90.57116719,299.5705573],
		[135.3567508,209.9993901],
		[165.2138065,105.4996951],
		[269.7135016,120.4282229],
		[269.7135016,209.9993901],
		[284.6420294,299.5705573],
		[224.927918,90.57116719],
		[224.927918,15.92852786]
	],
	"score": 1.709231976
}
