{
	"point": [
		[182.0745172,558.1523605],
		[168.1457082,404.9354614],
		[154.2168991,265.6473712],
		[209.9321352,293.5049893],
		[209.9321352,418.8642704],
		[196.0033262,544.2235515],
		[126.3592811,321.3626073],
		[140.2880901,209.9321352],
		[140.2880901,112.4304721],
		[251.7185622,112.4304721],
		[265.6473712,196.0033262],
		[307.4337983,279.5761803],
		[196.0033262,98.50166309],
		[196.0033262,28.85761803]
	],
	"score": 1.745774645
}
