{
	"point": {
		"_ArrayType_": "double",
		"_ArraySize_": [14,2,2],
		"_ArrayData_": [98.50166309,98.50166309,112.4304721,182.0745172,182.0745172,196.0033262,98.50166309,84.57285408,84.57285408,196.0033262,196.0033262,209.9321352,140.2880901,126.3592811,544.2235515,404.9354614,251.7185622,279.5761803,432.7930794,558.1523605,307.4337983,196.0033262,98.50166309,112.4304721,209.9321352,321.3626073,84.57285408,28.85761803,391.0066524,404.9354614,432.7930794,474.5795064,432.7930794,432.7930794,391.0066524,404.9354614,404.9354614,502.4371245,502.4371245,488.5083154,446.7218884,432.7930794,544.2235515,404.9354614,251.7185622,265.6473712,418.8642704,558.1523605,307.4337983,196.0033262,112.4304721,112.4304721,182.0745172,265.6473712,98.50166309,28.85761803]
	},
	"score": [0.4686655519,0.0457502879]
}
