{
	"point": [
		[196.0033262,530.2947425],
		[182.0745172,404.9354614],
		[182.0745172,251.7185622],
		[223.8609442,293.5049893],
		[223.8609442,418.8642704],
		[209.9321352,530.2947425],
		[140.2880901,237.7897532],
		[98.50166309,182.0745172],
		[140.2880901,112.4304721],
		[251.7185622,126.3592811],
		[251.7185622,237.7897532],
		[251.7185622,321.3626073],
		[196.0033262,98.50166309],
		[196.0033262,28.85761803]
	],
	"score": 1.894999886
}
