{
	"point": [
		[182.9445368,507.8454953],
		[182.9445368,390.8811503],
		[156.9524601,247.9247285],
		[221.9326518,247.9247285],
		[221.9326518,390.8811503],
		[195.9405751,507.8454953],
		[130.9603834,286.9128435],
		[130.9603834,195.9405751],
		[143.9564218,117.9643451],
		[234.9286902,117.9643451],
		[247.9247285,208.9366135],
		[247.9247285,299.9088819],
		[182.9445368,104.9683067],
		[182.9445368,39.98811503]
	],
	"score": 1.21841569
}
