{
	"point": [
		[158.6345229,522.4064989],
		[146.5087904,389.023441],
		[146.5087904,267.7661157],
		[195.0117205,255.6403832],
		[195.0117205,389.023441],
		[182.885988,522.4064989],
		[122.2573253,292.0175808],
		[122.2573253,195.0117205],
		[134.3830579,122.2573253],
		[219.2631856,110.1315928],
		[219.2631856,170.7602554],
		[219.2631856,243.5146506],
		[170.7602554,98.00586026],
		[170.7602554,25.25146506]
	],
	"score": 1.175071989
}
