{
	"point": [
		[182.0745172,558.1523605],
		[182.0745172,404.9354614],
		[182.0745172,251.7185622],
		[237.7897532,265.6473712],
		[237.7897532,418.8642704],
		[237.7897532,558.1523605],
		[182.0745172,98.50166309],
		[168.1457082,182.0745172],
		[182.0745172,112.4304721],
		[279.5761803,112.4304721],
		[265.6473712,209.9321352],
		[293.5049893,307.4337983],
		[223.8609442,98.50166309],
		[223.8609442,28.85761803]
	],
	"score": 1.309672372
}
