{
	"point": [
		[126.3592811,516.3659335],
		[126.3592811,404.9354614],
		[98.50166309,265.6473712],
		[168.1457082,279.5761803],
		[168.1457082,404.9354614],
		[140.2880901,544.2235515],
		[70.64404506,321.3626073],
		[84.57285408,209.9321352],
		[98.50166309,126.3592811],
		[196.0033262,126.3592811],
		[223.8609442,223.8609442],
		[223.8609442,335.2914163],
		[154.2168991,98.50166309],
		[154.2168991,28.85761803]
	],
	"score": 1.247329567
}
