{
	"point": [
		[182.0745172,544.2235515],
		[168.1457082,404.9354614],
		[168.1457082,279.5761803],
		[237.7897532,279.5761803],
		[223.8609442,404.9354614],
		[209.9321352,544.2235515],
		[126.3592811,237.7897532],
		[98.50166309,182.0745172],
		[154.2168991,112.4304721],
		[251.7185622,112.4304721],
		[321.3626073,182.0745172],
		[251.7185622,237.7897532],
		[196.0033262,98.50166309],
		[196.0033262,28.85761803]
	],
	"score": 1.587637183
}
