{
	"point": [
		[135.3567508,538.4270031],
		[120.4282229,404.0702523],
		[105.4996951,284.6420294],
		[180.1423344,254.7849737],
		[180.1423344,389.1417245],
		[165.2138065,553.355531],
		[90.57116719,314.4990852],
		[90.57116719,209.9993901],
		[75.64263932,105.4996951],
		[195.0708622,105.4996951],
		[195.0708622,195.0708622],
		[135.3567508,150.2852786],
		[135.3567508,90.57116719],
		[135.3567508,15.92852786]
	],
	"score": 1.094470235
}
