{
	"point": [
		[65.98019171,533.837572],
		[26.99207668,416.8732269],
		[52.98415337,286.9128435],
		[130.9603834,273.9168052],
		[117.9643451,429.8692653],
		[117.9643451,559.8296487],
		[52.98415337,299.9088819],
		[52.98415337,208.9366135],
		[52.98415337,104.9683067],
		[156.9524601,104.9683067],
		[195.9405751,182.9445368],
		[143.9564218,234.9286902],
		[104.9683067,91.97226839],
		[104.9683067,26.99207668]
	],
	"score": 1.318435673
}
