{
	"point": [
		[208.9366135,546.8336104],
		[208.9366135,416.8732269],
		[182.9445368,273.9168052],
		[221.9326518,312.9049202],
		[221.9326518,455.861342],
		[208.9366135,559.8296487],
		[156.9524601,247.9247285],
		[104.9683067,195.9405751],
		[156.9524601,117.9643451],
		[247.9247285,130.9603834],
		[312.9049202,182.9445368],
		[260.9207668,221.9326518],
		[208.9366135,104.9683067],
		[208.9366135,26.99207668]
	],
	"score": 1.092850629
}
