{
	"point": [
		[168.1457082,530.2947425],
		[154.2168991,418.8642704],
		[154.2168991,307.4337983],
		[223.8609442,307.4337983],
		[209.9321352,418.8642704],
		[196.0033262,530.2947425],
		[126.3592811,307.4337983],
		[126.3592811,223.8609442],
		[140.2880901,154.2168991],
		[251.7185622,140.2880901],
		[293.5049893,209.9321352],
		[237.7897532,265.6473712],
		[196.0033262,126.3592811],
		[196.0033262,42.78642704]
	],
	"score": 1.57933605
}
