{
	"point": [
		[104.9683067,572.825687],
		[91.97226839,455.861342],
		[78.97623005,299.9088819],
		[143.9564218,286.9128435],
		[143.9564218,429.8692653],
		[117.9643451,559.8296487],
		[52.98415337,338.8969969],
		[52.98415337,234.9286902],
		[65.98019171,143.9564218],
		[169.9484984,143.9564218],
		[182.9445368,234.9286902],
		[182.9445368,325.9009585],
		[117.9643451,117.9643451],
		[117.9643451,39.98811503]
	],
	"score": 1.036066443
}
