{
	"point": {
		"_ArrayType_": "double",
		"_ArraySize_": [14,2,2],
		"_ArrayData_": [309.6707572,301.0965695,301.0965695,335.3933203,318.2449449,318.2449449,292.5223818,292.5223818,283.9481941,352.5416957,352.5416957,352.5416957,318.2449449,318.2449449,386.8384465,292.5223818,223.9288802,232.5030679,301.0965695,386.8384465,249.6514433,181.0579417,121.0386278,121.0386278,172.483754,223.9288802,112.4644401,61.0193139,69.5935016,52.4451262,43.8709385,78.1676893,78.1676893,86.741877,18.1483754,35.2967508,35.2967508,103.8902524,112.4644401,78.1676893,69.5935016,69.5935016,378.2642588,283.9481941,189.6321294,206.7805048,292.5223818,369.6900711,223.9288802,155.3353786,103.8902524,103.8902524,138.1870032,129.6128155,95.3160647,43.8709385]
	},
	"score": [0.2336860342,0.0170874434]
}
