{
	"point": [
		[168.1457082,558.1523605],
		[168.1457082,404.9354614],
		[168.1457082,293.5049893],
		[237.7897532,293.5049893],
		[237.7897532,404.9354614],
		[223.8609442,558.1523605],
		[126.3592811,154.2168991],
		[154.2168991,209.9321352],
		[168.1457082,126.3592811],
		[265.6473712,126.3592811],
		[321.3626073,182.0745172],
		[279.5761803,154.2168991],
		[209.9321352,112.4304721],
		[209.9321352,42.78642704]
	],
	"score": 1.180225051
}
