{
	"point": [
		[169.9484984,546.8336104],
		[169.9484984,390.8811503],
		[169.9484984,260.9207668],
		[234.9286902,260.9207668],
		[234.9286902,390.8811503],
		[260.9207668,520.8415337],
		[143.9564218,299.9088819],
		[156.9524601,182.9445368],
		[156.9524601,117.9643451],
		[260.9207668,130.9603834],
		[299.9088819,182.9445368],
		[247.9247285,234.9286902],
		[208.9366135,104.9683067],
		[208.9366135,39.98811503]
	],
	"score": 1.572635055
}
