{
	"point": [
		[234.9286902,533.837572],
		[221.9326518,390.8811503],
		[221.9326518,221.9326518],
		[273.9168052,234.9286902],
		[260.9207668,377.8851119],
		[247.9247285,533.837572],
		[182.9445368,286.9128435],
		[195.9405751,182.9445368],
		[195.9405751,104.9683067],
		[299.9088819,104.9683067],
		[299.9088819,182.9445368],
		[325.9009585,273.9168052],
		[247.9247285,78.97623005],
		[247.9247285,13.99603834]
	],
	"score": 1.075270472
}
