{
	"point": [
		[146.5087904,498.1550338],
		[134.3830579,401.1491736],
		[110.1315928,255.6403832],
		[170.7602554,279.8918482],
		[170.7602554,413.2749061],
		[146.5087904,558.7836965],
		[85.88012772,304.1433133],
		[85.88012772,207.137453],
		[98.00586026,110.1315928],
		[195.0117205,110.1315928],
		[195.0117205,182.885988],
		[207.137453,255.6403832],
		[146.5087904,85.88012772],
		[146.5087904,25.25146506]
	],
	"score": 1.134859528
}
