{
	"point": {
		"_ArrayType_": "double",
		"_ArraySize_": [14,2,3],
		"_ArrayData_": [364.8890736,338.8969969,325.9009585,364.8890736,260.9207668,247.9247285,351.8930352,325.9009585,325.9009585,403.8771886,403.8771886,416.8732269,364.8890736,364.8890736,533.837572,390.8811503,273.9168052,286.9128435,403.8771886,546.8336104,91.97226839,169.9484984,117.9643451,117.9643451,208.9366135,312.9049202,91.97226839,26.99207668,112.4304721,84.57285408,70.64404506,112.4304721,98.50166309,98.50166309,84.57285408,70.64404506,70.64404506,154.2168991,168.1457082,168.1457082,112.4304721,112.4304721,558.1523605,418.8642704,265.6473712,279.5761803,418.8642704,544.2235515,84.57285408,168.1457082,112.4304721,126.3592811,237.7897532,321.3626073,98.50166309,28.85761803,494.849457,468.8573803,468.8573803,507.8454953,507.8454953,520.8415337,442.8653036,455.861342,468.8573803,546.8336104,533.837572,559.8296487,507.8454953,507.8454953,546.8336104,390.8811503,247.9247285,273.9168052,416.8732269,559.8296487,325.9009585,221.9326518,130.9603834,117.9643451,195.9405751,273.9168052,104.9683067,26.99207668]
	},
	"score": [0.7705645305,0.3893983355,0.3452551168]
}
