{
	"point": [
		[117.9643451,507.8454953],
		[156.9524601,390.8811503],
		[182.9445368,273.9168052],
		[234.9286902,273.9168052],
		[234.9286902,390.8811503],
		[208.9366135,507.8454953],
		[156.9524601,325.9009585],
		[156.9524601,208.9366135],
		[156.9524601,117.9643451],
		[234.9286902,117.9643451],
		[247.9247285,208.9366135],
		[286.9128435,286.9128435],
		[195.9405751,104.9683067],
		[195.9405751,39.98811503]
	],
	"score": 1.30448603
}
