{
	"point": [
		[158.6345229,498.1550338],
		[146.5087904,389.023441],
		[170.7602554,267.7661157],
		[219.2631856,267.7661157],
		[207.137453,401.1491736],
		[207.137453,510.2807663],
		[134.3830579,243.5146506],
		[134.3830579,170.7602554],
		[134.3830579,122.2573253],
		[231.3889181,122.2573253],
		[231.3889181,182.885988],
		[255.6403832,267.7661157],
		[182.885988,98.00586026],
		[182.885988,37.3771976]
	],
	"score": 1.397911504
}
