{
	"point": [
		[182.9445368,533.837572],
		[169.9484984,403.8771886],
		[156.9524601,286.9128435],
		[221.9326518,312.9049202],
		[208.9366135,442.8653036],
		[208.9366135,533.837572],
		[104.9683067,312.9049202],
		[130.9603834,221.9326518],
		[169.9484984,130.9603834],
		[260.9207668,130.9603834],
		[260.9207668,221.9326518],
		[247.9247285,338.8969969],
		[208.9366135,104.9683067],
		[208.9366135,26.99207668]
	],
	"score": 1.41621142
}
