{
	"point": [
		[182.9445368,559.8296487],
		[182.9445368,429.8692653],
		[169.9484984,286.9128435],
		[234.9286902,299.9088819],
		[234.9286902,416.8732269],
		[234.9286902,559.8296487],
		[117.9643451,286.9128435],
		[143.9564218,208.9366135],
		[156.9524601,130.9603834],
		[260.9207668,117.9643451],
		[286.9128435,208.9366135],
		[312.9049202,286.9128435],
		[208.9366135,104.9683067],
		[208.9366135,26.99207668]
	],
	"score": 1.738082451
}
