{
	"point": [
		[196.0033262,558.1523605],
		[182.0745172,418.8642704],
		[168.1457082,265.6473712],
		[223.8609442,293.5049893],
		[209.9321352,418.8642704],
		[209.9321352,544.2235515],
		[126.3592811,321.3626073],
		[154.2168991,209.9321352],
		[154.2168991,112.4304721],
		[251.7185622,112.4304721],
		[251.7185622,209.9321352],
		[265.6473712,307.4337983],
		[196.0033262,84.57285408],
		[196.0033262,14.92880901]
	],
	"score": 1.194223255
}
