{
	"point": [
		[126.3592811,544.2235515],
		[126.3592811,418.8642704],
		[112.4304721,265.6473712],
		[182.0745172,251.7185622],
		[168.1457082,404.9354614],
		[154.2168991,558.1523605],
		[98.50166309,293.5049893],
		[98.50166309,209.9321352],
		[98.50166309,112.4304721],
		[209.9321352,112.4304721],
		[196.0033262,209.9321352],
		[209.9321352,307.4337983],
		[154.2168991,98.50166309],
		[154.2168991,14.92880901]
	],
	"score": 1.615114676
}
