{
	"point": [
		[112.4304721,544.2235515],
		[112.4304721,404.9354614],
		[98.50166309,279.5761803],
		[154.2168991,251.7185622],
		[154.2168991,404.9354614],
		[140.2880901,544.2235515],
		[84.57285408,293.5049893],
		[84.57285408,196.0033262],
		[84.57285408,112.4304721],
		[196.0033262,126.3592811],
		[196.0033262,209.9321352],
		[196.0033262,307.4337983],
		[140.2880901,98.50166309],
		[140.2880901,28.85761803]
	],
	"score": 1.927874507
}
