{
	"point": [
		[168.1457082,530.2947425],
		[182.0745172,404.9354614],
		[168.1457082,293.5049893],
		[237.7897532,265.6473712],
		[237.7897532,391.0066524],
		[251.7185622,544.2235515],
		[154.2168991,349.2202253],
		[168.1457082,237.7897532],
		[154.2168991,140.2880901],
		[251.7185622,126.3592811],
		[251.7185622,196.0033262],
		[251.7185622,279.5761803],
		[196.0033262,126.3592811],
		[196.0033262,42.78642704]
	],
	"score": 1.063470922
}
