{
	"point": [
		[196.0033262,558.1523605],
		[182.0745172,418.8642704],
		[168.1457082,279.5761803],
		[223.8609442,279.5761803],
		[223.8609442,418.8642704],
		[209.9321352,544.2235515],
		[140.2880901,251.7185622],
		[98.50166309,209.9321352],
		[140.2880901,140.2880901],
		[237.7897532,140.2880901],
		[251.7185622,223.8609442],
		[265.6473712,321.3626073],
		[196.0033262,112.4304721],
		[196.0033262,28.85761803]
	],
	"score": 1.000639602
}
