{
	"point": [
		[156.9524601,546.8336104],
		[156.9524601,416.8732269],
		[156.9524601,286.9128435],
		[208.9366135,299.9088819],
		[208.9366135,429.8692653],
		[208.9366135,559.8296487],
		[117.9643451,169.9484984],
		[130.9603834,156.9524601],
		[130.9603834,117.9643451],
		[234.9286902,117.9643451],
		[234.9286902,169.9484984],
		[182.9445368,234.9286902],
		[182.9445368,104.9683067],
		[182.9445368,26.99207668]
	],
	"score": 1.176944847
}
