{
	"point": [
		[196.0033262,530.2947425],
		[182.0745172,391.0066524],
		[168.1457082,251.7185622],
		[209.9321352,265.6473712],
		[209.9321352,404.9354614],
		[223.8609442,544.2235515],
		[140.2880901,307.4337983],
		[140.2880901,209.9321352],
		[154.2168991,112.4304721],
		[251.7185622,112.4304721],
		[279.5761803,182.0745172],
		[237.7897532,223.8609442],
		[209.9321352,98.50166309],
		[209.9321352,28.85761803]
	],
	"score": 1.768747866
}
