{
	"point": [
		[182.885988,522.4064989],
		[170.7602554,389.023441],
		[146.5087904,243.5146506],
		[219.2631856,267.7661157],
		[207.137453,401.1491736],
		[195.0117205,522.4064989],
		[110.1315928,304.1433133],
		[134.3830579,207.137453],
		[146.5087904,110.1315928],
		[255.6403832,110.1315928],
		[267.7661157,207.137453],
		[279.8918482,304.1433133],
		[207.137453,85.88012772],
		[207.137453,25.25146506]
	],
	"score": 1.032318626
}
