{
	"point": [
		[134.3830579,558.7836965],
		[122.2573253,425.4006386],
		[122.2573253,292.0175808],
		[182.885988,292.0175808],
		[182.885988,425.4006386],
		[170.7602554,558.7836965],
		[98.00586026,328.3947784],
		[110.1315928,207.137453],
		[122.2573253,122.2573253],
		[219.2631856,122.2573253],
		[279.8918482,195.0117205],
		[231.3889181,243.5146506],
		[170.7602554,98.00586026],
		[170.7602554,25.25146506]
	],
	"score": 1.027417513
}
