{
	"point": [
		[65.98019171,546.8336104],
		[52.98415337,403.8771886],
		[52.98415337,234.9286902],
		[104.9683067,273.9168052],
		[104.9683067,416.8732269],
		[117.9643451,559.8296487],
		[13.99603834,247.9247285],
		[26.99207668,182.9445368],
		[26.99207668,117.9643451],
		[130.9603834,104.9683067],
		[130.9603834,195.9405751],
		[143.9564218,299.9088819],
		[78.97623005,91.97226839],
		[78.97623005,13.99603834]
	],
	"score": 1.302846355
}
