{
	"point": [
		[182.9445368,533.837572],
		[182.9445368,416.8732269],
		[169.9484984,286.9128435],
		[221.9326518,286.9128435],
		[221.9326518,416.8732269],
		[221.9326518,546.8336104],
		[143.9564218,325.9009585],
		[143.9564218,247.9247285],
		[156.9524601,169.9484984],
		[247.9247285,169.9484984],
		[247.9247285,247.9247285],
		[260.9207668,325.9009585],
		[195.9405751,143.9564218],
		[195.9405751,91.97226839]
	],
	"score": 1.178057268
}
