{
	"point": [
		[170.7602554,498.1550338],
		[170.7602554,389.023441],
		[158.6345229,267.7661157],
		[207.137453,279.8918482],
		[207.137453,389.023441],
		[195.0117205,498.1550338],
		[146.5087904,267.7661157],
		[122.2573253,195.0117205],
		[146.5087904,122.2573253],
		[243.5146506,134.3830579],
		[243.5146506,207.137453],
		[231.3889181,304.1433133],
		[195.0117205,110.1315928],
		[195.0117205,37.3771976]
	],
	"score": 1.644245875
}
