{
	"point": [
		[219.2631856,546.6579639],
		[207.137453,437.5263712],
		[195.0117205,304.1433133],
		[255.6403832,243.5146506],
		[243.5146506,389.023441],
		[243.5146506,546.6579639],
		[170.7602554,279.8918482],
		[182.885988,207.137453],
		[195.0117205,134.3830579],
		[279.8918482,134.3830579],
		[279.8918482,207.137453],
		[292.0175808,279.8918482],
		[243.5146506,110.1315928],
		[243.5146506,37.3771976]
	],
	"score": 1.071479975
}
