{
	"point": [
		[104.9683067,520.8415337],
		[78.97623005,390.8811503],
		[65.98019171,234.9286902],
		[130.9603834,260.9207668],
		[130.9603834,403.8771886],
		[130.9603834,546.8336104],
		[26.99207668,286.9128435],
		[39.98811503,208.9366135],
		[39.98811503,117.9643451],
		[143.9564218,117.9643451],
		[156.9524601,195.9405751],
		[182.9445368,273.9168052],
		[91.97226839,104.9683067],
		[91.97226839,26.99207668]
	],
	"score": 1.047505406
}
