{
	"point": [
		[143.9564218,546.8336104],
		[130.9603834,442.8653036],
		[117.9643451,273.9168052],
		[182.9445368,273.9168052],
		[156.9524601,442.8653036],
		[182.9445368,546.8336104],
		[91.97226839,312.9049202],
		[104.9683067,221.9326518],
		[104.9683067,130.9603834],
		[208.9366135,117.9643451],
		[208.9366135,208.9366135],
		[208.9366135,312.9049202],
		[143.9564218,104.9683067],
		[143.9564218,26.99207668]
	],
	"score": 1.127385942
}
