{
	"point": [
		[182.0745172,530.2947425],
		[168.1457082,391.0066524],
		[140.2880901,237.7897532],
		[223.8609442,265.6473712],
		[223.8609442,404.9354614],
		[209.9321352,530.2947425],
		[126.3592811,251.7185622],
		[140.2880901,182.0745172],
		[140.2880901,112.4304721],
		[251.7185622,112.4304721],
		[251.7185622,196.0033262],
		[251.7185622,307.4337983],
		[196.0033262,98.50166309],
		[196.0033262,28.85761803]
	],
	"score": 1.510529903
}
