{
	"point": [
		[182.019336,521.430591],
		[170.7056275,396.9797975],
		[170.7056275,261.2152955],
		[227.27417,283.8427125],
		[227.27417,408.293506],
		[227.27417,532.7442995],
		[136.764502,261.2152955],
		[148.0782105,182.019336],
		[159.391919,125.4507935],
		[249.901587,136.764502],
		[249.901587,182.019336],
		[249.901587,238.5878785],
		[204.646753,102.8233765],
		[204.646753,34.9411255]
	],
	"score": 1.043875663
}
