{
	"point": [
		[65.98019171,559.8296487],
		[91.97226839,416.8732269],
		[117.9643451,286.9128435],
		[195.9405751,273.9168052],
		[182.9445368,403.8771886],
		[169.9484984,559.8296487],
		[117.9643451,299.9088819],
		[104.9683067,195.9405751],
		[104.9683067,104.9683067],
		[208.9366135,130.9603834],
		[208.9366135,195.9405751],
		[234.9286902,273.9168052],
		[156.9524601,91.97226839],
		[156.9524601,26.99207668]
	],
	"score": 1.038155894
}
