{
	"point": [
		[158.6345229,510.2807663],
		[134.3830579,401.1491736],
		[122.2573253,255.6403832],
		[195.0117205,279.8918482],
		[182.885988,413.2749061],
		[158.6345229,558.7836965],
		[85.88012772,267.7661157],
		[85.88012772,182.885988],
		[110.1315928,110.1315928],
		[207.137453,122.2573253],
		[207.137453,219.2631856],
		[231.3889181,316.2690458],
		[158.6345229,85.88012772],
		[158.6345229,25.25146506]
	],
	"score": 1.242506219
}
