{
	"point": [
		[84.57285408,544.2235515],
		[70.64404506,418.8642704],
		[70.64404506,265.6473712],
		[126.3592811,293.5049893],
		[126.3592811,418.8642704],
		[112.4304721,544.2235515],
		[28.85761803,307.4337983],
		[42.78642704,209.9321352],
		[56.71523605,112.4304721],
		[154.2168991,126.3592811],
		[196.0033262,209.9321352],
		[154.2168991,251.7185622],
		[112.4304721,98.50166309],
		[112.4304721,28.85761803]
	],
	"score": 1.022612267
}
