{
	"point": [
		[169.9484984,559.8296487],
		[156.9524601,442.8653036],
		[156.9524601,338.8969969],
		[208.9366135,325.9009585],
		[208.9366135,442.8653036],
		[208.9366135,559.8296487],
		[130.9603834,247.9247285],
		[130.9603834,247.9247285],
		[130.9603834,182.9445368],
		[221.9326518,156.9524601],
		[234.9286902,221.9326518],
		[221.9326518,299.9088819],
		[169.9484984,156.9524601],
		[143.9564218,91.97226839]
	],
	"score": 1.022779494
}
