{
	"point": [
		[239.8564458,553.355531],
		[224.927918,418.9987802],
		[195.0708622,269.7135016],
		[269.7135016,284.6420294],
		[269.7135016,418.9987802],
		[254.7849737,553.355531],
		[135.3567508,165.2138065],
		[195.0708622,209.9993901],
		[195.0708622,120.4282229],
		[299.5705573,120.4282229],
		[314.4990852,224.927918],
		[314.4990852,344.3561409],
		[254.7849737,105.4996951],
		[254.7849737,30.85705573]
	],
	"score": 1.274946401
}
