{
	"point": {
		"_ArrayType_": "double",
		"_ArraySize_": [14,2,2],
		"_ArrayData_": [182.9445368,182.9445368,169.9484984,234.9286902,195.9405751,182.9445368,117.9643451,143.9564218,156.9524601,247.9247285,247.9247285,260.9207668,208.9366135,208.9366135,533.837572,390.8811503,247.9247285,273.9168052,416.8732269,559.8296487,286.9128435,195.9405751,117.9643451,130.9603834,221.9326518,325.9009585,91.97226839,26.99207668,41,33,25,49,49,49,57,17,25,73,81,65,41,41,313,249,169,201,249,305,129,137,97,97,145,153,81,41]
	},
	"score": [1.243029198,0.05068185601]
}
