{
	"point": [
		[234.9286902,533.837572],
		[247.9247285,403.8771886],
		[247.9247285,247.9247285],
		[312.9049202,260.9207668],
		[312.9049202,416.8732269],
		[312.9049202,559.8296487],
		[208.9366135,273.9168052],
		[221.9326518,182.9445368],
		[234.9286902,104.9683067],
		[338.8969969,104.9683067],
		[338.8969969,195.9405751],
		[351.8930352,286.9128435],
		[286.9128435,91.97226839],
		[286.9128435,26.99207668]
	],
	"score": 1.196094134
}
