{
	"point": [
		[182.0745172,530.2947425],
		[182.0745172,404.9354614],
		[168.1457082,279.5761803],
		[223.8609442,265.6473712],
		[223.8609442,404.9354614],
		[209.9321352,558.1523605],
		[140.2880901,321.3626073],
		[126.3592811,209.9321352],
		[140.2880901,126.3592811],
		[251.7185622,112.4304721],
		[307.4337983,182.0745172],
		[251.7185622,237.7897532],
		[196.0033262,98.50166309],
		[196.0033262,28.85761803]
	],
	"score": 2.140719717
}
