{
	"point": [
		[223.8609442,544.2235515],
		[209.9321352,391.0066524],
		[209.9321352,251.7185622],
		[251.7185622,265.6473712],
		[237.7897532,418.8642704],
		[237.7897532,558.1523605],
		[168.1457082,307.4337983],
		[182.0745172,209.9321352],
		[182.0745172,112.4304721],
		[293.5049893,98.50166309],
		[293.5049893,182.0745172],
		[293.5049893,293.5049893],
		[237.7897532,84.57285408],
		[237.7897532,14.92880901]
	],
	"score": 1.710492808
}
