{
	"point": [
		[182.885988,534.5322314],
		[170.7602554,413.2749061],
		[170.7602554,279.8918482],
		[231.3889181,279.8918482],
		[219.2631856,413.2749061],
		[207.137453,546.6579639],
		[134.3830579,279.8918482],
		[146.5087904,195.0117205],
		[158.6345229,122.2573253],
		[255.6403832,122.2573253],
		[255.6403832,207.137453],
		[267.7661157,304.1433133],
		[207.137453,98.00586026],
		[207.137453,37.3771976]
	],
	"score": 1.665937618
}
