{
	"point": [
		[182.0745172,544.2235515],
		[168.1457082,391.0066524],
		[154.2168991,265.6473712],
		[223.8609442,265.6473712],
		[223.8609442,404.9354614],
		[209.9321352,544.2235515],
		[126.3592811,293.5049893],
		[140.2880901,196.0033262],
		[154.2168991,98.50166309],
		[265.6473712,112.4304721],
		[265.6473712,196.0033262],
		[251.7185622,223.8609442],
		[209.9321352,84.57285408],
		[209.9321352,14.92880901]
	],
	"score": 1.019772487
}
