{
	"point": [
		[140.2880901,544.2235515],
		[126.3592811,404.9354614],
		[112.4304721,237.7897532],
		[182.0745172,251.7185622],
		[182.0745172,404.9354614],
		[182.0745172,544.2235515],
		[98.50166309,251.7185622],
		[98.50166309,182.0745172],
		[98.50166309,98.50166309],
		[196.0033262,98.50166309],
		[196.0033262,182.0745172],
		[209.9321352,293.5049893],
		[154.2168991,84.57285408],
		[154.2168991,14.92880901]
	],
	"score": 1.154855554
}
