{
	"point": [
		[130.9603834,533.837572],
		[117.9643451,390.8811503],
		[104.9683067,247.9247285],
		[182.9445368,260.9207668],
		[182.9445368,403.8771886],
		[208.9366135,520.8415337],
		[91.97226839,247.9247285],
		[104.9683067,182.9445368],
		[104.9683067,104.9683067],
		[208.9366135,104.9683067],
		[208.9366135,208.9366135],
		[208.9366135,312.9049202],
		[156.9524601,91.97226839],
		[156.9524601,26.99207668]
	],
	"score": 1.350895023
}
