{
	"point": [
		[110.1315928,546.6579639],
		[146.5087904,401.1491736],
		[182.885988,255.6403832],
		[243.5146506,267.7661157],
		[231.3889181,413.2749061],
		[219.2631856,534.5322314],
		[146.5087904,255.6403832],
		[146.5087904,182.885988],
		[170.7602554,110.1315928],
		[267.7661157,110.1315928],
		[267.7661157,195.0117205],
		[255.6403832,279.8918482],
		[219.2631856,98.00586026],
		[219.2631856,25.25146506]
	],
	"score": 1.7898889
}
