{
	"point": [
		[154.2168991,544.2235515],
		[126.3592811,391.0066524],
		[112.4304721,251.7185622],
		[168.1457082,251.7185622],
		[168.1457082,391.0066524],
		[154.2168991,502.4371245],
		[84.57285408,279.5761803],
		[98.50166309,196.0033262],
		[98.50166309,112.4304721],
		[209.9321352,98.50166309],
		[209.9321352,196.0033262],
		[209.9321352,293.5049893],
		[154.2168991,84.57285408],
		[154.2168991,14.92880901]
	],
	"score": 1.219041055
}
