{
	"point": [
		[135.3567508,538.4270031],
		[165.2138065,418.9987802],
		[180.1423344,314.4990852],
		[224.927918,284.6420294],
		[239.8564458,433.9273081],
		[239.8564458,538.4270031],
		[135.3567508,314.4990852],
		[135.3567508,224.927918],
		[150.2852786,150.2852786],
		[239.8564458,150.2852786],
		[254.7849737,239.8564458],
		[254.7849737,329.427613],
		[195.0708622,120.4282229],
		[195.0708622,45.78558359]
	],
	"score": 1.074797058
}
