{
	"point": [
		[207.137453,558.7836965],
		[158.6345229,413.2749061],
		[122.2573253,279.8918482],
		[158.6345229,279.8918482],
		[158.6345229,401.1491736],
		[134.3830579,546.6579639],
		[73.75439519,267.7661157],
		[37.3771976,195.0117205],
		[73.75439519,134.3830579],
		[170.7602554,122.2573253],
		[219.2631856,195.0117205],
		[170.7602554,231.3889181],
		[122.2573253,110.1315928],
		[122.2573253,37.3771976]
	],
	"score": 1.167985122
}
