{
	"point": [
		[196.0033262,544.2235515],
		[196.0033262,460.6506974],
		[168.1457082,307.4337983],
		[265.6473712,265.6473712],
		[251.7185622,404.9354614],
		[237.7897532,558.1523605],
		[168.1457082,112.4304721],
		[140.2880901,196.0033262],
		[154.2168991,126.3592811],
		[265.6473712,98.50166309],
		[293.5049893,196.0033262],
		[307.4337983,321.3626073],
		[209.9321352,98.50166309],
		[196.0033262,28.85761803]
	],
	"score": 1.336127174
}
