{
	"point": [
		[182.885988,510.2807663],
		[170.7602554,389.023441],
		[146.5087904,243.5146506],
		[207.137453,267.7661157],
		[207.137453,401.1491736],
		[195.0117205,546.6579639],
		[122.2573253,292.0175808],
		[134.3830579,207.137453],
		[134.3830579,110.1315928],
		[231.3889181,110.1315928],
		[243.5146506,195.0117205],
		[243.5146506,304.1433133],
		[182.885988,85.88012772],
		[182.885988,25.25146506]
	],
	"score": 1.763129225
}
