{
	"point": [
		[135.3567508,553.355531],
		[120.4282229,404.0702523],
		[120.4282229,239.8564458],
		[180.1423344,284.6420294],
		[165.2138065,404.0702523],
		[150.2852786,553.355531],
		[75.64263932,254.7849737],
		[75.64263932,165.2138065],
		[90.57116719,105.4996951],
		[209.9993901,135.3567508],
		[254.7849737,209.9993901],
		[224.927918,254.7849737],
		[150.2852786,90.57116719],
		[150.2852786,15.92852786]
	],
	"score": 1.247625868
}
