{
	"point": [
		[126.3592811,530.2947425],
		[112.4304721,404.9354614],
		[112.4304721,279.5761803],
		[168.1457082,293.5049893],
		[154.2168991,418.8642704],
		[140.2880901,530.2947425],
		[84.57285408,321.3626073],
		[98.50166309,237.7897532],
		[98.50166309,140.2880901],
		[196.0033262,140.2880901],
		[209.9321352,251.7185622],
		[209.9321352,349.2202253],
		[140.2880901,126.3592811],
		[140.2880901,42.78642704]
	],
	"score": 1.643587792
}
