{
	"point": [
		[169.9484984,507.8454953],
		[156.9524601,390.8811503],
		[156.9524601,260.9207668],
		[195.9405751,286.9128435],
		[169.9484984,403.8771886],
		[182.9445368,507.8454953],
		[143.9564218,221.9326518],
		[143.9564218,221.9326518],
		[143.9564218,130.9603834],
		[234.9286902,117.9643451],
		[247.9247285,208.9366135],
		[260.9207668,286.9128435],
		[195.9405751,104.9683067],
		[182.9445368,39.98811503]
	],
	"score": 1.018098598
}
