{
	"point": [
		[168.1457082,558.1523605],
		[168.1457082,418.8642704],
		[154.2168991,307.4337983],
		[223.8609442,279.5761803],
		[223.8609442,418.8642704],
		[196.0033262,558.1523605],
		[126.3592811,321.3626073],
		[126.3592811,237.7897532],
		[154.2168991,140.2880901],
		[251.7185622,126.3592811],
		[265.6473712,196.0033262],
		[279.5761803,126.3592811],
		[196.0033262,112.4304721],
		[196.0033262,28.85761803]
	],
	"score": 1.28150307
}
