{
	"point": [
		[196.0033262,530.2947425],
		[168.1457082,391.0066524],
		[154.2168991,251.7185622],
		[209.9321352,279.5761803],
		[209.9321352,404.9354614],
		[209.9321352,516.3659335],
		[126.3592811,307.4337983],
		[140.2880901,209.9321352],
		[140.2880901,112.4304721],
		[251.7185622,112.4304721],
		[251.7185622,196.0033262],
		[223.8609442,279.5761803],
		[196.0033262,84.57285408],
		[196.0033262,14.92880901]
	],
	"score": 1.147090246
}
