{
	"point": [
		[112.4304721,544.2235515],
		[112.4304721,404.9354614],
		[112.4304721,265.6473712],
		[182.0745172,251.7185622],
		[168.1457082,418.8642704],
		[154.2168991,544.2235515],
		[84.57285408,307.4337983],
		[84.57285408,196.0033262],
		[84.57285408,112.4304721],
		[196.0033262,112.4304721],
		[196.0033262,209.9321352],
		[209.9321352,321.3626073],
		[140.2880901,84.57285408],
		[140.2880901,28.85761803]
	],
	"score": 1.159795805
}
