{
	"point": [
		[170.7602554,534.5322314],
		[158.6345229,401.1491736],
		[158.6345229,255.6403832],
		[207.137453,279.8918482],
		[195.0117205,401.1491736],
		[182.885988,510.2807663],
		[110.1315928,255.6403832],
		[122.2573253,182.885988],
		[134.3830579,110.1315928],
		[231.3889181,110.1315928],
		[267.7661157,195.0117205],
		[292.0175808,243.5146506],
		[182.885988,85.88012772],
		[182.885988,25.25146506]
	],
	"score": 1.697914006
}
