{
	"point": [
		[196.0033262,530.2947425],
		[182.0745172,391.0066524],
		[182.0745172,279.5761803],
		[237.7897532,279.5761803],
		[223.8609442,404.9354614],
		[209.9321352,544.2235515],
		[154.2168991,307.4337983],
		[154.2168991,209.9321352],
		[154.2168991,112.4304721],
		[251.7185622,112.4304721],
		[265.6473712,209.9321352],
		[265.6473712,307.4337983],
		[196.0033262,98.50166309],
		[196.0033262,28.85761803]
	],
	"score": 1.993604555
}
