{
	"point": [
		[117.9643451,546.8336104],
		[130.9603834,416.8732269],
		[117.9643451,273.9168052],
		[182.9445368,260.9207668],
		[182.9445368,403.8771886],
		[169.9484984,546.8336104],
		[78.97623005,299.9088819],
		[91.97226839,195.9405751],
		[91.97226839,117.9643451],
		[195.9405751,117.9643451],
		[208.9366135,208.9366135],
		[208.9366135,312.9049202],
		[143.9564218,91.97226839],
		[143.9564218,26.99207668]
	],
	"score": 1.831843516
}
