{
	"point": {
		"_ArrayType_": "double",
		"_ArraySize_": [14,2,2],
		"_ArrayData_": [154.2168991,140.2880901,126.3592811,182.0745172,154.2168991,154.2168991,56.71523605,84.57285408,98.50166309,196.0033262,251.7185622,196.0033262,154.2168991,154.2168991,544.2235515,404.9354614,265.6473712,251.7185622,404.9354614,558.1523605,293.5049893,196.0033262,98.50166309,98.50166309,168.1457082,209.9321352,84.57285408,28.85761803,225,209,209,233,225,225,193,193,193,249,257,257,217,217,433,361,281,265,353,433,217,177,177,177,241,297,169,129]
	},
	"score": [0.9962472647,-0.04364425324]
}
