{
	"point": [
		[237.7897532,544.2235515],
		[223.8609442,391.0066524],
		[182.0745172,237.7897532],
		[279.5761803,279.5761803],
		[279.5761803,404.9354614],
		[279.5761803,544.2235515],
		[154.2168991,307.4337983],
		[140.2880901,209.9321352],
		[154.2168991,112.4304721],
		[265.6473712,112.4304721],
		[293.5049893,223.8609442],
		[307.4337983,321.3626073],
		[209.9321352,98.50166309],
		[209.9321352,28.85761803]
	],
	"score": 1.066571442
}
