{
	"point": [
		[195.0708622,538.4270031],
		[165.2138065,418.9987802],
		[150.2852786,314.4990852],
		[224.927918,299.5705573],
		[224.927918,404.0702523],
		[224.927918,538.4270031],
		[120.4282229,344.3561409],
		[120.4282229,224.927918],
		[135.3567508,135.3567508],
		[254.7849737,135.3567508],
		[284.6420294,209.9993901],
		[269.7135016,284.6420294],
		[195.0708622,105.4996951],
		[195.0708622,30.85705573]
	],
	"score": 1.090603785
}
