{
	"point": [
		[169.9484984,507.8454953],
		[156.9524601,377.8851119],
		[143.9564218,273.9168052],
		[208.9366135,247.9247285],
		[208.9366135,390.8811503],
		[195.9405751,507.8454953],
		[65.98019171,247.9247285],
		[117.9643451,182.9445368],
		[143.9564218,117.9643451],
		[234.9286902,130.9603834],
		[260.9207668,182.9445368],
		[299.9088819,260.9207668],
		[182.9445368,104.9683067],
		[182.9445368,39.98811503]
	],
	"score": 1.941949109
}
