{
	"point": [
		[140.2880901,558.1523605],
		[126.3592811,418.8642704],
		[112.4304721,293.5049893],
		[168.1457082,251.7185622],
		[182.0745172,404.9354614],
		[154.2168991,558.1523605],
		[84.57285408,321.3626073],
		[84.57285408,223.8609442],
		[84.57285408,126.3592811],
		[168.1457082,126.3592811],
		[182.0745172,223.8609442],
		[196.0033262,307.4337983],
		[126.3592811,98.50166309],
		[126.3592811,28.85761803]
	],
	"score": 1.357390971
}
