{
	"point": [
		[168.1457082,558.1523605],
		[140.2880901,418.8642704],
		[112.4304721,251.7185622],
		[168.1457082,237.7897532],
		[168.1457082,377.0778433],
		[154.2168991,516.3659335],
		[84.57285408,279.5761803],
		[84.57285408,196.0033262],
		[98.50166309,112.4304721],
		[209.9321352,112.4304721],
		[251.7185622,182.0745172],
		[196.0033262,223.8609442],
		[154.2168991,98.50166309],
		[154.2168991,28.85761803]
	],
	"score": 1.160326273
}
