{
	"point": [
		[193.3330445,532.7442995],
		[193.3330445,408.293506],
		[170.7056275,306.4701295],
		[227.27417,261.2152955],
		[227.27417,374.3523805],
		[249.901587,498.803174],
		[148.0782105,329.0975465],
		[148.0782105,249.901587],
		[159.391919,170.7056275],
		[249.901587,159.391919],
		[261.2152955,238.5878785],
		[261.2152955,317.783838],
		[204.646753,148.0782105],
		[204.646753,91.50966799]
	],
	"score": 1.153608876
}
