{
	"point": [
		[195.0708622,553.355531],
		[195.0708622,418.9987802],
		[195.0708622,254.7849737],
		[254.7849737,254.7849737],
		[254.7849737,418.9987802],
		[254.7849737,553.355531],
		[165.2138065,299.5705573],
		[180.1423344,209.9993901],
		[195.0708622,105.4996951],
		[284.6420294,105.4996951],
		[299.5705573,209.9993901],
		[299.5705573,299.5705573],
		[239.8564458,90.57116719],
		[239.8564458,15.92852786]
	],
	"score": 1.237356798
}
