{
	"point": [
		[182.0745172,558.1523605],
		[168.1457082,418.8642704],
		[168.1457082,265.6473712],
		[223.8609442,279.5761803],
		[223.8609442,418.8642704],
		[223.8609442,558.1523605],
		[140.2880901,293.5049893],
		[154.2168991,209.9321352],
		[154.2168991,112.4304721],
		[251.7185622,112.4304721],
		[251.7185622,209.9321352],
		[265.6473712,293.5049893],
		[196.0033262,98.50166309],
		[196.0033262,28.85761803]
	],
	"score": 1.50636575
}
