{
	"point": [
		[122.2573253,510.2807663],
		[110.1315928,401.1491736],
		[98.00586026,255.6403832],
		[158.6345229,279.8918482],
		[146.5087904,413.2749061],
		[134.3830579,510.2807663],
		[61.62866266,292.0175808],
		[85.88012772,207.137453],
		[85.88012772,122.2573253],
		[195.0117205,122.2573253],
		[195.0117205,195.0117205],
		[231.3889181,267.7661157],
		[134.3830579,98.00586026],
		[134.3830579,37.3771976]
	],
	"score": 1.169494348
}
