{
	"point": [
		[168.1457082,516.3659335],
		[168.1457082,404.9354614],
		[140.2880901,237.7897532],
		[209.9321352,251.7185622],
		[196.0033262,404.9354614],
		[182.0745172,530.2947425],
		[112.4304721,279.5761803],
		[126.3592811,182.0745172],
		[126.3592811,84.57285408],
		[237.7897532,84.57285408],
		[279.5761803,154.2168991],
		[223.8609442,196.0033262],
		[182.0745172,70.64404506],
		[182.0745172,1]
	],
	"score": 1.262992978
}
