{
	"point": [
		[195.9405751,546.8336104],
		[169.9484984,416.8732269],
		[169.9484984,273.9168052],
		[247.9247285,273.9168052],
		[234.9286902,416.8732269],
		[221.9326518,546.8336104],
		[143.9564218,247.9247285],
		[117.9643451,195.9405751],
		[156.9524601,130.9603834],
		[260.9207668,130.9603834],
		[273.9168052,221.9326518],
		[273.9168052,325.9009585],
		[208.9366135,117.9643451],
		[208.9366135,39.98811503]
	],
	"score": 1.431992424
}
