{
	"point": [
		[180.1423344,538.4270031],
		[165.2138065,404.0702523],
		[165.2138065,269.7135016],
		[224.927918,254.7849737],
		[224.927918,404.0702523],
		[224.927918,553.355531],
		[135.3567508,239.8564458],
		[90.57116719,195.0708622],
		[150.2852786,135.3567508],
		[254.7849737,120.4282229],
		[299.5705573,195.0708622],
		[239.8564458,239.8564458],
		[195.0708622,105.4996951],
		[195.0708622,30.85705573]
	],
	"score": 1.165527188
}
