{
	"point": [
		[182.0745172,544.2235515],
		[182.0745172,404.9354614],
		[182.0745172,265.6473712],
		[223.8609442,265.6473712],
		[223.8609442,404.9354614],
		[209.9321352,544.2235515],
		[140.2880901,307.4337983],
		[154.2168991,223.8609442],
		[154.2168991,140.2880901],
		[251.7185622,126.3592811],
		[251.7185622,209.9321352],
		[265.6473712,307.4337983],
		[196.0033262,112.4304721],
		[196.0033262,28.85761803]
	],
	"score": 1.968137056
}
