{
	"point": [
		[209.9321352,530.2947425],
		[196.0033262,404.9354614],
		[196.0033262,265.6473712],
		[279.5761803,293.5049893],
		[321.3626073,432.7930794],
		[349.2202253,544.2235515],
		[168.1457082,307.4337983],
		[168.1457082,223.8609442],
		[182.0745172,126.3592811],
		[279.5761803,112.4304721],
		[293.5049893,196.0033262],
		[307.4337983,307.4337983],
		[223.8609442,98.50166309],
		[223.8609442,28.85761803]
	],
	"score": 1.30893465
}
