{
	"point": [
		[195.9405751,533.837572],
		[182.9445368,416.8732269],
		[169.9484984,312.9049202],
		[247.9247285,286.9128435],
		[247.9247285,429.8692653],
		[221.9326518,546.8336104],
		[169.9484984,299.9088819],
		[117.9643451,234.9286902],
		[143.9564218,169.9484984],
		[260.9207668,156.9524601],
		[273.9168052,221.9326518],
		[273.9168052,286.9128435],
		[195.9405751,143.9564218],
		[195.9405751,65.98019171]
	],
	"score": 1.106812049
}
