{
	"point": [
		[209.9993901,553.355531],
		[150.2852786,433.9273081],
		[180.1423344,299.5705573],
		[239.8564458,314.4990852],
		[224.927918,433.9273081],
		[209.9993901,553.355531],
		[180.1423344,344.3561409],
		[165.2138065,239.8564458],
		[180.1423344,165.2138065],
		[299.5705573,165.2138065],
		[344.3561409,254.7849737],
		[254.7849737,299.5705573],
		[239.8564458,135.3567508],
		[239.8564458,30.85705573]
	],
	"score": 1.094718743
}
