{
	"point": [
		[182.9445368,533.837572],
		[182.9445368,416.8732269],
		[169.9484984,286.9128435],
		[221.9326518,299.9088819],
		[221.9326518,416.8732269],
		[221.9326518,533.837572],
		[143.9564218,286.9128435],
		[143.9564218,208.9366135],
		[156.9524601,130.9603834],
		[247.9247285,130.9603834],
		[260.9207668,208.9366135],
		[260.9207668,299.9088819],
		[208.9366135,104.9683067],
		[208.9366135,26.99207668]
	],
	"score": 1.694949727
}
