{
	"point": [
		[170.7602554,510.2807663],
		[170.7602554,376.8977085],
		[158.6345229,243.5146506],
		[207.137453,267.7661157],
		[207.137453,389.023441],
		[182.885988,510.2807663],
		[134.3830579,304.1433133],
		[146.5087904,207.137453],
		[146.5087904,122.2573253],
		[243.5146506,122.2573253],
		[243.5146506,195.0117205],
		[292.0175808,255.6403832],
		[195.0117205,98.00586026],
		[195.0117205,37.3771976]
	],
	"score": 1.97704129
}
