{
	"point": [
		[182.9445368,546.8336104],
		[182.9445368,403.8771886],
		[169.9484984,247.9247285],
		[221.9326518,260.9207668],
		[221.9326518,429.8692653],
		[208.9366135,546.8336104],
		[143.9564218,299.9088819],
		[143.9564218,208.9366135],
		[156.9524601,117.9643451],
		[260.9207668,117.9643451],
		[312.9049202,195.9405751],
		[260.9207668,234.9286902],
		[208.9366135,91.97226839],
		[208.9366135,26.99207668]
	],
	"score": 1.131063129
}
