{
	"point": [
		[140.2880901,544.2235515],
		[126.3592811,404.9354614],
		[126.3592811,279.5761803],
		[182.0745172,251.7185622],
		[182.0745172,404.9354614],
		[168.1457082,558.1523605],
		[84.57285408,223.8609442],
		[98.50166309,168.1457082],
		[112.4304721,98.50166309],
		[223.8609442,112.4304721],
		[209.9321352,168.1457082],
		[209.9321352,237.7897532],
		[168.1457082,84.57285408],
		[168.1457082,14.92880901]
	],
	"score": 1.469934816
}
