{
	"point": [
		[169.9484984,546.8336104],
		[169.9484984,416.8732269],
		[156.9524601,286.9128435],
		[221.9326518,299.9088819],
		[221.9326518,416.8732269],
		[208.9366135,546.8336104],
		[143.9564218,260.9207668],
		[117.9643451,195.9405751],
		[143.9564218,117.9643451],
		[247.9247285,130.9603834],
		[247.9247285,195.9405751],
		[273.9168052,247.9247285],
		[195.9405751,104.9683067],
		[195.9405751,26.99207668]
	],
	"score": 2.049315274
}
