{
	"point": [
		[98.50166309,544.2235515],
		[98.50166309,404.9354614],
		[126.3592811,251.7185622],
		[196.0033262,265.6473712],
		[196.0033262,404.9354614],
		[182.0745172,544.2235515],
		[84.57285408,321.3626073],
		[98.50166309,223.8609442],
		[98.50166309,126.3592811],
		[209.9321352,112.4304721],
		[209.9321352,182.0745172],
		[196.0033262,293.5049893],
		[154.2168991,98.50166309],
		[154.2168991,28.85761803]
	],
	"score": 1.032985034
}
