{
	"point": [
		[120.4282229,553.355531],
		[105.4996951,404.0702523],
		[105.4996951,269.7135016],
		[180.1423344,284.6420294],
		[165.2138065,404.0702523],
		[165.2138065,553.355531],
		[90.57116719,284.6420294],
		[90.57116719,195.0708622],
		[105.4996951,105.4996951],
		[209.9993901,105.4996951],
		[209.9993901,195.0708622],
		[209.9993901,299.5705573],
		[150.2852786,90.57116719],
		[150.2852786,15.92852786]
	],
	"score": 1.03746212
}
