{
	"point": [
		[182.885988,510.2807663],
		[170.7602554,401.1491736],
		[158.6345229,267.7661157],
		[219.2631856,279.8918482],
		[207.137453,389.023441],
		[207.137453,510.2807663],
		[134.3830579,255.6403832],
		[134.3830579,195.0117205],
		[146.5087904,122.2573253],
		[243.5146506,122.2573253],
		[255.6403832,182.885988],
		[255.6403832,243.5146506],
		[182.885988,98.00586026],
		[170.7602554,37.3771976]
	],
	"score": 1.12238842
}
