{
	"point": [
		[195.9405751,546.8336104],
		[182.9445368,403.8771886],
		[182.9445368,273.9168052],
		[234.9286902,286.9128435],
		[221.9326518,429.8692653],
		[234.9286902,546.8336104],
		[156.9524601,299.9088819],
		[156.9524601,221.9326518],
		[156.9524601,130.9603834],
		[247.9247285,117.9643451],
		[260.9207668,195.9405751],
		[208.9366135,234.9286902],
		[208.9366135,104.9683067],
		[195.9405751,39.98811503]
	],
	"score": 1.794235521
}
