{
	"point": [
		[126.3592811,558.1523605],
		[112.4304721,418.8642704],
		[98.50166309,279.5761803],
		[154.2168991,307.4337983],
		[154.2168991,432.7930794],
		[154.2168991,558.1523605],
		[70.64404506,335.2914163],
		[70.64404506,237.7897532],
		[84.57285408,140.2880901],
		[182.0745172,126.3592811],
		[182.0745172,209.9321352],
		[196.0033262,321.3626073],
		[126.3592811,112.4304721],
		[126.3592811,28.85761803]
	],
	"score": 1.414760517
}
