{
	"point": [
		[209.9993901,553.355531],
		[195.0708622,404.0702523],
		[165.2138065,254.7849737],
		[239.8564458,239.8564458],
		[224.927918,404.0702523],
		[224.927918,553.355531],
		[195.0708622,165.2138065],
		[150.2852786,180.1423344],
		[165.2138065,105.4996951],
		[269.7135016,105.4996951],
		[269.7135016,195.0708622],
		[284.6420294,284.6420294],
		[209.9993901,90.57116719],
		[209.9993901,15.92852786]
	],
	"score": 1.204313045
}
