{
	"point": [
		[223.8609442,544.2235515],
		[196.0033262,418.8642704],
		[168.1457082,265.6473712],
		[223.8609442,237.7897532],
		[223.8609442,418.8642704],
		[223.8609442,558.1523605],
		[126.3592811,321.3626073],
		[154.2168991,223.8609442],
		[154.2168991,126.3592811],
		[251.7185622,112.4304721],
		[265.6473712,209.9321352],
		[265.6473712,307.4337983],
		[196.0033262,98.50166309],
		[196.0033262,28.85761803]
	],
	"score": 1.089214757
}
