{
	"point": [
		[117.9643451,533.837572],
		[104.9683067,403.8771886],
		[91.97226839,260.9207668],
		[156.9524601,260.9207668],
		[130.9603834,403.8771886],
		[130.9603834,533.837572],
		[65.98019171,312.9049202],
		[78.97623005,208.9366135],
		[78.97623005,117.9643451],
		[182.9445368,117.9643451],
		[182.9445368,195.9405751],
		[182.9445368,273.9168052],
		[130.9603834,104.9683067],
		[130.9603834,26.99207668]
	],
	"score": 1.137205837
}
