{
	"point": [
		[120.4282229,553.355531],
		[120.4282229,418.9987802],
		[120.4282229,299.5705573],
		[180.1423344,299.5705573],
		[180.1423344,404.0702523],
		[150.2852786,553.355531],
		[90.57116719,329.427613],
		[90.57116719,224.927918],
		[90.57116719,120.4282229],
		[180.1423344,120.4282229],
		[165.2138065,224.927918],
		[195.0708622,314.4990852],
		[135.3567508,90.57116719],
		[135.3567508,30.85705573]
	],
	"score": 1.222144078
}
