{
	"point": [
		[195.9405751,507.8454953],
		[182.9445368,390.8811503],
		[169.9484984,260.9207668],
		[208.9366135,260.9207668],
		[208.9366135,377.8851119],
		[182.9445368,481.8534186],
		[156.9524601,208.9366135],
		[143.9564218,195.9405751],
		[143.9564218,130.9603834],
		[247.9247285,117.9643451],
		[247.9247285,182.9445368],
		[234.9286902,286.9128435],
		[182.9445368,104.9683067],
		[182.9445368,39.98811503]
	],
	"score": 1.347922909
}
