{
	"point": [
		[156.9524601,546.8336104],
		[143.9564218,403.8771886],
		[143.9564218,260.9207668],
		[195.9405751,273.9168052],
		[195.9405751,416.8732269],
		[182.9445368,546.8336104],
		[104.9683067,273.9168052],
		[117.9643451,195.9405751],
		[117.9643451,117.9643451],
		[221.9326518,104.9683067],
		[221.9326518,182.9445368],
		[221.9326518,299.9088819],
		[169.9484984,91.97226839],
		[169.9484984,26.99207668]
	],
	"score": 1.197803261
}
