{
	"point": [
		[170.7602554,498.1550338],
		[158.6345229,389.023441],
		[158.6345229,279.8918482],
		[207.137453,255.6403832],
		[207.137453,376.8977085],
		[195.0117205,498.1550338],
		[134.3830579,231.3889181],
		[98.00586026,182.885988],
		[134.3830579,122.2573253],
		[231.3889181,134.3830579],
		[279.8918482,182.885988],
		[231.3889181,207.137453],
		[182.885988,110.1315928],
		[182.885988,37.3771976]
	],
	"score": 2.602086376
}
