{
	"point": [
		[182.885988,510.2807663],
		[170.7602554,389.023441],
		[158.6345229,267.7661157],
		[195.0117205,279.8918482],
		[195.0117205,389.023441],
		[195.0117205,510.2807663],
		[122.2573253,292.0175808],
		[134.3830579,207.137453],
		[146.5087904,122.2573253],
		[231.3889181,122.2573253],
		[231.3889181,195.0117205],
		[243.5146506,292.0175808],
		[182.885988,110.1315928],
		[182.885988,37.3771976]
	],
	"score": 1.869700681
}
