{
	"point": [
		[195.9405751,533.837572],
		[182.9445368,403.8771886],
		[182.9445368,260.9207668],
		[234.9286902,273.9168052],
		[234.9286902,416.8732269],
		[221.9326518,546.8336104],
		[143.9564218,325.9009585],
		[156.9524601,221.9326518],
		[156.9524601,117.9643451],
		[247.9247285,104.9683067],
		[260.9207668,195.9405751],
		[260.9207668,299.9088819],
		[195.9405751,91.97226839],
		[195.9405751,26.99207668]
	],
	"score": 1.755399881
}
