{
	"point": [
		[169.9484984,494.849457],
		[143.9564218,377.8851119],
		[130.9603834,260.9207668],
		[169.9484984,260.9207668],
		[156.9524601,416.8732269],
		[143.9564218,559.8296487],
		[78.97623005,312.9049202],
		[104.9683067,208.9366135],
		[104.9683067,104.9683067],
		[208.9366135,104.9683067],
		[221.9326518,208.9366135],
		[221.9326518,299.9088819],
		[143.9564218,91.97226839],
		[143.9564218,26.99207668]
	],
	"score": 1.011340994
}
