{
	"point": [
		[182.0745172,544.2235515],
		[168.1457082,404.9354614],
		[168.1457082,251.7185622],
		[223.8609442,251.7185622],
		[237.7897532,418.8642704],
		[251.7185622,558.1523605],
		[140.2880901,307.4337983],
		[154.2168991,209.9321352],
		[154.2168991,126.3592811],
		[251.7185622,126.3592811],
		[251.7185622,223.8609442],
		[251.7185622,321.3626073],
		[196.0033262,98.50166309],
		[196.0033262,28.85761803]
	],
	"score": 1.388661988
}
