{
	"point": [
		[182.0745172,530.2947425],
		[168.1457082,391.0066524],
		[154.2168991,251.7185622],
		[209.9321352,265.6473712],
		[209.9321352,391.0066524],
		[209.9321352,544.2235515],
		[126.3592811,223.8609442],
		[84.57285408,182.0745172],
		[140.2880901,126.3592811],
		[237.7897532,112.4304721],
		[293.5049893,182.0745172],
		[237.7897532,223.8609442],
		[182.0745172,98.50166309],
		[182.0745172,28.85761803]
	],
	"score": 1.908653585
}
