{
	"point": [
		[146.5087904,425.4006386],
		[134.3830579,316.2690458],
		[122.2573253,195.0117205],
		[158.6345229,219.2631856],
		[158.6345229,316.2690458],
		[158.6345229,425.4006386],
		[85.88012772,255.6403832],
		[98.00586026,170.7602554],
		[98.00586026,98.00586026],
		[170.7602554,98.00586026],
		[170.7602554,170.7602554],
		[219.2631856,243.5146506],
		[134.3830579,85.88012772],
		[134.3830579,25.25146506]
	],
	"score": 1.478732251
}
