{
	"point": [
		[117.9643451,520.8415337],
		[143.9564218,390.8811503],
		[143.9564218,273.9168052],
		[195.9405751,273.9168052],
		[195.9405751,403.8771886],
		[195.9405751,559.8296487],
		[117.9643451,299.9088819],
		[117.9643451,195.9405751],
		[117.9643451,117.9643451],
		[221.9326518,104.9683067],
		[260.9207668,182.9445368],
		[221.9326518,234.9286902],
		[169.9484984,91.97226839],
		[169.9484984,26.99207668]
	],
	"score": 1.223263208
}
