{
	"point": [
		[154.2168991,544.2235515],
		[140.2880901,418.8642704],
		[126.3592811,265.6473712],
		[168.1457082,307.4337983],
		[154.2168991,432.7930794],
		[168.1457082,544.2235515],
		[98.50166309,321.3626073],
		[112.4304721,209.9321352],
		[112.4304721,126.3592811],
		[209.9321352,112.4304721],
		[237.7897532,196.0033262],
		[196.0033262,237.7897532],
		[154.2168991,98.50166309],
		[154.2168991,28.85761803]
	],
	"score": 1.179196199
}
