{
	"point": {
		"_ArrayType_": "double",
		"_ArraySize_": [14,2,3],
		"_ArrayData_": [473.9035688,449.6521037,449.6521037,498.1550338,486.0293013,486.0293013,473.9035688,449.6521037,449.6521037,522.4064989,534.5322314,534.5322314,486.0293013,498.1550338,510.2807663,389.023441,267.7661157,267.7661157,389.023441,510.2807663,292.0175808,207.137453,122.2573253,146.5087904,231.3889181,316.2690458,110.1315928,37.3771976,65.98019171,65.98019171,65.98019171,156.9524601,156.9524601,143.9564218,26.99207668,52.98415337,65.98019171,156.9524601,169.9484984,169.9484984,104.9683067,104.9683067,533.837572,403.8771886,299.9088819,286.9128435,429.8692653,546.8336104,299.9088819,221.9326518,143.9564218,130.9603834,195.9405751,273.9168052,117.9643451,39.98811503,279.5761803,265.6473712,265.6473712,349.2202253,349.2202253,335.2914163,223.8609442,223.8609442,237.7897532,335.2914163,335.2914163,363.1490343,293.5049893,307.4337983,530.2947425,418.8642704,307.4337983,265.6473712,404.9354614,530.2947425,251.7185622,182.0745172,140.2880901,154.2168991,209.9321352,265.6473712,126.3592811,42.78642704]
	},
	"score": [0.3695017443,0.273341961,-0.01835983788]
}
