{
	"point": {
		"_ArrayType_": "double",
		"_ArraySize_": [14,2,2],
		"_ArrayData_": [196.0033262,182.0745172,182.0745172,251.7185622,237.7897532,223.8609442,154.2168991,154.2168991,168.1457082,265.6473712,279.5761803,279.5761803,223.8609442,223.8609442,544.2235515,418.8642704,265.6473712,265.6473712,418.8642704,544.2235515,321.3626073,209.9321352,112.4304721,126.3592811,209.9321352,307.4337983,98.50166309,28.85761803,361.1158834,361.1158834,361.1158834,395.4126342,395.4126342,386.8384465,343.967508,343.967508,352.5416957,412.5610096,412.5610096,412.5610096,378.2642588,378.2642588,283.9481941,223.9288802,163.9095663,163.9095663,241.0772556,309.6707572,189.6321294,138.1870032,78.1676893,78.1676893,138.1870032,146.7611909,69.5935016,26.7225631]
	},
	"score": [1.19086823,0.4075664414]
}
