{
	"point": [
		[130.9603834,546.8336104],
		[130.9603834,403.8771886],
		[117.9643451,247.9247285],
		[182.9445368,260.9207668],
		[195.9405751,403.8771886],
		[195.9405751,533.837572],
		[91.97226839,299.9088819],
		[104.9683067,208.9366135],
		[104.9683067,104.9683067],
		[195.9405751,104.9683067],
		[208.9366135,208.9366135],
		[208.9366135,312.9049202],
		[143.9564218,91.97226839],
		[143.9564218,26.99207668]
	],
	"score": 1.193378147
}
