{
	"point": [
		[182.0745172,544.2235515],
		[168.1457082,404.9354614],
		[168.1457082,265.6473712],
		[237.7897532,307.4337983],
		[237.7897532,432.7930794],
		[223.8609442,544.2235515],
		[140.2880901,321.3626073],
		[154.2168991,209.9321352],
		[154.2168991,126.3592811],
		[251.7185622,126.3592811],
		[279.5761803,182.0745172],
		[237.7897532,223.8609442],
		[196.0033262,98.50166309],
		[196.0033262,28.85761803]
	],
	"score": 1.094988585
}
