{
	"point": [
		[234.9286902,546.8336104],
		[208.9366135,416.8732269],
		[182.9445368,260.9207668],
		[234.9286902,234.9286902],
		[234.9286902,403.8771886],
		[208.9366135,546.8336104],
		[156.9524601,325.9009585],
		[169.9484984,221.9326518],
		[169.9484984,117.9643451],
		[273.9168052,117.9643451],
		[260.9207668,182.9445368],
		[286.9128435,260.9207668],
		[221.9326518,104.9683067],
		[221.9326518,39.98811503]
	],
	"score": 1.392407853
}
