{
	"point": [
		[120.4282229,553.355531],
		[90.57116719,418.9987802],
		[75.64263932,299.5705573],
		[150.2852786,284.6420294],
		[150.2852786,404.0702523],
		[120.4282229,553.355531],
		[60.71411146,359.2846688],
		[60.71411146,239.8564458],
		[60.71411146,135.3567508],
		[165.2138065,120.4282229],
		[180.1423344,195.0708622],
		[180.1423344,299.5705573],
		[105.4996951,105.4996951],
		[105.4996951,30.85705573]
	],
	"score": 1.430922406
}
