{
	"point": [
		[52.98415337,533.837572],
		[78.97623005,390.8811503],
		[91.97226839,260.9207668],
		[143.9564218,273.9168052],
		[143.9564218,403.8771886],
		[130.9603834,533.837572],
		[52.98415337,312.9049202],
		[65.98019171,208.9366135],
		[65.98019171,130.9603834],
		[169.9484984,117.9643451],
		[182.9445368,208.9366135],
		[182.9445368,312.9049202],
		[117.9643451,104.9683067],
		[117.9643451,39.98811503]
	],
	"score": 1.674899336
}
