{
	"point": [
		[154.2168991,558.1523605],
		[140.2880901,418.8642704],
		[112.4304721,279.5761803],
		[196.0033262,279.5761803],
		[182.0745172,418.8642704],
		[168.1457082,558.1523605],
		[70.64404506,265.6473712],
		[84.57285408,182.0745172],
		[112.4304721,112.4304721],
		[209.9321352,112.4304721],
		[223.8609442,196.0033262],
		[237.7897532,265.6473712],
		[154.2168991,98.50166309],
		[154.2168991,28.85761803]
	],
	"score": 1.113100681
}
