{
	"point": [
		[237.7897532,544.2235515],
		[209.9321352,391.0066524],
		[196.0033262,279.5761803],
		[279.5761803,251.7185622],
		[251.7185622,404.9354614],
		[251.7185622,544.2235515],
		[182.0745172,237.7897532],
		[126.3592811,182.0745172],
		[182.0745172,112.4304721],
		[293.5049893,112.4304721],
		[293.5049893,196.0033262],
		[307.4337983,307.4337983],
		[237.7897532,98.50166309],
		[237.7897532,28.85761803]
	],
	"score": 1.586102942
}
