{
	"point": [
		[130.9603834,520.8415337],
		[130.9603834,403.8771886],
		[117.9643451,247.9247285],
		[169.9484984,286.9128435],
		[169.9484984,416.8732269],
		[143.9564218,559.8296487],
		[91.97226839,299.9088819],
		[91.97226839,195.9405751],
		[91.97226839,104.9683067],
		[195.9405751,117.9643451],
		[247.9247285,182.9445368],
		[195.9405751,221.9326518],
		[143.9564218,91.97226839],
		[143.9564218,26.99207668]
	],
	"score": 1.231170052
}
