{
	"point": [
		[130.9603834,520.8415337],
		[117.9643451,403.8771886],
		[130.9603834,286.9128435],
		[169.9484984,286.9128435],
		[156.9524601,403.8771886],
		[143.9564218,520.8415337],
		[91.97226839,234.9286902],
		[52.98415337,182.9445368],
		[91.97226839,130.9603834],
		[182.9445368,130.9603834],
		[182.9445368,221.9326518],
		[208.9366135,286.9128435],
		[143.9564218,117.9643451],
		[143.9564218,39.98811503]
	],
	"score": 1.094061953
}
