{
	"point": {
		"_ArrayType_": "double",
		"_ArraySize_": [14,2,2],
		"_ArrayData_": [97,65,81,129,129,129,49,81,81,177,225,161,129,129,545,417,273,289,433,545,337,225,129,145,225,257,113,33,432.7930794,418.8642704,418.8642704,488.5083154,488.5083154,488.5083154,404.9354614,363.1490343,404.9354614,516.3659335,516.3659335,530.2947425,460.6506974,460.6506974,544.2235515,432.7930794,293.5049893,293.5049893,418.8642704,544.2235515,251.7185622,209.9321352,126.3592811,126.3592811,237.7897532,363.1490343,98.50166309,28.85761803]
	},
	"score": [1.158919876,0.8232968534]
}
