{
	"point": [
		[182.9445368,533.837572],
		[169.9484984,403.8771886],
		[169.9484984,273.9168052],
		[234.9286902,260.9207668],
		[221.9326518,416.8732269],
		[221.9326518,533.837572],
		[104.9683067,169.9484984],
		[143.9564218,221.9326518],
		[143.9564218,117.9643451],
		[247.9247285,104.9683067],
		[260.9207668,156.9524601],
		[247.9247285,247.9247285],
		[195.9405751,91.97226839],
		[195.9405751,26.99207668]
	],
	"score": 1.213157965
}
