{
	"point": [
		[251.7185622,558.1523605],
		[237.7897532,404.9354614],
		[237.7897532,237.7897532],
		[279.5761803,251.7185622],
		[279.5761803,404.9354614],
		[293.5049893,558.1523605],
		[196.0033262,293.5049893],
		[196.0033262,196.0033262],
		[182.0745172,98.50166309],
		[307.4337983,98.50166309],
		[349.2202253,168.1457082],
		[293.5049893,209.9321352],
		[237.7897532,84.57285408],
		[223.8609442,14.92880901]
	],
	"score": 1.11101551
}
