{
	"point": [
		[117.9643451,559.8296487],
		[117.9643451,416.8732269],
		[91.97226839,260.9207668],
		[143.9564218,260.9207668],
		[130.9603834,403.8771886],
		[117.9643451,559.8296487],
		[52.98415337,299.9088819],
		[65.98019171,221.9326518],
		[65.98019171,130.9603834],
		[169.9484984,130.9603834],
		[169.9484984,221.9326518],
		[169.9484984,325.9009585],
		[117.9643451,104.9683067],
		[117.9643451,39.98811503]
	],
	"score": 1.050540893
}
