{
	"point": [
		[196.0033262,544.2235515],
		[196.0033262,404.9354614],
		[182.0745172,265.6473712],
		[251.7185622,279.5761803],
		[251.7185622,404.9354614],
		[237.7897532,544.2235515],
		[182.0745172,237.7897532],
		[168.1457082,154.2168991],
		[168.1457082,98.50166309],
		[279.5761803,98.50166309],
		[279.5761803,182.0745172],
		[265.6473712,251.7185622],
		[223.8609442,70.64404506],
		[223.8609442,28.85761803]
	],
	"score": 1.289782951
}
