{
	"point": [
		[284.6420294,538.4270031],
		[284.6420294,448.8558359],
		[269.7135016,299.5705573],
		[314.4990852,314.4990852],
		[299.5705573,448.8558359],
		[284.6420294,553.355531],
		[224.927918,344.3561409],
		[239.8564458,239.8564458],
		[254.7849737,150.2852786],
		[359.2846688,150.2852786],
		[404.0702523,224.927918],
		[344.3561409,269.7135016],
		[299.5705573,120.4282229],
		[299.5705573,45.78558359]
	],
	"score": 1.044814295
}
