{
	"point": [
		[182.0745172,544.2235515],
		[168.1457082,391.0066524],
		[168.1457082,265.6473712],
		[223.8609442,265.6473712],
		[209.9321352,404.9354614],
		[196.0033262,544.2235515],
		[126.3592811,321.3626073],
		[126.3592811,209.9321352],
		[126.3592811,112.4304721],
		[223.8609442,112.4304721],
		[237.7897532,182.0745172],
		[265.6473712,265.6473712],
		[182.0745172,98.50166309],
		[182.0745172,28.85761803]
	],
	"score": 1.760487641
}
