{
	"point": [
		[196.0033262,544.2235515],
		[182.0745172,404.9354614],
		[168.1457082,279.5761803],
		[237.7897532,237.7897532],
		[237.7897532,391.0066524],
		[237.7897532,502.4371245],
		[140.2880901,321.3626073],
		[140.2880901,223.8609442],
		[140.2880901,126.3592811],
		[251.7185622,112.4304721],
		[265.6473712,209.9321352],
		[265.6473712,307.4337983],
		[196.0033262,98.50166309],
		[182.0745172,28.85761803]
	],
	"score": 1.234351907
}
