{
	"point": [
		[169.9484984,546.8336104],
		[169.9484984,390.8811503],
		[169.9484984,260.9207668],
		[221.9326518,273.9168052],
		[221.9326518,390.8811503],
		[208.9366135,546.8336104],
		[143.9564218,286.9128435],
		[130.9603834,182.9445368],
		[143.9564218,104.9683067],
		[260.9207668,130.9603834],
		[312.9049202,208.9366135],
		[273.9168052,234.9286902],
		[195.9405751,91.97226839],
		[195.9405751,26.99207668]
	],
	"score": 1.3929822
}
