{
	"point": [
		[154.2168991,544.2235515],
		[154.2168991,404.9354614],
		[126.3592811,265.6473712],
		[196.0033262,251.7185622],
		[182.0745172,404.9354614],
		[154.2168991,558.1523605],
		[98.50166309,293.5049893],
		[112.4304721,209.9321352],
		[112.4304721,112.4304721],
		[223.8609442,126.3592811],
		[223.8609442,223.8609442],
		[237.7897532,307.4337983],
		[168.1457082,98.50166309],
		[168.1457082,28.85761803]
	],
	"score": 1.150028239
}
