{
	"point": [
		[209.9321352,558.1523605],
		[196.0033262,432.7930794],
		[196.0033262,265.6473712],
		[237.7897532,265.6473712],
		[237.7897532,418.8642704],
		[265.6473712,544.2235515],
		[168.1457082,237.7897532],
		[140.2880901,182.0745172],
		[182.0745172,98.50166309],
		[293.5049893,98.50166309],
		[349.2202253,182.0745172],
		[279.5761803,237.7897532],
		[237.7897532,84.57285408],
		[237.7897532,14.92880901]
	],
	"score": 1.040742488
}
