{
	"point": [
		[140.2880901,544.2235515],
		[168.1457082,404.9354614],
		[196.0033262,265.6473712],
		[251.7185622,279.5761803],
		[237.7897532,404.9354614],
		[237.7897532,530.2947425],
		[168.1457082,293.5049893],
		[182.0745172,209.9321352],
		[168.1457082,112.4304721],
		[279.5761803,112.4304721],
		[307.4337983,168.1457082],
		[265.6473712,209.9321352],
		[223.8609442,84.57285408],
		[209.9321352,28.85761803]
	],
	"score": 1.254688091
}
