{
	"point": [
		[126.3592811,544.2235515],
		[112.4304721,418.8642704],
		[98.50166309,279.5761803],
		[154.2168991,265.6473712],
		[154.2168991,404.9354614],
		[140.2880901,544.2235515],
		[70.64404506,293.5049893],
		[70.64404506,196.0033262],
		[70.64404506,126.3592811],
		[182.0745172,126.3592811],
		[196.0033262,209.9321352],
		[168.1457082,293.5049893],
		[126.3592811,98.50166309],
		[126.3592811,28.85761803]
	],
	"score": 1.326741704
}
