{
	"point": [
		[146.5087904,498.1550338],
		[134.3830579,389.023441],
		[134.3830579,243.5146506],
		[182.885988,267.7661157],
		[170.7602554,389.023441],
		[158.6345229,498.1550338],
		[98.00586026,267.7661157],
		[98.00586026,182.885988],
		[122.2573253,98.00586026],
		[219.2631856,122.2573253],
		[219.2631856,219.2631856],
		[219.2631856,304.1433133],
		[182.885988,98.00586026],
		[182.885988,37.3771976]
	],
	"score": 1.169501948
}
