{
	"point": [
		[223.8609442,530.2947425],
		[196.0033262,404.9354614],
		[182.0745172,265.6473712],
		[251.7185622,279.5761803],
		[237.7897532,418.8642704],
		[209.9321352,558.1523605],
		[140.2880901,307.4337983],
		[140.2880901,196.0033262],
		[168.1457082,98.50166309],
		[279.5761803,112.4304721],
		[279.5761803,209.9321352],
		[279.5761803,307.4337983],
		[223.8609442,84.57285408],
		[223.8609442,14.92880901]
	],
	"score": 1.041195885
}
