{
	"point": [
		[126.3592811,558.1523605],
		[154.2168991,418.8642704],
		[154.2168991,293.5049893],
		[209.9321352,293.5049893],
		[209.9321352,418.8642704],
		[209.9321352,544.2235515],
		[140.2880901,265.6473712],
		[154.2168991,182.0745172],
		[154.2168991,112.4304721],
		[251.7185622,112.4304721],
		[251.7185622,209.9321352],
		[265.6473712,307.4337983],
		[196.0033262,84.57285408],
		[182.0745172,28.85761803]
	],
	"score": 1.061453378
}
