{
	"point": [
		[170.7602554,546.6579639],
		[170.7602554,413.2749061],
		[170.7602554,279.8918482],
		[231.3889181,292.0175808],
		[219.2631856,413.2749061],
		[207.137453,558.7836965],
		[98.00586026,255.6403832],
		[134.3830579,182.885988],
		[146.5087904,110.1315928],
		[243.5146506,110.1315928],
		[267.7661157,182.885988],
		[231.3889181,243.5146506],
		[195.0117205,85.88012772],
		[182.885988,25.25146506]
	],
	"score": 1.142135394
}
