{
	"point": [
		[130.9603834,533.837572],
		[130.9603834,403.8771886],
		[117.9643451,234.9286902],
		[169.9484984,273.9168052],
		[169.9484984,403.8771886],
		[156.9524601,546.8336104],
		[91.97226839,273.9168052],
		[91.97226839,182.9445368],
		[91.97226839,104.9683067],
		[208.9366135,104.9683067],
		[195.9405751,208.9366135],
		[208.9366135,312.9049202],
		[156.9524601,91.97226839],
		[156.9524601,26.99207668]
	],
	"score": 1.456559024
}
