{
	"point": [
		[156.9524601,507.8454953],
		[169.9484984,403.8771886],
		[169.9484984,286.9128435],
		[221.9326518,286.9128435],
		[221.9326518,403.8771886],
		[208.9366135,520.8415337],
		[143.9564218,182.9445368],
		[130.9603834,195.9405751],
		[143.9564218,117.9643451],
		[234.9286902,117.9643451],
		[247.9247285,195.9405751],
		[208.9366135,247.9247285],
		[182.9445368,104.9683067],
		[182.9445368,39.98811503]
	],
	"score": 1.553525663
}
