{
	"point": [
		[195.9405751,507.8454953],
		[195.9405751,390.8811503],
		[169.9484984,260.9207668],
		[234.9286902,273.9168052],
		[195.9405751,390.8811503],
		[195.9405751,546.8336104],
		[117.9643451,273.9168052],
		[130.9603834,208.9366135],
		[156.9524601,130.9603834],
		[247.9247285,130.9603834],
		[260.9207668,208.9366135],
		[260.9207668,299.9088819],
		[208.9366135,104.9683067],
		[208.9366135,39.98811503]
	],
	"score": 1.112727385
}
