{
	"point": [
		[219.2631856,534.5322314],
		[195.0117205,401.1491736],
		[195.0117205,279.8918482],
		[243.5146506,267.7661157],
		[231.3889181,413.2749061],
		[231.3889181,534.5322314],
		[158.6345229,304.1433133],
		[146.5087904,219.2631856],
		[158.6345229,122.2573253],
		[255.6403832,122.2573253],
		[255.6403832,219.2631856],
		[255.6403832,292.0175808],
		[207.137453,110.1315928],
		[207.137453,37.3771976]
	],
	"score": 1.086545683
}
