{
	"point": [
		[91.50966799,510.1168825],
		[68.88225099,374.3523805],
		[68.88225099,249.901587],
		[114.137085,272.529004],
		[102.8233765,385.666089],
		[91.50966799,510.1168825],
		[46.254834,272.529004],
		[46.254834,193.3330445],
		[46.254834,114.137085],
		[125.4507935,125.4507935],
		[136.764502,193.3330445],
		[102.8233765,238.5878785],
		[91.50966799,102.8233765],
		[91.50966799,34.9411255]
	],
	"score": 1.00427768
}
