{
	"point": [
		[143.9564218,546.8336104],
		[130.9603834,403.8771886],
		[117.9643451,273.9168052],
		[182.9445368,273.9168052],
		[182.9445368,416.8732269],
		[169.9484984,546.8336104],
		[91.97226839,312.9049202],
		[91.97226839,208.9366135],
		[104.9683067,117.9643451],
		[195.9405751,117.9643451],
		[221.9326518,195.9405751],
		[195.9405751,247.9247285],
		[143.9564218,91.97226839],
		[143.9564218,26.99207668]
	],
	"score": 1.532826737
}
