{
	"point": [
		[221.9326518,533.837572],
		[208.9366135,390.8811503],
		[208.9366135,247.9247285],
		[273.9168052,260.9207668],
		[247.9247285,390.8811503],
		[234.9286902,533.837572],
		[182.9445368,286.9128435],
		[182.9445368,182.9445368],
		[182.9445368,91.97226839],
		[286.9128435,104.9683067],
		[286.9128435,195.9405751],
		[312.9049202,286.9128435],
		[247.9247285,78.97623005],
		[247.9247285,13.99603834]
	],
	"score": 1.165300899
}
