{
	"point": [
		[182.9445368,546.8336104],
		[169.9484984,403.8771886],
		[156.9524601,247.9247285],
		[221.9326518,286.9128435],
		[221.9326518,416.8732269],
		[221.9326518,546.8336104],
		[130.9603834,273.9168052],
		[156.9524601,195.9405751],
		[156.9524601,117.9643451],
		[247.9247285,117.9643451],
		[247.9247285,195.9405751],
		[247.9247285,260.9207668],
		[208.9366135,91.97226839],
		[195.9405751,26.99207668]
	],
	"score": 1.123984419
}
