{
	"point": [
		[182.0745172,544.2235515],
		[182.0745172,404.9354614],
		[182.0745172,265.6473712],
		[237.7897532,251.7185622],
		[223.8609442,404.9354614],
		[223.8609442,544.2235515],
		[154.2168991,307.4337983],
		[140.2880901,209.9321352],
		[154.2168991,112.4304721],
		[251.7185622,126.3592811],
		[265.6473712,140.2880901],
		[265.6473712,209.9321352],
		[209.9321352,112.4304721],
		[209.9321352,42.78642704]
	],
	"score": 1.414370547
}
