{
	"point": [
		[195.9405751,546.8336104],
		[182.9445368,416.8732269],
		[182.9445368,286.9128435],
		[247.9247285,286.9128435],
		[247.9247285,416.8732269],
		[234.9286902,546.8336104],
		[156.9524601,234.9286902],
		[117.9643451,182.9445368],
		[169.9484984,117.9643451],
		[273.9168052,117.9643451],
		[273.9168052,182.9445368],
		[260.9207668,221.9326518],
		[221.9326518,91.97226839],
		[221.9326518,26.99207668]
	],
	"score": 1.459063091
}
