{
	"point": [
		[180.1423344,553.355531],
		[180.1423344,389.1417245],
		[180.1423344,224.927918],
		[224.927918,254.7849737],
		[224.927918,389.1417245],
		[224.927918,553.355531],
		[150.2852786,284.6420294],
		[150.2852786,180.1423344],
		[165.2138065,90.57116719],
		[269.7135016,105.4996951],
		[314.4990852,180.1423344],
		[269.7135016,209.9993901],
		[224.927918,90.57116719],
		[239.8564458,30.85705573]
	],
	"score": 1.610589587
}
