{
	"point": [
		[265.6473712,558.1523605],
		[251.7185622,404.9354614],
		[251.7185622,251.7185622],
		[307.4337983,293.5049893],
		[307.4337983,418.8642704],
		[307.4337983,558.1523605],
		[223.8609442,307.4337983],
		[223.8609442,196.0033262],
		[237.7897532,98.50166309],
		[349.2202253,112.4304721],
		[349.2202253,196.0033262],
		[349.2202253,321.3626073],
		[293.5049893,84.57285408],
		[293.5049893,14.92880901]
	],
	"score": 1.411500062
}
