{
	"point": [
		[140.2880901,558.1523605],
		[126.3592811,418.8642704],
		[126.3592811,279.5761803],
		[168.1457082,251.7185622],
		[168.1457082,418.8642704],
		[168.1457082,558.1523605],
		[84.57285408,321.3626073],
		[98.50166309,209.9321352],
		[98.50166309,112.4304721],
		[209.9321352,112.4304721],
		[209.9321352,168.1457082],
		[209.9321352,251.7185622],
		[154.2168991,84.57285408],
		[140.2880901,28.85761803]
	],
	"score": 1.211848446
}
