{
	"point": [
		[135.3567508,553.355531],
		[120.4282229,404.0702523],
		[120.4282229,284.6420294],
		[180.1423344,269.7135016],
		[180.1423344,404.0702523],
		[180.1423344,553.355531],
		[90.57116719,314.4990852],
		[90.57116719,209.9993901],
		[105.4996951,105.4996951],
		[209.9993901,120.4282229],
		[224.927918,209.9993901],
		[224.927918,314.4990852],
		[150.2852786,90.57116719],
		[150.2852786,30.85705573]
	],
	"score": 1.338065089
}
