{
	"point": [
		[267.7661157,558.7836965],
		[255.6403832,425.4006386],
		[231.3889181,279.8918482],
		[304.1433133,292.0175808],
		[304.1433133,425.4006386],
		[292.0175808,558.7836965],
		[170.7602554,134.3830579],
		[195.0117205,182.885988],
		[231.3889181,110.1315928],
		[328.3947784,110.1315928],
		[376.8977085,182.885988],
		[328.3947784,231.3889181],
		[279.8918482,85.88012772],
		[279.8918482,25.25146506]
	],
	"score": 1.196709381
}
