{
	"point": [
		[140.2880901,544.2235515],
		[126.3592811,418.8642704],
		[98.50166309,293.5049893],
		[154.2168991,293.5049893],
		[154.2168991,446.7218884],
		[154.2168991,544.2235515],
		[70.64404506,265.6473712],
		[42.78642704,209.9321352],
		[70.64404506,140.2880901],
		[196.0033262,126.3592811],
		[182.0745172,182.0745172],
		[168.1457082,98.50166309],
		[140.2880901,112.4304721],
		[140.2880901,28.85761803]
	],
	"score": 1.28998793
}
