{
	"point": [
		[170.7602554,486.0293013],
		[146.5087904,376.8977085],
		[146.5087904,279.8918482],
		[195.0117205,243.5146506],
		[182.885988,389.023441],
		[170.7602554,498.1550338],
		[110.1315928,219.2631856],
		[122.2573253,170.7602554],
		[122.2573253,110.1315928],
		[219.2631856,110.1315928],
		[231.3889181,182.885988],
		[231.3889181,267.7661157],
		[170.7602554,85.88012772],
		[170.7602554,25.25146506]
	],
	"score": 1.347722661
}
