{
	"point": [
		[223.8609442,544.2235515],
		[209.9321352,404.9354614],
		[196.0033262,265.6473712],
		[251.7185622,251.7185622],
		[251.7185622,404.9354614],
		[251.7185622,544.2235515],
		[168.1457082,307.4337983],
		[168.1457082,209.9321352],
		[182.0745172,112.4304721],
		[279.5761803,98.50166309],
		[279.5761803,182.0745172],
		[293.5049893,293.5049893],
		[223.8609442,84.57285408],
		[223.8609442,28.85761803]
	],
	"score": 1.461701238
}
