{
	"point": [
		[182.0745172,516.3659335],
		[168.1457082,391.0066524],
		[154.2168991,237.7897532],
		[209.9321352,265.6473712],
		[209.9321352,404.9354614],
		[182.0745172,558.1523605],
		[126.3592811,293.5049893],
		[112.4304721,209.9321352],
		[126.3592811,112.4304721],
		[237.7897532,112.4304721],
		[223.8609442,182.0745172],
		[223.8609442,279.5761803],
		[182.0745172,98.50166309],
		[182.0745172,28.85761803]
	],
	"score": 1.475202984
}
