{
	"point": [
		[122.2573253,546.6579639],
		[110.1315928,425.4006386],
		[98.00586026,316.2690458],
		[158.6345229,316.2690458],
		[158.6345229,425.4006386],
		[146.5087904,546.6579639],
		[49.50293013,328.3947784],
		[73.75439519,267.7661157],
		[98.00586026,207.137453],
		[182.885988,195.0117205],
		[195.0117205,267.7661157],
		[195.0117205,352.6462434],
		[134.3830579,182.885988],
		[134.3830579,122.2573253]
	],
	"score": 1.890687129
}
