{
	"point": [
		[140.2880901,558.1523605],
		[126.3592811,418.8642704],
		[98.50166309,279.5761803],
		[168.1457082,251.7185622],
		[168.1457082,418.8642704],
		[168.1457082,558.1523605],
		[70.64404506,335.2914163],
		[70.64404506,237.7897532],
		[70.64404506,140.2880901],
		[182.0745172,126.3592811],
		[196.0033262,209.9321352],
		[209.9321352,293.5049893],
		[126.3592811,126.3592811],
		[126.3592811,28.85761803]
	],
	"score": 1.748386722
}
