{
	"point": [
		[182.0745172,544.2235515],
		[223.8609442,404.9354614],
		[237.7897532,279.5761803],
		[293.5049893,265.6473712],
		[279.5761803,418.8642704],
		[279.5761803,558.1523605],
		[209.9321352,279.5761803],
		[209.9321352,196.0033262],
		[237.7897532,112.4304721],
		[335.2914163,112.4304721],
		[307.4337983,196.0033262],
		[307.4337983,209.9321352],
		[293.5049893,98.50166309],
		[293.5049893,28.85761803]
	],
	"score": 1.263959897
}
