{
	"point": [
		[196.0033262,558.1523605],
		[168.1457082,404.9354614],
		[154.2168991,251.7185622],
		[209.9321352,265.6473712],
		[196.0033262,404.9354614],
		[196.0033262,558.1523605],
		[126.3592811,279.5761803],
		[140.2880901,182.0745172],
		[140.2880901,112.4304721],
		[237.7897532,98.50166309],
		[251.7185622,209.9321352],
		[251.7185622,307.4337983],
		[182.0745172,84.57285408],
		[182.0745172,28.85761803]
	],
	"score": 1.167658289
}
