{
	"point": [
		[182.0745172,544.2235515],
		[168.1457082,418.8642704],
		[168.1457082,293.5049893],
		[223.8609442,293.5049893],
		[223.8609442,418.8642704],
		[209.9321352,544.2235515],
		[140.2880901,237.7897532],
		[98.50166309,196.0033262],
		[154.2168991,126.3592811],
		[251.7185622,126.3592811],
		[307.4337983,196.0033262],
		[237.7897532,237.7897532],
		[196.0033262,98.50166309],
		[196.0033262,28.85761803]
	],
	"score": 1.06979222
}
