{
	"point": [
		[135.3567508,538.4270031],
		[120.4282229,418.9987802],
		[120.4282229,284.6420294],
		[165.2138065,299.5705573],
		[165.2138065,433.9273081],
		[165.2138065,553.355531],
		[90.57116719,329.427613],
		[90.57116719,224.927918],
		[90.57116719,135.3567508],
		[209.9993901,120.4282229],
		[224.927918,224.927918],
		[180.1423344,269.7135016],
		[150.2852786,105.4996951],
		[150.2852786,30.85705573]
	],
	"score": 2.107462195
}
