{
	"point": [
		[224.927918,553.355531],
		[224.927918,418.9987802],
		[224.927918,254.7849737],
		[269.7135016,269.7135016],
		[239.8564458,404.0702523],
		[224.927918,553.355531],
		[180.1423344,299.5705573],
		[209.9993901,209.9993901],
		[224.927918,105.4996951],
		[314.4990852,105.4996951],
		[374.2131966,180.1423344],
		[299.5705573,224.927918],
		[269.7135016,90.57116719],
		[269.7135016,15.92852786]
	],
	"score": 1.078189005
}
