{
	"point": [
		[150.2852786,553.355531],
		[120.4282229,418.9987802],
		[120.4282229,239.8564458],
		[180.1423344,269.7135016],
		[180.1423344,433.9273081],
		[180.1423344,553.355531],
		[90.57116719,314.4990852],
		[105.4996951,209.9993901],
		[105.4996951,105.4996951],
		[209.9993901,105.4996951],
		[209.9993901,209.9993901],
		[209.9993901,314.4990852],
		[150.2852786,90.57116719],
		[150.2852786,15.92852786]
	],
	"score": 1.255928174
}
