{
	"point": [
		[182.885988,510.2807663],
		[182.885988,401.1491736],
		[158.6345229,255.6403832],
		[219.2631856,255.6403832],
		[219.2631856,389.023441],
		[195.0117205,510.2807663],
		[134.3830579,279.8918482],
		[134.3830579,195.0117205],
		[134.3830579,122.2573253],
		[231.3889181,122.2573253],
		[243.5146506,207.137453],
		[255.6403832,292.0175808],
		[182.885988,98.00586026],
		[182.885988,37.3771976]
	],
	"score": 1.233533996
}
