{
	"point": [
		[260.9207668,494.849457],
		[208.9366135,390.8811503],
		[156.9524601,247.9247285],
		[208.9366135,273.9168052],
		[208.9366135,390.8811503],
		[182.9445368,507.8454953],
		[104.9683067,286.9128435],
		[143.9564218,208.9366135],
		[169.9484984,130.9603834],
		[247.9247285,130.9603834],
		[260.9207668,221.9326518],
		[247.9247285,312.9049202],
		[208.9366135,104.9683067],
		[208.9366135,39.98811503]
	],
	"score": 1.266937247
}
