{
	"point": [
		[168.1457082,544.2235515],
		[154.2168991,404.9354614],
		[140.2880901,265.6473712],
		[209.9321352,251.7185622],
		[196.0033262,404.9354614],
		[182.0745172,544.2235515],
		[126.3592811,279.5761803],
		[126.3592811,168.1457082],
		[140.2880901,112.4304721],
		[251.7185622,126.3592811],
		[237.7897532,223.8609442],
		[237.7897532,321.3626073],
		[196.0033262,112.4304721],
		[196.0033262,28.85761803]
	],
	"score": 1.20371675
}
