{
	"point": {
		"_ArrayType_": "double",
		"_ArraySize_": [14,2,2],
		"_ArrayData_": [130.9603834,117.9643451,104.9683067,156.9524601,143.9564218,130.9603834,78.97623005,91.97226839,104.9683067,195.9405751,208.9366135,234.9286902,143.9564218,143.9564218,546.8336104,390.8811503,260.9207668,299.9088819,416.8732269,559.8296487,325.9009585,221.9326518,130.9603834,130.9603834,208.9366135,273.9168052,104.9683067,26.99207668,43.8709385,43.8709385,35.2967508,78.1676893,86.741877,35.2967508,18.1483754,35.2967508,35.2967508,78.1676893,86.741877,52.4451262,61.0193139,61.0193139,309.6707572,232.5030679,155.3353786,189.6321294,266.7998187,343.967508,189.6321294,138.1870032,95.3160647,95.3160647,95.3160647,112.4644401,78.1676893,26.7225631]
	},
	"score": [1.019158566,0.3164813797]
}
