{
	"point": [
		[182.0745172,530.2947425],
		[182.0745172,404.9354614],
		[182.0745172,279.5761803],
		[209.9321352,265.6473712],
		[223.8609442,418.8642704],
		[209.9321352,530.2947425],
		[154.2168991,307.4337983],
		[154.2168991,209.9321352],
		[140.2880901,126.3592811],
		[237.7897532,126.3592811],
		[293.5049893,196.0033262],
		[237.7897532,223.8609442],
		[196.0033262,112.4304721],
		[196.0033262,42.78642704]
	],
	"score": 1.621237875
}
