{
	"point": [
		[168.1457082,544.2235515],
		[154.2168991,418.8642704],
		[154.2168991,307.4337983],
		[209.9321352,293.5049893],
		[196.0033262,432.7930794],
		[168.1457082,558.1523605],
		[126.3592811,279.5761803],
		[126.3592811,209.9321352],
		[154.2168991,140.2880901],
		[251.7185622,140.2880901],
		[251.7185622,223.8609442],
		[251.7185622,321.3626073],
		[196.0033262,112.4304721],
		[196.0033262,42.78642704]
	],
	"score": 1.221588272
}
