{
	"point": {
		"_ArrayType_": "double",
		"_ArraySize_": [14,2,2],
		"_ArrayData_": [84.57285408,98.50166309,70.64404506,140.2880901,126.3592811,112.4304721,56.71523605,28.85761803,56.71523605,168.1457082,182.0745172,182.0745172,112.4304721,112.4304721,558.1523605,418.8642704,279.5761803,265.6473712,404.9354614,530.2947425,251.7185622,196.0033262,126.3592811,126.3592811,223.8609442,321.3626073,98.50166309,28.85761803,488.5083154,474.5795064,460.6506974,516.3659335,502.4371245,502.4371245,418.8642704,418.8642704,446.7218884,558.1523605,544.2235515,544.2235515,502.4371245,502.4371245,544.2235515,418.8642704,307.4337983,265.6473712,418.8642704,572.0811695,321.3626073,223.8609442,126.3592811,126.3592811,237.7897532,335.2914163,98.50166309,28.85761803]
	},
	"score": [0.9072337786,0.4039249117]
}
