{
	"point": [
		[143.9564218,533.837572],
		[130.9603834,403.8771886],
		[117.9643451,247.9247285],
		[169.9484984,273.9168052],
		[169.9484984,416.8732269],
		[169.9484984,546.8336104],
		[91.97226839,312.9049202],
		[91.97226839,208.9366135],
		[104.9683067,117.9643451],
		[208.9366135,104.9683067],
		[208.9366135,169.9484984],
		[182.9445368,195.9405751],
		[156.9524601,91.97226839],
		[156.9524601,13.99603834]
	],
	"score": 1.705053173
}
