{
	"point": [
		[196.0033262,544.2235515],
		[182.0745172,418.8642704],
		[182.0745172,265.6473712],
		[237.7897532,279.5761803],
		[223.8609442,404.9354614],
		[209.9321352,544.2235515],
		[126.3592811,293.5049893],
		[154.2168991,196.0033262],
		[168.1457082,112.4304721],
		[265.6473712,112.4304721],
		[307.4337983,196.0033262],
		[251.7185622,237.7897532],
		[223.8609442,98.50166309],
		[223.8609442,28.85761803]
	],
	"score": 1.757456504
}
