{
	"point": [
		[182.9445368,559.8296487],
		[182.9445368,416.8732269],
		[182.9445368,260.9207668],
		[234.9286902,286.9128435],
		[221.9326518,416.8732269],
		[208.9366135,559.8296487],
		[143.9564218,312.9049202],
		[143.9564218,208.9366135],
		[156.9524601,104.9683067],
		[247.9247285,117.9643451],
		[247.9247285,169.9484984],
		[247.9247285,91.97226839],
		[208.9366135,91.97226839],
		[208.9366135,26.99207668]
	],
	"score": 1.233515705
}
