{
	"point": [
		[140.2880901,544.2235515],
		[126.3592811,418.8642704],
		[112.4304721,265.6473712],
		[168.1457082,279.5761803],
		[168.1457082,418.8642704],
		[168.1457082,558.1523605],
		[84.57285408,307.4337983],
		[84.57285408,196.0033262],
		[98.50166309,112.4304721],
		[209.9321352,112.4304721],
		[209.9321352,209.9321352],
		[209.9321352,307.4337983],
		[154.2168991,84.57285408],
		[154.2168991,14.92880901]
	],
	"score": 1.567613818
}
