{
	"point": [
		[195.9405751,546.8336104],
		[182.9445368,403.8771886],
		[169.9484984,247.9247285],
		[221.9326518,273.9168052],
		[221.9326518,416.8732269],
		[195.9405751,559.8296487],
		[143.9564218,286.9128435],
		[143.9564218,195.9405751],
		[143.9564218,104.9683067],
		[260.9207668,104.9683067],
		[247.9247285,182.9445368],
		[247.9247285,247.9247285],
		[208.9366135,91.97226839],
		[208.9366135,26.99207668]
	],
	"score": 1.189613438
}
