{
	"point": [
		[135.3567508,553.355531],
		[120.4282229,418.9987802],
		[105.4996951,269.7135016],
		[195.0708622,269.7135016],
		[195.0708622,418.9987802],
		[209.9993901,538.4270031],
		[75.64263932,329.427613],
		[90.57116719,224.927918],
		[105.4996951,120.4282229],
		[209.9993901,105.4996951],
		[239.8564458,195.0708622],
		[195.0708622,254.7849737],
		[150.2852786,90.57116719],
		[150.2852786,30.85705573]
	],
	"score": 1.019904397
}
