{
	"point": [
		[182.9445368,507.8454953],
		[169.9484984,390.8811503],
		[156.9524601,286.9128435],
		[208.9366135,286.9128435],
		[221.9326518,390.8811503],
		[208.9366135,520.8415337],
		[130.9603834,299.9088819],
		[117.9643451,208.9366135],
		[143.9564218,130.9603834],
		[234.9286902,130.9603834],
		[234.9286902,195.9405751],
		[234.9286902,312.9049202],
		[195.9405751,104.9683067],
		[195.9405751,39.98811503]
	],
	"score": 1.374402676
}
