{
	"point": [
		[221.9326518,546.8336104],
		[208.9366135,403.8771886],
		[208.9366135,247.9247285],
		[273.9168052,286.9128435],
		[247.9247285,442.8653036],
		[234.9286902,559.8296487],
		[156.9524601,312.9049202],
		[182.9445368,208.9366135],
		[195.9405751,117.9643451],
		[299.9088819,117.9643451],
		[299.9088819,221.9326518],
		[312.9049202,312.9049202],
		[247.9247285,91.97226839],
		[247.9247285,26.99207668]
	],
	"score": 1.049110117
}
