{
	"point": [
		[208.9366135,546.8336104],
		[182.9445368,403.8771886],
		[182.9445368,273.9168052],
		[234.9286902,273.9168052],
		[234.9286902,429.8692653],
		[234.9286902,559.8296487],
		[143.9564218,312.9049202],
		[156.9524601,208.9366135],
		[169.9484984,117.9643451],
		[273.9168052,104.9683067],
		[286.9128435,208.9366135],
		[273.9168052,312.9049202],
		[208.9366135,91.97226839],
		[208.9366135,26.99207668]
	],
	"score": 1.9660901
}
