{
	"point": [
		[168.1457082,544.2235515],
		[168.1457082,404.9354614],
		[154.2168991,265.6473712],
		[209.9321352,265.6473712],
		[209.9321352,404.9354614],
		[209.9321352,544.2235515],
		[126.3592811,265.6473712],
		[126.3592811,209.9321352],
		[140.2880901,140.2880901],
		[237.7897532,140.2880901],
		[237.7897532,237.7897532],
		[237.7897532,307.4337983],
		[182.0745172,112.4304721],
		[182.0745172,42.78642704]
	],
	"score": 1.291189428
}
