{
	"point": [
		[196.0033262,544.2235515],
		[182.0745172,404.9354614],
		[182.0745172,279.5761803],
		[237.7897532,265.6473712],
		[223.8609442,404.9354614],
		[196.0033262,558.1523605],
		[154.2168991,237.7897532],
		[112.4304721,182.0745172],
		[154.2168991,126.3592811],
		[251.7185622,112.4304721],
		[265.6473712,209.9321352],
		[265.6473712,307.4337983],
		[196.0033262,98.50166309],
		[196.0033262,28.85761803]
	],
	"score": 1.78069416
}
