{
	"point": [
		[182.9445368,520.8415337],
		[169.9484984,390.8811503],
		[169.9484984,260.9207668],
		[234.9286902,260.9207668],
		[221.9326518,390.8811503],
		[208.9366135,520.8415337],
		[143.9564218,286.9128435],
		[143.9564218,208.9366135],
		[143.9564218,117.9643451],
		[247.9247285,117.9643451],
		[260.9207668,208.9366135],
		[260.9207668,286.9128435],
		[195.9405751,91.97226839],
		[195.9405751,26.99207668]
	],
	"score": 2.457904524
}
