{
	"point": [
		[135.3567508,553.355531],
		[120.4282229,418.9987802],
		[105.4996951,269.7135016],
		[165.2138065,284.6420294],
		[150.2852786,433.9273081],
		[150.2852786,553.355531],
		[75.64263932,329.427613],
		[90.57116719,224.927918],
		[75.64263932,135.3567508],
		[195.0708622,120.4282229],
		[209.9993901,224.927918],
		[209.9993901,344.3561409],
		[135.3567508,105.4996951],
		[135.3567508,30.85705573]
	],
	"score": 1.059581656
}
