{
	"point": {
		"_ArrayType_": "double",
		"_ArraySize_": [14,2,2],
		"_ArrayData_": [234.9286902,260.9207668,234.9286902,286.9128435,273.9168052,247.9247285,195.9405751,195.9405751,208.9366135,299.9088819,312.9049202,312.9049202,260.9207668,273.9168052,546.8336104,390.8811503,234.9286902,247.9247285,377.8851119,494.849457,273.9168052,182.9445368,104.9683067,117.9643451,195.9405751,286.9128435,91.97226839,26.99207668,413.2749061,401.1491736,401.1491736,437.5263712,425.4006386,376.8977085,364.771976,364.771976,364.771976,449.6521037,449.6521037,449.6521037,413.2749061,413.2749061,522.4064989,376.8977085,255.6403832,231.3889181,352.6462434,473.9035688,292.0175808,207.137453,122.2573253,110.1315928,158.6345229,231.3889181,98.00586026,37.3771976]
	},
	"score": [0.1941730799,-0.03291390945]
}
