{
	"point": [
		[196.0033262,544.2235515],
		[168.1457082,391.0066524],
		[168.1457082,251.7185622],
		[237.7897532,265.6473712],
		[209.9321352,404.9354614],
		[209.9321352,544.2235515],
		[140.2880901,223.8609442],
		[84.57285408,168.1457082],
		[140.2880901,126.3592811],
		[251.7185622,112.4304721],
		[251.7185622,182.0745172],
		[279.5761803,265.6473712],
		[196.0033262,98.50166309],
		[196.0033262,28.85761803]
	],
	"score": 1.199889412
}
