{
	"point": [
		[135.3567508,553.355531],
		[120.4282229,404.0702523],
		[105.4996951,254.7849737],
		[180.1423344,284.6420294],
		[180.1423344,404.0702523],
		[165.2138065,553.355531],
		[90.57116719,314.4990852],
		[75.64263932,209.9993901],
		[90.57116719,105.4996951],
		[209.9993901,120.4282229],
		[254.7849737,195.0708622],
		[195.0708622,239.8564458],
		[150.2852786,90.57116719],
		[150.2852786,15.92852786]
	],
	"score": 1.5659323
}
