{
	"point": [
		[299.9088819,520.8415337],
		[273.9168052,403.8771886],
		[260.9207668,260.9207668],
		[325.9009585,286.9128435],
		[312.9049202,416.8732269],
		[312.9049202,546.8336104],
		[234.9286902,312.9049202],
		[247.9247285,208.9366135],
		[260.9207668,117.9643451],
		[364.8890736,117.9643451],
		[377.8851119,208.9366135],
		[364.8890736,325.9009585],
		[312.9049202,91.97226839],
		[312.9049202,26.99207668]
	],
	"score": 1.70401425
}
