{
	"point": [
		[170.7602554,546.6579639],
		[182.885988,413.2749061],
		[170.7602554,292.0175808],
		[219.2631856,267.7661157],
		[219.2631856,413.2749061],
		[207.137453,546.6579639],
		[146.5087904,328.3947784],
		[146.5087904,231.3889181],
		[146.5087904,158.6345229],
		[243.5146506,158.6345229],
		[255.6403832,243.5146506],
		[255.6403832,328.3947784],
		[195.0117205,134.3830579],
		[195.0117205,73.75439519]
	],
	"score": 1.039987735
}
