{
	"point": [
		[195.0708622,538.4270031],
		[180.1423344,404.0702523],
		[165.2138065,299.5705573],
		[239.8564458,299.5705573],
		[239.8564458,418.9987802],
		[224.927918,538.4270031],
		[180.1423344,224.927918],
		[105.4996951,209.9993901],
		[135.3567508,120.4282229],
		[239.8564458,120.4282229],
		[254.7849737,209.9993901],
		[269.7135016,329.427613],
		[195.0708622,105.4996951],
		[195.0708622,30.85705573]
	],
	"score": 1.637630949
}
