{
	"point": [
		[237.7897532,530.2947425],
		[196.0033262,391.0066524],
		[182.0745172,251.7185622],
		[251.7185622,251.7185622],
		[237.7897532,391.0066524],
		[237.7897532,544.2235515],
		[140.2880901,293.5049893],
		[140.2880901,209.9321352],
		[154.2168991,112.4304721],
		[293.5049893,112.4304721],
		[279.5761803,223.8609442],
		[279.5761803,321.3626073],
		[237.7897532,98.50166309],
		[237.7897532,42.78642704]
	],
	"score": 1.548938157
}
