{
	"point": [
		[148.0782105,521.430591],
		[148.0782105,408.293506],
		[136.764502,306.4701295],
		[204.646753,283.8427125],
		[204.646753,396.9797975],
		[193.3330445,521.430591],
		[91.50966799,329.0975465],
		[102.8233765,238.5878785],
		[102.8233765,159.391919],
		[193.3330445,148.0782105],
		[215.9604615,238.5878785],
		[215.9604615,306.4701295],
		[148.0782105,136.764502],
		[136.764502,80.19595949]
	],
	"score": 1.346522729
}
