{
	"point": [
		[154.2168991,544.2235515],
		[140.2880901,432.7930794],
		[126.3592811,293.5049893],
		[182.0745172,307.4337983],
		[182.0745172,432.7930794],
		[182.0745172,544.2235515],
		[84.57285408,321.3626073],
		[98.50166309,209.9321352],
		[98.50166309,126.3592811],
		[209.9321352,112.4304721],
		[251.7185622,196.0033262],
		[209.9321352,251.7185622],
		[154.2168991,98.50166309],
		[154.2168991,28.85761803]
	],
	"score": 1.130482827
}
