{
	"point": [
		[168.1457082,544.2235515],
		[140.2880901,418.8642704],
		[126.3592811,279.5761803],
		[168.1457082,307.4337983],
		[154.2168991,432.7930794],
		[168.1457082,530.2947425],
		[112.4304721,209.9321352],
		[112.4304721,223.8609442],
		[126.3592811,140.2880901],
		[223.8609442,140.2880901],
		[251.7185622,209.9321352],
		[209.9321352,237.7897532],
		[168.1457082,112.4304721],
		[168.1457082,42.78642704]
	],
	"score": 1.305255818
}
