{
	"point": [
		[140.2880901,558.1523605],
		[126.3592811,418.8642704],
		[126.3592811,265.6473712],
		[168.1457082,279.5761803],
		[182.0745172,418.8642704],
		[182.0745172,558.1523605],
		[84.57285408,321.3626073],
		[112.4304721,209.9321352],
		[112.4304721,112.4304721],
		[196.0033262,112.4304721],
		[182.0745172,209.9321352],
		[196.0033262,321.3626073],
		[168.1457082,98.50166309],
		[168.1457082,28.85761803]
	],
	"score": 1.027131414
}
