{
	"point": [
		[208.9366135,494.849457],
		[195.9405751,377.8851119],
		[169.9484984,234.9286902],
		[208.9366135,286.9128435],
		[208.9366135,455.861342],
		[208.9366135,572.825687],
		[143.9564218,286.9128435],
		[156.9524601,195.9405751],
		[156.9524601,117.9643451],
		[247.9247285,130.9603834],
		[286.9128435,195.9405751],
		[234.9286902,234.9286902],
		[208.9366135,104.9683067],
		[208.9366135,39.98811503]
	],
	"score": 1.38134405
}
