{
	"point": [
		[197.9831061,483.60861],
		[168.4356402,385.117057],
		[158.5864849,296.4746592],
		[207.8322614,296.4746592],
		[207.8322614,394.9662123],
		[197.9831061,513.156076],
		[138.8881743,326.0221251],
		[148.7373296,257.078038],
		[168.4356402,188.1339508],
		[237.3797274,188.1339508],
		[237.3797274,266.9271933],
		[237.3797274,355.569591],
		[197.9831061,168.4356402],
		[197.9831061,119.1898637]
	],
	"score": 1.329702198
}
