{
	"point": [
		[377.0778433,544.2235515],
		[349.2202253,418.8642704],
		[293.5049893,265.6473712],
		[321.3626073,237.7897532],
		[279.5761803,404.9354614],
		[265.6473712,544.2235515],
		[265.6473712,251.7185622],
		[251.7185622,196.0033262],
		[251.7185622,126.3592811],
		[349.2202253,126.3592811],
		[349.2202253,196.0033262],
		[377.0778433,265.6473712],
		[307.4337983,98.50166309],
		[307.4337983,42.78642704]
	],
	"score": 1.0199861
}
