{
	"point": [
		[140.2880901,558.1523605],
		[126.3592811,404.9354614],
		[112.4304721,251.7185622],
		[168.1457082,279.5761803],
		[168.1457082,404.9354614],
		[168.1457082,544.2235515],
		[70.64404506,293.5049893],
		[84.57285408,196.0033262],
		[98.50166309,112.4304721],
		[209.9321352,112.4304721],
		[209.9321352,196.0033262],
		[209.9321352,293.5049893],
		[154.2168991,98.50166309],
		[154.2168991,28.85761803]
	],
	"score": 1.418603531
}
