{
	"point": [
		[143.9564218,546.8336104],
		[195.9405751,416.8732269],
		[208.9366135,286.9128435],
		[273.9168052,273.9168052],
		[260.9207668,403.8771886],
		[247.9247285,559.8296487],
		[195.9405751,286.9128435],
		[182.9445368,195.9405751],
		[195.9405751,117.9643451],
		[299.9088819,117.9643451],
		[299.9088819,195.9405751],
		[260.9207668,208.9366135],
		[247.9247285,91.97226839],
		[247.9247285,26.99207668]
	],
	"score": 1.118167058
}
