{
	"point": [
		[156.9524601,494.849457],
		[143.9564218,364.8890736],
		[130.9603834,234.9286902],
		[195.9405751,247.9247285],
		[195.9405751,390.8811503],
		[169.9484984,546.8336104],
		[91.97226839,286.9128435],
		[104.9683067,208.9366135],
		[117.9643451,117.9643451],
		[208.9366135,117.9643451],
		[195.9405751,195.9405751],
		[221.9326518,273.9168052],
		[169.9484984,91.97226839],
		[169.9484984,26.99207668]
	],
	"score": 1.280358796
}
