{
	"point": [
		[110.1315928,522.4064989],
		[98.00586026,401.1491736],
		[85.88012772,267.7661157],
		[134.3830579,267.7661157],
		[134.3830579,401.1491736],
		[122.2573253,534.5322314],
		[49.50293013,267.7661157],
		[49.50293013,195.0117205],
		[61.62866266,110.1315928],
		[158.6345229,110.1315928],
		[146.5087904,182.885988],
		[170.7602554,255.6403832],
		[110.1315928,98.00586026],
		[110.1315928,25.25146506]
	],
	"score": 1.342319243
}
