{
	"point": [
		[169.9484984,520.8415337],
		[156.9524601,403.8771886],
		[156.9524601,247.9247285],
		[208.9366135,273.9168052],
		[195.9405751,403.8771886],
		[182.9445368,507.8454953],
		[130.9603834,143.9564218],
		[130.9603834,143.9564218],
		[143.9564218,91.97226839],
		[247.9247285,104.9683067],
		[260.9207668,195.9405751],
		[286.9128435,273.9168052],
		[195.9405751,78.97623005],
		[195.9405751,13.99603834]
	],
	"score": 1.190742975
}
