{
	"point": [
		[207.137453,498.1550338],
		[182.885988,389.023441],
		[182.885988,255.6403832],
		[231.3889181,279.8918482],
		[231.3889181,401.1491736],
		[207.137453,534.5322314],
		[110.1315928,231.3889181],
		[134.3830579,182.885988],
		[158.6345229,110.1315928],
		[255.6403832,110.1315928],
		[243.5146506,182.885988],
		[243.5146506,267.7661157],
		[207.137453,85.88012772],
		[207.137453,25.25146506]
	],
	"score": 1.335009233
}
