{
	"point": [
		[135.3567508,553.355531],
		[120.4282229,404.0702523],
		[120.4282229,254.7849737],
		[165.2138065,284.6420294],
		[135.3567508,418.9987802],
		[105.4996951,553.355531],
		[75.64263932,299.5705573],
		[105.4996951,209.9993901],
		[90.57116719,105.4996951],
		[195.0708622,105.4996951],
		[209.9993901,195.0708622],
		[209.9993901,299.5705573],
		[135.3567508,90.57116719],
		[135.3567508,15.92852786]
	],
	"score": 1.071877048
}
