{
	"point": [
		[170.7056275,510.1168825],
		[170.7056275,396.9797975],
		[159.391919,272.529004],
		[204.646753,283.8427125],
		[204.646753,396.9797975],
		[182.019336,510.1168825],
		[125.4507935,306.4701295],
		[136.764502,215.9604615],
		[148.0782105,136.764502],
		[238.5878785,136.764502],
		[249.901587,215.9604615],
		[249.901587,306.4701295],
		[193.3330445,114.137085],
		[193.3330445,34.9411255]
	],
	"score": 1.682876354
}
