{
	"point": [
		[126.3592811,544.2235515],
		[98.50166309,418.8642704],
		[126.3592811,265.6473712],
		[182.0745172,279.5761803],
		[168.1457082,404.9354614],
		[154.2168991,544.2235515],
		[84.57285408,307.4337983],
		[70.64404506,196.0033262],
		[98.50166309,112.4304721],
		[196.0033262,126.3592811],
		[196.0033262,223.8609442],
		[223.8609442,321.3626073],
		[140.2880901,98.50166309],
		[126.3592811,28.85761803]
	],
	"score": 1.504518517
}
