{
	"point": [
		[195.9405751,507.8454953],
		[195.9405751,403.8771886],
		[182.9445368,247.9247285],
		[221.9326518,273.9168052],
		[221.9326518,403.8771886],
		[195.9405751,533.837572],
		[156.9524601,286.9128435],
		[156.9524601,182.9445368],
		[156.9524601,104.9683067],
		[234.9286902,104.9683067],
		[247.9247285,156.9524601],
		[195.9405751,117.9643451],
		[195.9405751,91.97226839],
		[195.9405751,26.99207668]
	],
	"score": 1.000620257
}
