{
	"point": [
		[317.6818986,613.2516706],
		[191.0091392,592.139544],
		[169.8970126,381.0182783],
		[275.4576454,423.2425314],
		[254.3455189,613.2516706],
		[85.44850629,613.2516706],
		[106.5606329,486.5789112],
		[127.6727594,317.6818986],
		[127.6727594,191.0091392],
		[296.569772,191.0091392],
		[317.6818986,338.7940252],
		[317.6818986,507.6910377],
		[212.1212657,148.784886],
		[212.1212657,43.22425314]
	],
	"score": 1.116902044
}
