{
	"point": [
		[154.2168991,544.2235515],
		[154.2168991,418.8642704],
		[126.3592811,265.6473712],
		[196.0033262,251.7185622],
		[196.0033262,404.9354614],
		[182.0745172,558.1523605],
		[98.50166309,321.3626073],
		[98.50166309,223.8609442],
		[112.4304721,112.4304721],
		[223.8609442,112.4304721],
		[223.8609442,182.0745172],
		[223.8609442,279.5761803],
		[168.1457082,98.50166309],
		[168.1457082,28.85761803]
	],
	"score": 1.196786889
}
