{
	"point": [
		[231.3889181,534.5322314],
		[219.2631856,425.4006386],
		[195.0117205,292.0175808],
		[267.7661157,292.0175808],
		[243.5146506,413.2749061],
		[243.5146506,546.6579639],
		[182.885988,255.6403832],
		[195.0117205,182.885988],
		[195.0117205,110.1315928],
		[279.8918482,110.1315928],
		[279.8918482,207.137453],
		[267.7661157,207.137453],
		[243.5146506,85.88012772],
		[243.5146506,25.25146506]
	],
	"score": 1.098048113
}
