{
	"point": [
		[223.8609442,544.2235515],
		[196.0033262,404.9354614],
		[196.0033262,251.7185622],
		[237.7897532,265.6473712],
		[237.7897532,418.8642704],
		[223.8609442,558.1523605],
		[154.2168991,307.4337983],
		[168.1457082,223.8609442],
		[168.1457082,126.3592811],
		[265.6473712,126.3592811],
		[279.5761803,209.9321352],
		[293.5049893,293.5049893],
		[209.9321352,98.50166309],
		[209.9321352,28.85761803]
	],
	"score": 1.6472703
}
