{
	"point": [
		[78.97623005,533.837572],
		[65.98019171,416.8732269],
		[52.98415337,273.9168052],
		[117.9643451,273.9168052],
		[104.9683067,429.8692653],
		[104.9683067,533.837572],
		[26.99207668,299.9088819],
		[26.99207668,221.9326518],
		[39.98811503,130.9603834],
		[143.9564218,117.9643451],
		[156.9524601,195.9405751],
		[143.9564218,273.9168052],
		[91.97226839,104.9683067],
		[91.97226839,26.99207668]
	],
	"score": 1.320147868
}
