{
	"point": [
		[135.3567508,538.4270031],
		[120.4282229,418.9987802],
		[105.4996951,269.7135016],
		[180.1423344,269.7135016],
		[180.1423344,404.0702523],
		[150.2852786,553.355531],
		[75.64263932,314.4990852],
		[90.57116719,224.927918],
		[90.57116719,120.4282229],
		[209.9993901,120.4282229],
		[254.7849737,180.1423344],
		[195.0708622,239.8564458],
		[150.2852786,90.57116719],
		[150.2852786,15.92852786]
	],
	"score": 1.516796849
}
