{
	"point": [
		[258.3084315,552.3752104],
		[166.4125631,552.3752104],
		[148.0333894,350.2042999],
		[239.9292578,368.5834736],
		[221.5500842,552.3752104],
		[148.0333894,607.5127314],
		[129.6542158,368.5834736],
		[129.6542158,258.3084315],
		[129.6542158,148.0333894],
		[276.6876052,148.0333894],
		[276.6876052,239.9292578],
		[276.6876052,331.8251262],
		[203.1709105,129.6542158],
		[203.1709105,37.75834736]
	],
	"score": 1.00911562
}
