{
	"point": [
		[98.00586026,534.5322314],
		[73.75439519,401.1491736],
		[61.62866266,267.7661157],
		[122.2573253,267.7661157],
		[122.2573253,401.1491736],
		[110.1315928,510.2807663],
		[61.62866266,73.75439519],
		[49.50293013,146.5087904],
		[49.50293013,98.00586026],
		[146.5087904,98.00586026],
		[158.6345229,170.7602554],
		[182.885988,255.6403832],
		[98.00586026,85.88012772],
		[98.00586026,25.25146506]
	],
	"score": 1.104949621
}
