{
	"point": [
		[112.4304721,544.2235515],
		[140.2880901,404.9354614],
		[140.2880901,293.5049893],
		[196.0033262,279.5761803],
		[196.0033262,418.8642704],
		[196.0033262,544.2235515],
		[70.64404506,321.3626073],
		[84.57285408,237.7897532],
		[112.4304721,140.2880901],
		[209.9321352,140.2880901],
		[209.9321352,237.7897532],
		[251.7185622,307.4337983],
		[168.1457082,126.3592811],
		[168.1457082,42.78642704]
	],
	"score": 1.200964833
}
