{
	"point": [
		[219.2631856,546.6579639],
		[207.137453,425.4006386],
		[207.137453,279.8918482],
		[267.7661157,267.7661157],
		[267.7661157,413.2749061],
		[255.6403832,558.7836965],
		[182.885988,231.3889181],
		[146.5087904,182.885988],
		[195.0117205,110.1315928],
		[292.0175808,110.1315928],
		[292.0175808,182.885988],
		[267.7661157,231.3889181],
		[243.5146506,85.88012772],
		[243.5146506,25.25146506]
	],
	"score": 1.369859842
}
