{
	"point": [
		[168.1457082,558.1523605],
		[154.2168991,418.8642704],
		[126.3592811,279.5761803],
		[182.0745172,265.6473712],
		[154.2168991,404.9354614],
		[154.2168991,530.2947425],
		[98.50166309,335.2914163],
		[98.50166309,223.8609442],
		[98.50166309,112.4304721],
		[209.9321352,98.50166309],
		[209.9321352,196.0033262],
		[209.9321352,307.4337983],
		[154.2168991,84.57285408],
		[154.2168991,14.92880901]
	],
	"score": 1.072346249
}
