{
	"point": [
		[182.9445368,546.8336104],
		[195.9405751,416.8732269],
		[182.9445368,234.9286902],
		[234.9286902,286.9128435],
		[221.9326518,416.8732269],
		[208.9366135,546.8336104],
		[156.9524601,273.9168052],
		[156.9524601,195.9405751],
		[169.9484984,104.9683067],
		[273.9168052,117.9643451],
		[273.9168052,208.9366135],
		[286.9128435,312.9049202],
		[221.9326518,91.97226839],
		[221.9326518,26.99207668]
	],
	"score": 1.080956982
}
