{
	"point": [
		[143.9564218,546.8336104],
		[156.9524601,390.8811503],
		[117.9643451,247.9247285],
		[182.9445368,273.9168052],
		[169.9484984,403.8771886],
		[156.9524601,546.8336104],
		[91.97226839,286.9128435],
		[91.97226839,195.9405751],
		[104.9683067,117.9643451],
		[195.9405751,104.9683067],
		[195.9405751,195.9405751],
		[234.9286902,299.9088819],
		[156.9524601,91.97226839],
		[156.9524601,26.99207668]
	],
	"score": 1.470873433
}
