{
	"point": [
		[170.7602554,498.1550338],
		[182.885988,376.8977085],
		[158.6345229,255.6403832],
		[207.137453,255.6403832],
		[195.0117205,376.8977085],
		[195.0117205,498.1550338],
		[134.3830579,243.5146506],
		[85.88012772,182.885988],
		[146.5087904,122.2573253],
		[231.3889181,122.2573253],
		[243.5146506,195.0117205],
		[243.5146506,292.0175808],
		[195.0117205,110.1315928],
		[195.0117205,37.3771976]
	],
	"score": 1.370864633
}
