{
	"point": [
		[156.9524601,507.8454953],
		[169.9484984,390.8811503],
		[156.9524601,273.9168052],
		[208.9366135,286.9128435],
		[208.9366135,390.8811503],
		[182.9445368,507.8454953],
		[117.9643451,312.9049202],
		[117.9643451,221.9326518],
		[130.9603834,130.9603834],
		[234.9286902,130.9603834],
		[247.9247285,234.9286902],
		[247.9247285,312.9049202],
		[182.9445368,117.9643451],
		[182.9445368,39.98811503]
	],
	"score": 1.864575437
}
