{
	"point": [
		[221.9326518,520.8415337],
		[208.9366135,403.8771886],
		[195.9405751,260.9207668],
		[234.9286902,260.9207668],
		[247.9247285,403.8771886],
		[234.9286902,520.8415337],
		[169.9484984,325.9009585],
		[169.9484984,234.9286902],
		[182.9445368,143.9564218],
		[273.9168052,130.9603834],
		[273.9168052,208.9366135],
		[299.9088819,286.9128435],
		[221.9326518,117.9643451],
		[221.9326518,39.98811503]
	],
	"score": 1.450073756
}
