{
	"point": [
		[135.3567508,538.4270031],
		[135.3567508,404.0702523],
		[120.4282229,269.7135016],
		[195.0708622,284.6420294],
		[195.0708622,404.0702523],
		[239.8564458,538.4270031],
		[90.57116719,239.8564458],
		[60.71411146,180.1423344],
		[105.4996951,120.4282229],
		[209.9993901,105.4996951],
		[209.9993901,195.0708622],
		[224.927918,299.5705573],
		[150.2852786,105.4996951],
		[150.2852786,30.85705573]
	],
	"score": 1.539954076
}
