{
	"point": [
		[150.2852786,568.2840589],
		[165.2138065,404.0702523],
		[165.2138065,269.7135016],
		[224.927918,269.7135016],
		[224.927918,389.1417245],
		[224.927918,553.355531],
		[135.3567508,180.1423344],
		[135.3567508,180.1423344],
		[165.2138065,120.4282229],
		[269.7135016,135.3567508],
		[284.6420294,209.9993901],
		[239.8564458,269.7135016],
		[224.927918,105.4996951],
		[224.927918,30.85705573]
	],
	"score": 1.195690749
}
