{
	"point": [
		[254.3455189,497.1349745],
		[243.7894556,381.0182783],
		[222.677329,275.4576454],
		[286.0137087,264.9015822],
		[275.4576454,370.462215],
		[264.9015822,465.4667846],
		[201.5652024,307.1258353],
		[201.5652024,233.2333923],
		[212.1212657,148.784886],
		[296.569772,138.2288227],
		[307.1258353,201.5652024],
		[317.6818986,264.9015822],
		[254.3455189,127.6727594],
		[254.3455189,64.33637972]
	],
	"score": 1.105528389
}
