{
	"point": [
		[156.9524601,520.8415337],
		[143.9564218,416.8732269],
		[156.9524601,273.9168052],
		[234.9286902,260.9207668],
		[221.9326518,416.8732269],
		[208.9366135,546.8336104],
		[130.9603834,312.9049202],
		[143.9564218,221.9326518],
		[143.9564218,130.9603834],
		[247.9247285,130.9603834],
		[260.9207668,221.9326518],
		[299.9088819,299.9088819],
		[195.9405751,104.9683067],
		[195.9405751,26.99207668]
	],
	"score": 1.531489756
}
