{
	"point": [
		[195.9405751,546.8336104],
		[169.9484984,403.8771886],
		[156.9524601,247.9247285],
		[208.9366135,273.9168052],
		[208.9366135,403.8771886],
		[208.9366135,546.8336104],
		[104.9683067,286.9128435],
		[130.9603834,208.9366135],
		[143.9564218,117.9643451],
		[247.9247285,130.9603834],
		[234.9286902,208.9366135],
		[234.9286902,312.9049202],
		[195.9405751,104.9683067],
		[182.9445368,39.98811503]
	],
	"score": 1.145809194
}
