{
	"point": [
		[209.9993901,538.4270031],
		[180.1423344,404.0702523],
		[150.2852786,284.6420294],
		[209.9993901,254.7849737],
		[209.9993901,404.0702523],
		[209.9993901,553.355531],
		[120.4282229,299.5705573],
		[135.3567508,224.927918],
		[135.3567508,150.2852786],
		[239.8564458,150.2852786],
		[254.7849737,224.927918],
		[254.7849737,299.5705573],
		[180.1423344,135.3567508],
		[180.1423344,45.78558359]
	],
	"score": 1.312043153
}
