{
	"point": [
		[114.137085,532.7442995],
		[102.8233765,419.6072145],
		[102.8233765,283.8427125],
		[159.391919,283.8427125],
		[159.391919,396.9797975],
		[159.391919,498.803174],
		[68.88225099,329.0975465],
		[91.50966799,238.5878785],
		[91.50966799,170.7056275],
		[182.019336,159.391919],
		[193.3330445,249.901587],
		[182.019336,329.0975465],
		[136.764502,148.0782105],
		[136.764502,91.50966799]
	],
	"score": 1.035058528
}
