{
	"point": [
		[154.2168991,544.2235515],
		[154.2168991,432.7930794],
		[154.2168991,321.3626073],
		[209.9321352,321.3626073],
		[196.0033262,432.7930794],
		[196.0033262,530.2947425],
		[112.4304721,349.2202253],
		[112.4304721,237.7897532],
		[140.2880901,154.2168991],
		[251.7185622,154.2168991],
		[307.4337983,223.8609442],
		[251.7185622,265.6473712],
		[196.0033262,140.2880901],
		[209.9321352,70.64404506]
	],
	"score": 1.000653912
}
