{
	"point": [
		[130.9603834,533.837572],
		[117.9643451,390.8811503],
		[117.9643451,234.9286902],
		[169.9484984,273.9168052],
		[156.9524601,429.8692653],
		[156.9524601,546.8336104],
		[78.97623005,247.9247285],
		[78.97623005,169.9484984],
		[91.97226839,104.9683067],
		[195.9405751,104.9683067],
		[195.9405751,156.9524601],
		[143.9564218,104.9683067],
		[143.9564218,91.97226839],
		[143.9564218,26.99207668]
	],
	"score": 1.205040463
}
