{
	"point": [
		[140.2880901,544.2235515],
		[126.3592811,404.9354614],
		[126.3592811,251.7185622],
		[182.0745172,265.6473712],
		[168.1457082,418.8642704],
		[168.1457082,558.1523605],
		[84.57285408,307.4337983],
		[98.50166309,209.9321352],
		[98.50166309,112.4304721],
		[196.0033262,98.50166309],
		[209.9321352,196.0033262],
		[209.9321352,293.5049893],
		[140.2880901,84.57285408],
		[140.2880901,14.92880901]
	],
	"score": 1.443476947
}
