{
	"point": [
		[195.0117205,510.2807663],
		[182.885988,389.023441],
		[158.6345229,255.6403832],
		[207.137453,267.7661157],
		[195.0117205,389.023441],
		[182.885988,498.1550338],
		[122.2573253,207.137453],
		[98.00586026,158.6345229],
		[134.3830579,110.1315928],
		[231.3889181,122.2573253],
		[243.5146506,195.0117205],
		[231.3889181,304.1433133],
		[182.885988,98.00586026],
		[182.885988,37.3771976]
	],
	"score": 1.503186933
}
