{
	"point": [
		[126.3592811,558.1523605],
		[126.3592811,404.9354614],
		[126.3592811,251.7185622],
		[182.0745172,279.5761803],
		[168.1457082,418.8642704],
		[154.2168991,558.1523605],
		[84.57285408,321.3626073],
		[98.50166309,209.9321352],
		[98.50166309,126.3592811],
		[196.0033262,126.3592811],
		[196.0033262,196.0033262],
		[209.9321352,307.4337983],
		[140.2880901,98.50166309],
		[140.2880901,28.85761803]
	],
	"score": 1.740719369
}
