{
	"point": [
		[182.9445368,546.8336104],
		[182.9445368,416.8732269],
		[169.9484984,286.9128435],
		[234.9286902,273.9168052],
		[234.9286902,429.8692653],
		[221.9326518,559.8296487],
		[130.9603834,286.9128435],
		[130.9603834,208.9366135],
		[143.9564218,117.9643451],
		[247.9247285,117.9643451],
		[260.9207668,182.9445368],
		[299.9088819,273.9168052],
		[195.9405751,91.97226839],
		[195.9405751,26.99207668]
	],
	"score": 1.282281196
}
