{
	"point": [
		[182.9445368,533.837572],
		[182.9445368,403.8771886],
		[182.9445368,286.9128435],
		[221.9326518,273.9168052],
		[221.9326518,403.8771886],
		[208.9366135,533.837572],
		[156.9524601,299.9088819],
		[143.9564218,208.9366135],
		[143.9564218,130.9603834],
		[247.9247285,117.9643451],
		[299.9088819,195.9405751],
		[247.9247285,234.9286902],
		[195.9405751,104.9683067],
		[195.9405751,39.98811503]
	],
	"score": 1.712085684
}
