{
	"point": [
		[223.8609442,544.2235515],
		[209.9321352,418.8642704],
		[196.0033262,279.5761803],
		[251.7185622,279.5761803],
		[251.7185622,418.8642704],
		[237.7897532,544.2235515],
		[182.0745172,237.7897532],
		[140.2880901,182.0745172],
		[196.0033262,126.3592811],
		[279.5761803,140.2880901],
		[335.2914163,196.0033262],
		[279.5761803,237.7897532],
		[237.7897532,112.4304721],
		[237.7897532,28.85761803]
	],
	"score": 1.421448352
}
