{
	"point": [
		[130.9603834,546.8336104],
		[117.9643451,416.8732269],
		[117.9643451,286.9128435],
		[169.9484984,286.9128435],
		[169.9484984,416.8732269],
		[169.9484984,546.8336104],
		[91.97226839,234.9286902],
		[65.98019171,195.9405751],
		[91.97226839,117.9643451],
		[195.9405751,117.9643451],
		[247.9247285,195.9405751],
		[195.9405751,234.9286902],
		[143.9564218,91.97226839],
		[156.9524601,26.99207668]
	],
	"score": 1.14095095
}
