{
	"point": [
		[196.0033262,544.2235515],
		[182.0745172,418.8642704],
		[168.1457082,251.7185622],
		[223.8609442,293.5049893],
		[223.8609442,418.8642704],
		[209.9321352,558.1523605],
		[154.2168991,321.3626073],
		[154.2168991,196.0033262],
		[168.1457082,98.50166309],
		[265.6473712,112.4304721],
		[265.6473712,209.9321352],
		[265.6473712,335.2914163],
		[209.9321352,84.57285408],
		[209.9321352,28.85761803]
	],
	"score": 1.159481286
}
