{
	"point": [
		[207.137453,534.5322314],
		[195.0117205,413.2749061],
		[182.885988,279.8918482],
		[243.5146506,279.8918482],
		[231.3889181,413.2749061],
		[243.5146506,522.4064989],
		[158.6345229,316.2690458],
		[170.7602554,231.3889181],
		[170.7602554,146.5087904],
		[267.7661157,158.6345229],
		[279.8918482,231.3889181],
		[255.6403832,267.7661157],
		[219.2631856,134.3830579],
		[219.2631856,73.75439519]
	],
	"score": 1.184779731
}
