{
	"point": [
		[237.7897532,544.2235515],
		[209.9321352,404.9354614],
		[196.0033262,279.5761803],
		[265.6473712,279.5761803],
		[265.6473712,404.9354614],
		[251.7185622,544.2235515],
		[196.0033262,293.5049893],
		[182.0745172,209.9321352],
		[182.0745172,112.4304721],
		[265.6473712,112.4304721],
		[265.6473712,182.0745172],
		[293.5049893,251.7185622],
		[223.8609442,98.50166309],
		[223.8609442,28.85761803]
	],
	"score": 1.448837806
}
