{
	"point": [
		[98.50166309,544.2235515],
		[84.57285408,404.9354614],
		[84.57285408,265.6473712],
		[140.2880901,251.7185622],
		[126.3592811,404.9354614],
		[112.4304721,544.2235515],
		[28.85761803,265.6473712],
		[56.71523605,196.0033262],
		[56.71523605,112.4304721],
		[154.2168991,126.3592811],
		[168.1457082,196.0033262],
		[182.0745172,293.5049893],
		[112.4304721,98.50166309],
		[112.4304721,28.85761803]
	],
	"score": 1.404127726
}
