{
	"point": [
		[117.9643451,559.8296487],
		[117.9643451,429.8692653],
		[104.9683067,286.9128435],
		[182.9445368,260.9207668],
		[182.9445368,429.8692653],
		[182.9445368,559.8296487],
		[78.97623005,338.8969969],
		[91.97226839,234.9286902],
		[104.9683067,130.9603834],
		[195.9405751,117.9643451],
		[234.9286902,130.9603834],
		[182.9445368,104.9683067],
		[143.9564218,104.9683067],
		[143.9564218,26.99207668]
	],
	"score": 1.214943415
}
