{
	"point": [
		[182.9445368,533.837572],
		[182.9445368,390.8811503],
		[169.9484984,260.9207668],
		[221.9326518,247.9247285],
		[221.9326518,390.8811503],
		[208.9366135,533.837572],
		[130.9603834,286.9128435],
		[130.9603834,208.9366135],
		[143.9564218,117.9643451],
		[234.9286902,117.9643451],
		[234.9286902,208.9366135],
		[247.9247285,299.9088819],
		[195.9405751,91.97226839],
		[195.9405751,26.99207668]
	],
	"score": 1.412306438
}
