{
	"point": [
		[154.2168991,530.2947425],
		[154.2168991,404.9354614],
		[154.2168991,237.7897532],
		[209.9321352,251.7185622],
		[209.9321352,391.0066524],
		[196.0033262,530.2947425],
		[112.4304721,265.6473712],
		[112.4304721,182.0745172],
		[140.2880901,112.4304721],
		[251.7185622,98.50166309],
		[251.7185622,168.1457082],
		[196.0033262,223.8609442],
		[196.0033262,98.50166309],
		[196.0033262,28.85761803]
	],
	"score": 1.376755631
}
