{
	"point": [
		[143.9564218,546.8336104],
		[130.9603834,429.8692653],
		[117.9643451,260.9207668],
		[182.9445368,247.9247285],
		[182.9445368,429.8692653],
		[169.9484984,559.8296487],
		[91.97226839,312.9049202],
		[104.9683067,208.9366135],
		[104.9683067,117.9643451],
		[208.9366135,104.9683067],
		[195.9405751,208.9366135],
		[208.9366135,312.9049202],
		[156.9524601,91.97226839],
		[156.9524601,26.99207668]
	],
	"score": 1.250287154
}
