{
	"point": [
		[182.9445368,520.8415337],
		[169.9484984,416.8732269],
		[169.9484984,299.9088819],
		[234.9286902,286.9128435],
		[221.9326518,416.8732269],
		[208.9366135,546.8336104],
		[156.9524601,312.9049202],
		[143.9564218,208.9366135],
		[143.9564218,130.9603834],
		[247.9247285,117.9643451],
		[260.9207668,182.9445368],
		[260.9207668,247.9247285],
		[195.9405751,104.9683067],
		[195.9405751,39.98811503]
	],
	"score": 1.032602241
}
