{
	"point": {
		"_ArrayType_": "double",
		"_ArraySize_": [14,2,2],
		"_ArrayData_": [196.0033262,168.1457082,168.1457082,223.8609442,223.8609442,209.9321352,140.2880901,140.2880901,154.2168991,251.7185622,265.6473712,279.5761803,196.0033262,182.0745172,544.2235515,404.9354614,265.6473712,279.5761803,446.7218884,558.1523605,237.7897532,182.0745172,112.4304721,112.4304721,196.0033262,307.4337983,98.50166309,28.85761803,106.5606329,117.1166961,96.00456958,117.1166961,106.5606329,106.5606329,85.44850629,53.78031643,53.78031643,127.6727594,138.2288227,138.2288227,85.44850629,74.892443,433.7985947,349.3500884,233.2333923,222.677329,338.7940252,444.354658,233.2333923,191.0091392,117.1166961,106.5606329,180.4530759,243.7894556,96.00456958,32.66818986]
	},
	"score": [0.5008852538,0.2395668867]
}
