{
	"point": [
		[140.2880901,544.2235515],
		[126.3592811,404.9354614],
		[126.3592811,265.6473712],
		[182.0745172,279.5761803],
		[182.0745172,418.8642704],
		[182.0745172,544.2235515],
		[84.57285408,321.3626073],
		[84.57285408,209.9321352],
		[98.50166309,112.4304721],
		[209.9321352,112.4304721],
		[223.8609442,196.0033262],
		[196.0033262,251.7185622],
		[154.2168991,98.50166309],
		[154.2168991,28.85761803]
	],
	"score": 1.555369021
}
