{
	"point": [
		[170.7602554,522.4064989],
		[158.6345229,413.2749061],
		[158.6345229,292.0175808],
		[207.137453,292.0175808],
		[207.137453,413.2749061],
		[195.0117205,546.6579639],
		[122.2573253,316.2690458],
		[122.2573253,219.2631856],
		[134.3830579,134.3830579],
		[231.3889181,146.5087904],
		[231.3889181,231.3889181],
		[231.3889181,328.3947784],
		[182.885988,110.1315928],
		[182.885988,37.3771976]
	],
	"score": 2.030639368
}
