{
	"point": [
		[182.0745172,544.2235515],
		[168.1457082,418.8642704],
		[168.1457082,293.5049893],
		[237.7897532,279.5761803],
		[209.9321352,418.8642704],
		[209.9321352,544.2235515],
		[140.2880901,335.2914163],
		[140.2880901,237.7897532],
		[140.2880901,140.2880901],
		[237.7897532,140.2880901],
		[265.6473712,237.7897532],
		[265.6473712,321.3626073],
		[182.0745172,126.3592811],
		[182.0745172,42.78642704]
	],
	"score": 1.708828346
}
