{
	"point": [
		[140.2880901,544.2235515],
		[126.3592811,404.9354614],
		[112.4304721,265.6473712],
		[182.0745172,265.6473712],
		[182.0745172,404.9354614],
		[223.8609442,544.2235515],
		[112.4304721,237.7897532],
		[98.50166309,196.0033262],
		[84.57285408,98.50166309],
		[196.0033262,98.50166309],
		[237.7897532,182.0745172],
		[237.7897532,293.5049893],
		[140.2880901,84.57285408],
		[126.3592811,28.85761803]
	],
	"score": 1.558831798
}
