{
	"point": [
		[196.0033262,544.2235515],
		[182.0745172,432.7930794],
		[168.1457082,293.5049893],
		[209.9321352,293.5049893],
		[196.0033262,432.7930794],
		[209.9321352,544.2235515],
		[168.1457082,126.3592811],
		[140.2880901,196.0033262],
		[154.2168991,140.2880901],
		[265.6473712,140.2880901],
		[265.6473712,223.8609442],
		[265.6473712,321.3626073],
		[209.9321352,112.4304721],
		[196.0033262,42.78642704]
	],
	"score": 1.307075782
}
