{
	"point": [
		[195.0117205,546.6579639],
		[219.2631856,401.1491736],
		[219.2631856,243.5146506],
		[292.0175808,292.0175808],
		[279.8918482,425.4006386],
		[267.7661157,558.7836965],
		[207.137453,292.0175808],
		[195.0117205,195.0117205],
		[195.0117205,110.1315928],
		[292.0175808,110.1315928],
		[292.0175808,195.0117205],
		[316.2690458,279.8918482],
		[243.5146506,85.88012772],
		[243.5146506,25.25146506]
	],
	"score": 1.117849945
}
