{
	"point": [
		[143.9564218,559.8296487],
		[130.9603834,416.8732269],
		[130.9603834,247.9247285],
		[195.9405751,260.9207668],
		[195.9405751,403.8771886],
		[169.9484984,559.8296487],
		[91.97226839,312.9049202],
		[104.9683067,208.9366135],
		[104.9683067,104.9683067],
		[208.9366135,117.9643451],
		[208.9366135,208.9366135],
		[221.9326518,312.9049202],
		[156.9524601,91.97226839],
		[156.9524601,26.99207668]
	],
	"score": 1.150830139
}
