{
	"point": [
		[117.9643451,546.8336104],
		[117.9643451,429.8692653],
		[104.9683067,286.9128435],
		[156.9524601,260.9207668],
		[156.9524601,403.8771886],
		[143.9564218,546.8336104],
		[78.97623005,234.9286902],
		[39.98811503,169.9484984],
		[91.97226839,117.9643451],
		[195.9405751,117.9643451],
		[234.9286902,182.9445368],
		[182.9445368,221.9326518],
		[143.9564218,91.97226839],
		[143.9564218,26.99207668]
	],
	"score": 1.445410129
}
