{
	"point": [
		[255.6403832,558.7836965],
		[231.3889181,413.2749061],
		[231.3889181,292.0175808],
		[279.8918482,279.8918482],
		[267.7661157,413.2749061],
		[243.5146506,510.2807663],
		[170.7602554,219.2631856],
		[158.6345229,182.885988],
		[207.137453,122.2573253],
		[304.1433133,122.2573253],
		[316.2690458,195.0117205],
		[328.3947784,279.8918482],
		[255.6403832,98.00586026],
		[255.6403832,25.25146506]
	],
	"score": 1.372616375
}
