{
	"point": [
		[182.885988,534.5322314],
		[182.885988,389.023441],
		[195.0117205,267.7661157],
		[243.5146506,267.7661157],
		[243.5146506,389.023441],
		[243.5146506,534.5322314],
		[170.7602554,292.0175808],
		[170.7602554,207.137453],
		[170.7602554,122.2573253],
		[243.5146506,134.3830579],
		[255.6403832,195.0117205],
		[267.7661157,195.0117205],
		[219.2631856,122.2573253],
		[219.2631856,37.3771976]
	],
	"score": 1.0849314
}
