{
	"point": [
		[140.2880901,530.2947425],
		[140.2880901,404.9354614],
		[112.4304721,251.7185622],
		[168.1457082,237.7897532],
		[168.1457082,404.9354614],
		[154.2168991,558.1523605],
		[84.57285408,279.5761803],
		[98.50166309,196.0033262],
		[98.50166309,112.4304721],
		[209.9321352,112.4304721],
		[196.0033262,196.0033262],
		[223.8609442,279.5761803],
		[154.2168991,84.57285408],
		[168.1457082,28.85761803]
	],
	"score": 1.003823631
}
