{
	"point": [
		[169.9484984,507.8454953],
		[169.9484984,390.8811503],
		[156.9524601,260.9207668],
		[195.9405751,260.9207668],
		[182.9445368,403.8771886],
		[195.9405751,507.8454953],
		[117.9643451,325.9009585],
		[117.9643451,221.9326518],
		[130.9603834,130.9603834],
		[234.9286902,117.9643451],
		[247.9247285,169.9484984],
		[247.9247285,221.9326518],
		[182.9445368,104.9683067],
		[169.9484984,39.98811503]
	],
	"score": 1.308460649
}
