{
	"point": [
		[251.7185622,544.2235515],
		[251.7185622,418.8642704],
		[209.9321352,307.4337983],
		[251.7185622,293.5049893],
		[251.7185622,404.9354614],
		[251.7185622,544.2235515],
		[168.1457082,321.3626073],
		[182.0745172,237.7897532],
		[182.0745172,140.2880901],
		[265.6473712,154.2168991],
		[279.5761803,237.7897532],
		[321.3626073,335.2914163],
		[223.8609442,126.3592811],
		[223.8609442,42.78642704]
	],
	"score": 1.562912005
}
