{
	"point": [
		[154.2168991,544.2235515],
		[140.2880901,404.9354614],
		[140.2880901,265.6473712],
		[196.0033262,293.5049893],
		[182.0745172,432.7930794],
		[196.0033262,558.1523605],
		[112.4304721,237.7897532],
		[56.71523605,182.0745172],
		[112.4304721,126.3592811],
		[223.8609442,98.50166309],
		[279.5761803,168.1457082],
		[223.8609442,237.7897532],
		[154.2168991,98.50166309],
		[154.2168991,28.85761803]
	],
	"score": 1.25129492
}
