{
	"point": [
		[208.9366135,559.8296487],
		[195.9405751,416.8732269],
		[169.9484984,260.9207668],
		[247.9247285,260.9207668],
		[234.9286902,403.8771886],
		[234.9286902,546.8336104],
		[143.9564218,234.9286902],
		[117.9643451,182.9445368],
		[169.9484984,117.9643451],
		[273.9168052,117.9643451],
		[273.9168052,208.9366135],
		[286.9128435,299.9088819],
		[221.9326518,91.97226839],
		[221.9326518,26.99207668]
	],
	"score": 1.131689889
}
