{
	"point": [
		[182.9445368,559.8296487],
		[156.9524601,403.8771886],
		[156.9524601,260.9207668],
		[208.9366135,299.9088819],
		[208.9366135,429.8692653],
		[195.9405751,559.8296487],
		[117.9643451,273.9168052],
		[143.9564218,182.9445368],
		[143.9564218,117.9643451],
		[247.9247285,117.9643451],
		[260.9207668,182.9445368],
		[286.9128435,234.9286902],
		[195.9405751,91.97226839],
		[195.9405751,26.99207668]
	],
	"score": 1.078988408
}
