{
	"point": [
		[196.0033262,544.2235515],
		[182.0745172,404.9354614],
		[182.0745172,265.6473712],
		[251.7185622,265.6473712],
		[251.7185622,418.8642704],
		[237.7897532,544.2235515],
		[154.2168991,307.4337983],
		[168.1457082,196.0033262],
		[168.1457082,112.4304721],
		[279.5761803,112.4304721],
		[279.5761803,209.9321352],
		[293.5049893,307.4337983],
		[223.8609442,98.50166309],
		[223.8609442,28.85761803]
	],
	"score": 1.680574404
}
