{
	"point": [
		[143.9564218,546.8336104],
		[117.9643451,429.8692653],
		[104.9683067,247.9247285],
		[169.9484984,260.9207668],
		[156.9524601,429.8692653],
		[143.9564218,559.8296487],
		[65.98019171,286.9128435],
		[78.97623005,208.9366135],
		[91.97226839,117.9643451],
		[195.9405751,117.9643451],
		[208.9366135,195.9405751],
		[195.9405751,260.9207668],
		[143.9564218,104.9683067],
		[143.9564218,26.99207668]
	],
	"score": 1.156795429
}
