{
	"point": [
		[120.4282229,553.355531],
		[120.4282229,418.9987802],
		[120.4282229,284.6420294],
		[180.1423344,269.7135016],
		[180.1423344,418.9987802],
		[165.2138065,568.2840589],
		[90.57116719,329.427613],
		[90.57116719,224.927918],
		[105.4996951,120.4282229],
		[209.9993901,120.4282229],
		[209.9993901,224.927918],
		[209.9993901,329.427613],
		[150.2852786,90.57116719],
		[150.2852786,30.85705573]
	],
	"score": 1.227474835
}
