{
	"point": [
		[182.9445368,546.8336104],
		[143.9564218,403.8771886],
		[143.9564218,260.9207668],
		[221.9326518,299.9088819],
		[234.9286902,442.8653036],
		[221.9326518,559.8296487],
		[130.9603834,312.9049202],
		[130.9603834,208.9366135],
		[130.9603834,130.9603834],
		[234.9286902,143.9564218],
		[234.9286902,221.9326518],
		[247.9247285,312.9049202],
		[182.9445368,104.9683067],
		[182.9445368,39.98811503]
	],
	"score": 1.224287075
}
