{
	"point": [
		[182.0745172,544.2235515],
		[154.2168991,418.8642704],
		[154.2168991,251.7185622],
		[209.9321352,251.7185622],
		[209.9321352,404.9354614],
		[209.9321352,544.2235515],
		[112.4304721,321.3626073],
		[126.3592811,209.9321352],
		[126.3592811,112.4304721],
		[237.7897532,112.4304721],
		[237.7897532,196.0033262],
		[251.7185622,307.4337983],
		[182.0745172,98.50166309],
		[182.0745172,28.85761803]
	],
	"score": 1.230678653
}
