{
	"point": [
		[126.3592811,544.2235515],
		[112.4304721,418.8642704],
		[98.50166309,265.6473712],
		[168.1457082,321.3626073],
		[154.2168991,446.7218884],
		[154.2168991,558.1523605],
		[84.57285408,293.5049893],
		[84.57285408,223.8609442],
		[84.57285408,140.2880901],
		[209.9321352,154.2168991],
		[237.7897532,223.8609442],
		[196.0033262,279.5761803],
		[140.2880901,126.3592811],
		[140.2880901,42.78642704]
	],
	"score": 1.616902819
}
