{
	"point": [
		[117.9643451,546.8336104],
		[117.9643451,429.8692653],
		[104.9683067,286.9128435],
		[182.9445368,273.9168052],
		[169.9484984,416.8732269],
		[156.9524601,546.8336104],
		[91.97226839,247.9247285],
		[65.98019171,195.9405751],
		[91.97226839,130.9603834],
		[208.9366135,130.9603834],
		[247.9247285,195.9405751],
		[208.9366135,247.9247285],
		[143.9564218,117.9643451],
		[143.9564218,26.99207668]
	],
	"score": 1.396998234
}
