{
	"point": [
		[80.19595949,510.1168825],
		[57.56854249,385.666089],
		[46.254834,249.901587],
		[102.8233765,261.2152955],
		[102.8233765,385.666089],
		[91.50966799,498.803174],
		[23.627417,306.4701295],
		[34.9411255,193.3330445],
		[34.9411255,102.8233765],
		[136.764502,102.8233765],
		[136.764502,182.019336],
		[136.764502,249.901587],
		[80.19595949,80.19595949],
		[80.19595949,23.627417]
	],
	"score": 1.050426314
}
