{
	"point": [
		[209.9993901,538.4270031],
		[209.9993901,418.9987802],
		[195.0708622,299.5705573],
		[254.7849737,269.7135016],
		[254.7849737,404.0702523],
		[254.7849737,553.355531],
		[165.2138065,344.3561409],
		[150.2852786,239.8564458],
		[165.2138065,150.2852786],
		[269.7135016,135.3567508],
		[269.7135016,254.7849737],
		[299.5705573,329.427613],
		[209.9993901,120.4282229],
		[209.9993901,45.78558359]
	],
	"score": 1.434433075
}
