{
	"point": [
		[140.2880901,544.2235515],
		[126.3592811,418.8642704],
		[126.3592811,307.4337983],
		[182.0745172,293.5049893],
		[182.0745172,418.8642704],
		[154.2168991,544.2235515],
		[84.57285408,321.3626073],
		[70.64404506,223.8609442],
		[98.50166309,126.3592811],
		[196.0033262,112.4304721],
		[209.9321352,209.9321352],
		[196.0033262,307.4337983],
		[140.2880901,98.50166309],
		[140.2880901,28.85761803]
	],
	"score": 1.785771873
}
