{
	"point": {
		"_ArrayType_": "double",
		"_ArraySize_": [14,2,2],
		"_ArrayData_": [122.2573253,110.1315928,85.88012772,158.6345229,158.6345229,146.5087904,73.75439519,37.3771976,73.75439519,182.885988,219.2631856,182.885988,122.2573253,122.2573253,546.6579639,413.2749061,267.7661157,255.6403832,413.2749061,546.6579639,231.3889181,182.885988,122.2573253,110.1315928,182.885988,231.3889181,98.00586026,37.3771976,340.5205109,316.2690458,316.2690458,364.771976,352.6462434,352.6462434,292.0175808,292.0175808,304.1433133,401.1491736,449.6521037,401.1491736,352.6462434,352.6462434,522.4064989,401.1491736,255.6403832,255.6403832,413.2749061,522.4064989,279.8918482,207.137453,122.2573253,134.3830579,207.137453,243.5146506,98.00586026,37.3771976]
	},
	"score": [0.9978667385,0.4054313409]
}
