{
	"point": [
		[191.0091392,507.6910377],
		[180.4530759,391.5743416],
		[180.4530759,275.4576454],
		[222.677329,286.0137087],
		[212.1212657,391.5743416],
		[212.1212657,486.5789112],
		[159.3409493,328.2379619],
		[159.3409493,254.3455189],
		[159.3409493,180.4530759],
		[243.7894556,169.8970126],
		[254.3455189,243.7894556],
		[254.3455189,328.2379619],
		[201.5652024,159.3409493],
		[201.5652024,96.00456958]
	],
	"score": 1.131419159
}
