{
	"point": [
		[168.1457082,544.2235515],
		[168.1457082,418.8642704],
		[154.2168991,279.5761803],
		[209.9321352,307.4337983],
		[209.9321352,432.7930794],
		[209.9321352,558.1523605],
		[126.3592811,349.2202253],
		[126.3592811,237.7897532],
		[126.3592811,140.2880901],
		[223.8609442,140.2880901],
		[237.7897532,223.8609442],
		[251.7185622,335.2914163],
		[168.1457082,126.3592811],
		[182.0745172,42.78642704]
	],
	"score": 1.263566448
}
