{
	"point": [
		[112.4304721,544.2235515],
		[112.4304721,404.9354614],
		[98.50166309,251.7185622],
		[168.1457082,279.5761803],
		[168.1457082,404.9354614],
		[196.0033262,530.2947425],
		[70.64404506,321.3626073],
		[84.57285408,209.9321352],
		[98.50166309,112.4304721],
		[209.9321352,112.4304721],
		[209.9321352,209.9321352],
		[182.0745172,279.5761803],
		[154.2168991,98.50166309],
		[154.2168991,28.85761803]
	],
	"score": 1.30913768
}
