{
	"point": [
		[317.783838,634.5676759],
		[182.019336,589.3128419],
		[159.391919,385.666089],
		[249.901587,408.293506],
		[249.901587,611.9402589],
		[68.88225099,611.9402589],
		[91.50966799,476.175757],
		[91.50966799,317.783838],
		[114.137085,182.019336],
		[295.156421,182.019336],
		[295.156421,340.411255],
		[295.156421,498.803174],
		[204.646753,159.391919],
		[204.646753,46.254834]
	],
	"score": 1.125606405
}
