{
	"point": [
		[85.88012772,534.5322314],
		[61.62866266,413.2749061],
		[61.62866266,255.6403832],
		[110.1315928,267.7661157],
		[98.00586026,413.2749061],
		[98.00586026,522.4064989],
		[37.3771976,231.3889181],
		[49.50293013,182.885988],
		[37.3771976,110.1315928],
		[146.5087904,110.1315928],
		[146.5087904,158.6345229],
		[146.5087904,146.5087904],
		[85.88012772,85.88012772],
		[85.88012772,25.25146506]
	],
	"score": 1.132311033
}
