{
	"point": [
		[140.2880901,544.2235515],
		[112.4304721,391.0066524],
		[112.4304721,237.7897532],
		[168.1457082,279.5761803],
		[154.2168991,404.9354614],
		[154.2168991,544.2235515],
		[84.57285408,307.4337983],
		[98.50166309,196.0033262],
		[112.4304721,112.4304721],
		[209.9321352,112.4304721],
		[209.9321352,209.9321352],
		[196.0033262,293.5049893],
		[154.2168991,84.57285408],
		[154.2168991,28.85761803]
	],
	"score": 1.128583204
}
