{
	"point": [
		[73.75439519,546.6579639],
		[49.50293013,413.2749061],
		[49.50293013,279.8918482],
		[98.00586026,279.8918482],
		[98.00586026,413.2749061],
		[85.88012772,558.7836965],
		[37.3771976,98.00586026],
		[25.25146506,170.7602554],
		[37.3771976,110.1315928],
		[134.3830579,110.1315928],
		[182.885988,182.885988],
		[122.2573253,231.3889181],
		[85.88012772,98.00586026],
		[85.88012772,25.25146506]
	],
	"score": 1.201703069
}
