{
	"point": [
		[234.9286902,546.8336104],
		[208.9366135,390.8811503],
		[208.9366135,273.9168052],
		[273.9168052,273.9168052],
		[299.9088819,390.8811503],
		[273.9168052,507.8454953],
		[195.9405751,273.9168052],
		[169.9484984,208.9366135],
		[182.9445368,117.9643451],
		[273.9168052,117.9643451],
		[286.9128435,195.9405751],
		[325.9009585,273.9168052],
		[234.9286902,91.97226839],
		[234.9286902,26.99207668]
	],
	"score": 1.038002774
}
