{
	"point": [
		[195.0117205,522.4064989],
		[182.885988,401.1491736],
		[182.885988,255.6403832],
		[231.3889181,279.8918482],
		[231.3889181,413.2749061],
		[219.2631856,522.4064989],
		[146.5087904,292.0175808],
		[146.5087904,195.0117205],
		[158.6345229,110.1315928],
		[255.6403832,122.2573253],
		[292.0175808,182.885988],
		[243.5146506,231.3889181],
		[207.137453,98.00586026],
		[207.137453,25.25146506]
	],
	"score": 1.599175652
}
