{
	"point": [
		[208.9366135,559.8296487],
		[195.9405751,403.8771886],
		[195.9405751,247.9247285],
		[260.9207668,260.9207668],
		[260.9207668,403.8771886],
		[247.9247285,559.8296487],
		[156.9524601,260.9207668],
		[182.9445368,182.9445368],
		[182.9445368,104.9683067],
		[299.9088819,91.97226839],
		[286.9128435,208.9366135],
		[325.9009585,299.9088819],
		[247.9247285,78.97623005],
		[247.9247285,13.99603834]
	],
	"score": 1.482880838
}
