{
	"point": [
		[224.927918,553.355531],
		[209.9993901,404.0702523],
		[195.0708622,239.8564458],
		[254.7849737,254.7849737],
		[254.7849737,404.0702523],
		[239.8564458,553.355531],
		[165.2138065,314.4990852],
		[180.1423344,209.9993901],
		[180.1423344,105.4996951],
		[284.6420294,90.57116719],
		[284.6420294,180.1423344],
		[299.5705573,269.7135016],
		[224.927918,75.64263932],
		[224.927918,1]
	],
	"score": 1.737414518
}
