{
	"point": [
		[182.885988,546.6579639],
		[182.885988,401.1491736],
		[182.885988,267.7661157],
		[231.3889181,267.7661157],
		[231.3889181,401.1491736],
		[231.3889181,558.7836965],
		[146.5087904,292.0175808],
		[146.5087904,219.2631856],
		[158.6345229,122.2573253],
		[255.6403832,122.2573253],
		[255.6403832,207.137453],
		[255.6403832,292.0175808],
		[207.137453,98.00586026],
		[207.137453,25.25146506]
	],
	"score": 1.460949697
}
