{
	"point": [
		[112.4304721,558.1523605],
		[140.2880901,432.7930794],
		[112.4304721,279.5761803],
		[168.1457082,265.6473712],
		[168.1457082,418.8642704],
		[154.2168991,558.1523605],
		[84.57285408,307.4337983],
		[70.64404506,209.9321352],
		[84.57285408,112.4304721],
		[196.0033262,126.3592811],
		[209.9321352,209.9321352],
		[168.1457082,237.7897532],
		[140.2880901,98.50166309],
		[140.2880901,28.85761803]
	],
	"score": 1.169565002
}
