{
	"point": [
		[112.4304721,544.2235515],
		[112.4304721,418.8642704],
		[98.50166309,293.5049893],
		[154.2168991,265.6473712],
		[154.2168991,418.8642704],
		[154.2168991,544.2235515],
		[70.64404506,251.7185622],
		[42.78642704,196.0033262],
		[84.57285408,112.4304721],
		[182.0745172,126.3592811],
		[196.0033262,223.8609442],
		[196.0033262,321.3626073],
		[140.2880901,98.50166309],
		[140.2880901,28.85761803]
	],
	"score": 1.076498835
}
