{
	"point": [
		[255.6403832,534.5322314],
		[243.5146506,425.4006386],
		[219.2631856,292.0175808],
		[267.7661157,292.0175808],
		[267.7661157,413.2749061],
		[243.5146506,534.5322314],
		[182.885988,328.3947784],
		[207.137453,255.6403832],
		[207.137453,182.885988],
		[304.1433133,182.885988],
		[340.5205109,243.5146506],
		[292.0175808,279.8918482],
		[255.6403832,170.7602554],
		[255.6403832,110.1315928]
	],
	"score": 1.569044098
}
