{
	"point": [
		[156.9524601,507.8454953],
		[182.9445368,390.8811503],
		[182.9445368,286.9128435],
		[234.9286902,273.9168052],
		[221.9326518,390.8811503],
		[208.9366135,520.8415337],
		[143.9564218,286.9128435],
		[143.9564218,208.9366135],
		[143.9564218,130.9603834],
		[234.9286902,130.9603834],
		[247.9247285,208.9366135],
		[247.9247285,299.9088819],
		[182.9445368,104.9683067],
		[182.9445368,39.98811503]
	],
	"score": 1.553920879
}
