{
	"point": [
		[182.9445368,507.8454953],
		[130.9603834,390.8811503],
		[156.9524601,260.9207668],
		[221.9326518,260.9207668],
		[208.9366135,377.8851119],
		[195.9405751,507.8454953],
		[143.9564218,169.9484984],
		[143.9564218,169.9484984],
		[156.9524601,117.9643451],
		[247.9247285,130.9603834],
		[247.9247285,208.9366135],
		[247.9247285,312.9049202],
		[208.9366135,104.9683067],
		[208.9366135,39.98811503]
	],
	"score": 1.430014189
}
