{
	"point": [
		[143.9564218,533.837572],
		[156.9524601,403.8771886],
		[169.9484984,260.9207668],
		[221.9326518,273.9168052],
		[221.9326518,403.8771886],
		[208.9366135,533.837572],
		[130.9603834,325.9009585],
		[156.9524601,221.9326518],
		[156.9524601,130.9603834],
		[260.9207668,117.9643451],
		[260.9207668,208.9366135],
		[273.9168052,286.9128435],
		[208.9366135,104.9683067],
		[208.9366135,26.99207668]
	],
	"score": 1.020180974
}
