{
	"point": [
		[150.2852786,508.5699474],
		[120.4282229,389.1417245],
		[120.4282229,254.7849737],
		[180.1423344,269.7135016],
		[165.2138065,404.0702523],
		[135.3567508,553.355531],
		[90.57116719,314.4990852],
		[90.57116719,195.0708622],
		[120.4282229,105.4996951],
		[209.9993901,120.4282229],
		[209.9993901,224.927918],
		[239.8564458,314.4990852],
		[165.2138065,90.57116719],
		[180.1423344,30.85705573]
	],
	"score": 1.203086577
}
