{
	"point": [
		[207.8322614,503.3069206],
		[188.1339508,404.8153676],
		[188.1339508,306.3238145],
		[237.3797274,326.0221251],
		[227.5305721,414.6645229],
		[257.078038,503.3069206],
		[158.5864849,335.8712804],
		[168.4356402,266.9271933],
		[168.4356402,197.9831061],
		[247.2288827,197.9831061],
		[247.2288827,266.9271933],
		[257.078038,335.8712804],
		[207.8322614,188.1339508],
		[207.8322614,138.8881743]
	],
	"score": 1.010953807
}
