{
	"point": [
		[195.0117205,534.5322314],
		[195.0117205,401.1491736],
		[182.885988,255.6403832],
		[243.5146506,279.8918482],
		[243.5146506,401.1491736],
		[231.3889181,534.5322314],
		[158.6345229,304.1433133],
		[170.7602554,219.2631856],
		[170.7602554,134.3830579],
		[267.7661157,134.3830579],
		[279.8918482,219.2631856],
		[279.8918482,304.1433133],
		[219.2631856,110.1315928],
		[231.3889181,37.3771976]
	],
	"score": 1.147727844
}
