{
	"point": [
		[130.9603834,546.8336104],
		[130.9603834,403.8771886],
		[117.9643451,247.9247285],
		[169.9484984,312.9049202],
		[169.9484984,442.8653036],
		[169.9484984,559.8296487],
		[91.97226839,299.9088819],
		[104.9683067,195.9405751],
		[104.9683067,104.9683067],
		[195.9405751,117.9643451],
		[208.9366135,182.9445368],
		[208.9366135,260.9207668],
		[156.9524601,91.97226839],
		[156.9524601,26.99207668]
	],
	"score": 1.207971174
}
