{
	"point": [
		[209.9321352,516.3659335],
		[182.0745172,391.0066524],
		[154.2168991,237.7897532],
		[196.0033262,265.6473712],
		[196.0033262,404.9354614],
		[223.8609442,530.2947425],
		[112.4304721,279.5761803],
		[126.3592811,196.0033262],
		[140.2880901,126.3592811],
		[237.7897532,126.3592811],
		[237.7897532,209.9321352],
		[237.7897532,293.5049893],
		[182.0745172,112.4304721],
		[182.0745172,42.78642704]
	],
	"score": 1.038638261
}
