{
	"point": [
		[130.9603834,546.8336104],
		[117.9643451,403.8771886],
		[117.9643451,247.9247285],
		[169.9484984,286.9128435],
		[182.9445368,403.8771886],
		[169.9484984,559.8296487],
		[78.97623005,325.9009585],
		[78.97623005,208.9366135],
		[91.97226839,117.9643451],
		[195.9405751,117.9643451],
		[195.9405751,195.9405751],
		[143.9564218,234.9286902],
		[143.9564218,91.97226839],
		[143.9564218,26.99207668]
	],
	"score": 1.148710786
}
