{
	"point": [
		[182.9445368,546.8336104],
		[169.9484984,403.8771886],
		[169.9484984,273.9168052],
		[221.9326518,273.9168052],
		[221.9326518,416.8732269],
		[208.9366135,546.8336104],
		[130.9603834,325.9009585],
		[156.9524601,221.9326518],
		[156.9524601,130.9603834],
		[247.9247285,130.9603834],
		[260.9207668,221.9326518],
		[260.9207668,312.9049202],
		[195.9405751,104.9683067],
		[195.9405751,26.99207668]
	],
	"score": 1.640688028
}
