{
	"point": [
		[182.885988,522.4064989],
		[182.885988,401.1491736],
		[170.7602554,279.8918482],
		[231.3889181,279.8918482],
		[231.3889181,401.1491736],
		[207.137453,522.4064989],
		[146.5087904,231.3889181],
		[146.5087904,170.7602554],
		[146.5087904,122.2573253],
		[231.3889181,122.2573253],
		[243.5146506,170.7602554],
		[219.2631856,231.3889181],
		[182.885988,98.00586026],
		[182.885988,37.3771976]
	],
	"score": 1.086008534
}
