{
	"point": [
		[279.5761803,544.2235515],
		[251.7185622,404.9354614],
		[251.7185622,293.5049893],
		[335.2914163,279.5761803],
		[335.2914163,404.9354614],
		[377.0778433,530.2947425],
		[196.0033262,321.3626073],
		[223.8609442,209.9321352],
		[251.7185622,112.4304721],
		[349.2202253,112.4304721],
		[349.2202253,209.9321352],
		[363.1490343,293.5049893],
		[293.5049893,84.57285408],
		[293.5049893,28.85761803]
	],
	"score": 1.156751727
}
