{
	"point": [
		[247.9247285,429.8692653],
		[208.9366135,377.8851119],
		[221.9326518,247.9247285],
		[273.9168052,234.9286902],
		[273.9168052,351.8930352],
		[247.9247285,481.8534186],
		[195.9405751,299.9088819],
		[195.9405751,195.9405751],
		[195.9405751,130.9603834],
		[286.9128435,117.9643451],
		[299.9088819,208.9366135],
		[312.9049202,299.9088819],
		[234.9286902,104.9683067],
		[234.9286902,39.98811503]
	],
	"score": 1.125733926
}
