{
	"point": [
		[377.8851119,546.8336104],
		[351.8930352,416.8732269],
		[299.9088819,273.9168052],
		[312.9049202,247.9247285],
		[273.9168052,416.8732269],
		[260.9207668,546.8336104],
		[247.9247285,195.9405751],
		[247.9247285,195.9405751],
		[260.9207668,117.9643451],
		[351.8930352,130.9603834],
		[351.8930352,195.9405751],
		[377.8851119,273.9168052],
		[312.9049202,104.9683067],
		[312.9049202,39.98811503]
	],
	"score": 1.00856904
}
