{
	"point": [
		[231.3889181,510.2807663],
		[207.137453,401.1491736],
		[182.885988,267.7661157],
		[243.5146506,292.0175808],
		[243.5146506,413.2749061],
		[219.2631856,558.7836965],
		[134.3830579,292.0175808],
		[158.6345229,195.0117205],
		[158.6345229,110.1315928],
		[267.7661157,110.1315928],
		[267.7661157,207.137453],
		[279.8918482,304.1433133],
		[219.2631856,85.88012772],
		[219.2631856,13.12573253]
	],
	"score": 1.188329397
}
