{
	"point": [
		[120.4282229,523.4984753],
		[135.3567508,448.8558359],
		[135.3567508,314.4990852],
		[180.1423344,284.6420294],
		[165.2138065,359.2846688],
		[165.2138065,493.6414195],
		[90.57116719,299.5705573],
		[60.71411146,224.927918],
		[105.4996951,150.2852786],
		[224.927918,150.2852786],
		[239.8564458,254.7849737],
		[224.927918,359.2846688],
		[165.2138065,120.4282229],
		[165.2138065,30.85705573]
	],
	"score": 1.012198543
}
