{
	"point": [
		[182.9445368,533.837572],
		[169.9484984,403.8771886],
		[169.9484984,286.9128435],
		[221.9326518,286.9128435],
		[208.9366135,403.8771886],
		[195.9405751,533.837572],
		[130.9603834,247.9247285],
		[91.97226839,195.9405751],
		[143.9564218,130.9603834],
		[247.9247285,130.9603834],
		[299.9088819,208.9366135],
		[247.9247285,234.9286902],
		[195.9405751,104.9683067],
		[195.9405751,39.98811503]
	],
	"score": 2.146909812
}
