{
	"point": [
		[112.4304721,530.2947425],
		[112.4304721,418.8642704],
		[98.50166309,265.6473712],
		[154.2168991,251.7185622],
		[154.2168991,404.9354614],
		[154.2168991,530.2947425],
		[56.71523605,321.3626073],
		[84.57285408,223.8609442],
		[84.57285408,126.3592811],
		[182.0745172,126.3592811],
		[182.0745172,209.9321352],
		[140.2880901,293.5049893],
		[126.3592811,98.50166309],
		[126.3592811,28.85761803]
	],
	"score": 1.387330272
}
