{
	"point": [
		[154.2168991,544.2235515],
		[140.2880901,418.8642704],
		[112.4304721,279.5761803],
		[168.1457082,279.5761803],
		[154.2168991,418.8642704],
		[140.2880901,558.1523605],
		[84.57285408,335.2914163],
		[84.57285408,223.8609442],
		[98.50166309,126.3592811],
		[182.0745172,126.3592811],
		[196.0033262,223.8609442],
		[196.0033262,321.3626073],
		[140.2880901,98.50166309],
		[140.2880901,28.85761803]
	],
	"score": 1.072666837
}
