{
	"point": {
		"_ArrayType_": "double",
		"_ArraySize_": [14,2,2],
		"_ArrayData_": [221.9326518,208.9366135,195.9405751,247.9247285,247.9247285,234.9286902,156.9524601,169.9484984,182.9445368,286.9128435,273.9168052,299.9088819,247.9247285,247.9247285,546.8336104,429.8692653,273.9168052,286.9128435,442.8653036,559.8296487,312.9049202,234.9286902,130.9603834,130.9603834,221.9326518,299.9088819,104.9683067,39.98811503,50.24577653,50.24577653,40.39662123,79.79324245,79.79324245,60.09493184,69.94408715,20.69831061,30.54746592,99.49155307,89.64239776,99.49155307,60.09493184,69.94408715,385.117057,296.4746592,188.1339508,207.8322614,296.4746592,385.117057,119.1898637,138.8881743,79.79324245,89.64239776,158.5864849,227.5305721,69.94408715,20.69831061]
	},
	"score": [0.5366595537,0.4363142643]
}
