{
	"point": [
		[140.2880901,516.3659335],
		[140.2880901,404.9354614],
		[126.3592811,265.6473712],
		[182.0745172,279.5761803],
		[182.0745172,418.8642704],
		[168.1457082,544.2235515],
		[98.50166309,251.7185622],
		[56.71523605,196.0033262],
		[98.50166309,112.4304721],
		[209.9321352,112.4304721],
		[223.8609442,196.0033262],
		[209.9321352,307.4337983],
		[154.2168991,98.50166309],
		[154.2168991,28.85761803]
	],
	"score": 1.675991489
}
