{
	"point": [
		[170.7602554,522.4064989],
		[158.6345229,401.1491736],
		[158.6345229,243.5146506],
		[207.137453,267.7661157],
		[195.0117205,389.023441],
		[182.885988,522.4064989],
		[146.5087904,243.5146506],
		[134.3830579,158.6345229],
		[146.5087904,110.1315928],
		[243.5146506,122.2573253],
		[243.5146506,207.137453],
		[243.5146506,292.0175808],
		[195.0117205,98.00586026],
		[195.0117205,37.3771976]
	],
	"score": 1.406108264
}
