{
	"point": [
		[219.2631856,522.4064989],
		[195.0117205,401.1491736],
		[170.7602554,267.7661157],
		[243.5146506,279.8918482],
		[231.3889181,401.1491736],
		[219.2631856,546.6579639],
		[134.3830579,255.6403832],
		[158.6345229,195.0117205],
		[170.7602554,110.1315928],
		[267.7661157,122.2573253],
		[267.7661157,207.137453],
		[279.8918482,304.1433133],
		[219.2631856,98.00586026],
		[219.2631856,37.3771976]
	],
	"score": 1.190767485
}
