{
	"point": [
		[182.9445368,546.8336104],
		[169.9484984,429.8692653],
		[169.9484984,299.9088819],
		[221.9326518,299.9088819],
		[221.9326518,429.8692653],
		[195.9405751,559.8296487],
		[130.9603834,299.9088819],
		[130.9603834,234.9286902],
		[143.9564218,143.9564218],
		[234.9286902,143.9564218],
		[260.9207668,234.9286902],
		[286.9128435,325.9009585],
		[182.9445368,117.9643451],
		[182.9445368,39.98811503]
	],
	"score": 1.254644728
}
