{
	"point": [
		[140.2880901,558.1523605],
		[126.3592811,418.8642704],
		[112.4304721,265.6473712],
		[196.0033262,251.7185622],
		[182.0745172,418.8642704],
		[168.1457082,558.1523605],
		[84.57285408,307.4337983],
		[98.50166309,196.0033262],
		[112.4304721,112.4304721],
		[209.9321352,112.4304721],
		[223.8609442,196.0033262],
		[223.8609442,307.4337983],
		[154.2168991,84.57285408],
		[154.2168991,14.92880901]
	],
	"score": 1.157240383
}
