{
	"point": [
		[104.9683067,559.8296487],
		[117.9643451,416.8732269],
		[117.9643451,260.9207668],
		[169.9484984,273.9168052],
		[169.9484984,416.8732269],
		[156.9524601,559.8296487],
		[104.9683067,312.9049202],
		[91.97226839,208.9366135],
		[104.9683067,104.9683067],
		[195.9405751,117.9643451],
		[208.9366135,208.9366135],
		[208.9366135,312.9049202],
		[156.9524601,91.97226839],
		[156.9524601,26.99207668]
	],
	"score": 1.31485562
}
