{
	"point": [
		[182.9445368,507.8454953],
		[169.9484984,377.8851119],
		[169.9484984,273.9168052],
		[208.9366135,273.9168052],
		[195.9405751,390.8811503],
		[195.9405751,507.8454953],
		[130.9603834,247.9247285],
		[104.9683067,195.9405751],
		[143.9564218,130.9603834],
		[234.9286902,130.9603834],
		[286.9128435,208.9366135],
		[234.9286902,247.9247285],
		[195.9405751,104.9683067],
		[182.9445368,39.98811503]
	],
	"score": 1.71387559
}
