{
	"point": [
		[195.9405751,507.8454953],
		[143.9564218,390.8811503],
		[169.9484984,273.9168052],
		[221.9326518,273.9168052],
		[221.9326518,390.8811503],
		[208.9366135,507.8454953],
		[130.9603834,221.9326518],
		[78.97623005,169.9484984],
		[130.9603834,117.9643451],
		[234.9286902,117.9643451],
		[299.9088819,182.9445368],
		[234.9286902,221.9326518],
		[195.9405751,104.9683067],
		[195.9405751,39.98811503]
	],
	"score": 1.330838654
}
