{
	"point": {
		"_ArrayType_": "double",
		"_ArraySize_": [14,2,2],
		"_ArrayData_": [195.9405751,169.9484984,169.9484984,221.9326518,221.9326518,195.9405751,130.9603834,143.9564218,156.9524601,260.9207668,273.9168052,273.9168052,208.9366135,208.9366135,507.8454953,390.8811503,260.9207668,286.9128435,429.8692653,559.8296487,312.9049202,208.9366135,104.9683067,117.9643451,208.9366135,299.9088819,91.97226839,26.99207668,26.7225631,26.7225631,35.2967508,61.0193139,52.4451262,43.8709385,43.8709385,43.8709385,35.2967508,86.741877,95.3160647,95.3160647,61.0193139,61.0193139,292.5223818,206.7805048,146.7611909,138.1870032,206.7805048,292.5223818,181.0579417,129.6128155,78.1676893,61.0193139,112.4644401,155.3353786,61.0193139,26.7225631]
	},
	"score": [1.340571845,-0.01237909139]
}
