{
	"point": [
		[234.9286902,533.837572],
		[208.9366135,377.8851119],
		[208.9366135,234.9286902],
		[260.9207668,247.9247285],
		[260.9207668,364.8890736],
		[234.9286902,481.8534186],
		[169.9484984,312.9049202],
		[182.9445368,195.9405751],
		[182.9445368,104.9683067],
		[286.9128435,104.9683067],
		[299.9088819,195.9405751],
		[286.9128435,299.9088819],
		[234.9286902,78.97623005],
		[221.9326518,26.99207668]
	],
	"score": 1.085081654
}
