{
	"point": [
		[150.2852786,553.355531],
		[105.4996951,418.9987802],
		[105.4996951,299.5705573],
		[180.1423344,299.5705573],
		[165.2138065,418.9987802],
		[150.2852786,553.355531],
		[90.57116719,314.4990852],
		[90.57116719,209.9993901],
		[90.57116719,120.4282229],
		[209.9993901,135.3567508],
		[209.9993901,224.927918],
		[209.9993901,329.427613],
		[165.2138065,105.4996951],
		[165.2138065,30.85705573]
	],
	"score": 1.062744465
}
