{
	"point": [
		[117.9643451,559.8296487],
		[130.9603834,416.8732269],
		[117.9643451,299.9088819],
		[182.9445368,273.9168052],
		[182.9445368,416.8732269],
		[169.9484984,559.8296487],
		[91.97226839,325.9009585],
		[91.97226839,234.9286902],
		[117.9643451,130.9603834],
		[208.9366135,117.9643451],
		[208.9366135,195.9405751],
		[195.9405751,260.9207668],
		[169.9484984,104.9683067],
		[169.9484984,26.99207668]
	],
	"score": 1.358809893
}
