{
	"point": [
		[276.7763486,631.3459396],
		[158.5864849,591.9493184],
		[158.5864849,375.2679017],
		[237.3797274,414.6645229],
		[237.3797274,611.647629],
		[79.79324245,611.647629],
		[119.1898637,493.4577653],
		[119.1898637,335.8712804],
		[119.1898637,197.9831061],
		[276.7763486,178.2847955],
		[276.7763486,316.1729698],
		[296.4746592,473.7594547],
		[197.9831061,158.5864849],
		[197.9831061,40.39662123]
	],
	"score": 1.110134815
}
