{
	"point": [
		[182.9445368,533.837572],
		[156.9524601,403.8771886],
		[169.9484984,299.9088819],
		[221.9326518,273.9168052],
		[221.9326518,403.8771886],
		[221.9326518,520.8415337],
		[143.9564218,312.9049202],
		[156.9524601,208.9366135],
		[156.9524601,117.9643451],
		[260.9207668,117.9643451],
		[299.9088819,182.9445368],
		[234.9286902,221.9326518],
		[195.9405751,91.97226839],
		[195.9405751,26.99207668]
	],
	"score": 1.393173431
}
