{
	"point": [
		[135.3567508,553.355531],
		[105.4996951,404.0702523],
		[105.4996951,239.8564458],
		[165.2138065,254.7849737],
		[165.2138065,404.0702523],
		[150.2852786,553.355531],
		[75.64263932,314.4990852],
		[75.64263932,209.9993901],
		[75.64263932,105.4996951],
		[195.0708622,105.4996951],
		[180.1423344,209.9993901],
		[209.9993901,299.5705573],
		[135.3567508,90.57116719],
		[135.3567508,15.92852786]
	],
	"score": 1.850481454
}
