{
	"point": [
		[241.0772556,532.5996374],
		[223.9288802,412.5610096],
		[223.9288802,275.3740064],
		[275.3740064,309.6707572],
		[258.225631,429.709385],
		[241.0772556,549.7480128],
		[189.6321294,309.6707572],
		[189.6321294,206.7805048],
		[206.7805048,121.0386278],
		[309.6707572,138.1870032],
		[361.1158834,206.7805048],
		[292.5223818,258.225631],
		[258.225631,103.8902524],
		[258.225631,35.2967508]
	],
	"score": 1.173997591
}
