{
	"point": [
		[182.9445368,546.8336104],
		[143.9564218,429.8692653],
		[117.9643451,273.9168052],
		[156.9524601,273.9168052],
		[156.9524601,416.8732269],
		[130.9603834,559.8296487],
		[117.9643451,78.97623005],
		[104.9683067,156.9524601],
		[104.9683067,104.9683067],
		[195.9405751,117.9643451],
		[195.9405751,208.9366135],
		[195.9405751,312.9049202],
		[156.9524601,91.97226839],
		[156.9524601,26.99207668]
	],
	"score": 1.147005379
}
