{
	"point": [
		[154.2168991,558.1523605],
		[140.2880901,418.8642704],
		[140.2880901,265.6473712],
		[182.0745172,279.5761803],
		[182.0745172,404.9354614],
		[168.1457082,558.1523605],
		[112.4304721,307.4337983],
		[112.4304721,209.9321352],
		[112.4304721,112.4304721],
		[209.9321352,126.3592811],
		[209.9321352,196.0033262],
		[223.8609442,307.4337983],
		[154.2168991,98.50166309],
		[154.2168991,28.85761803]
	],
	"score": 1.193137304
}
