{
	"point": [
		[223.8609442,544.2235515],
		[196.0033262,418.8642704],
		[154.2168991,293.5049893],
		[223.8609442,251.7185622],
		[223.8609442,418.8642704],
		[223.8609442,544.2235515],
		[112.4304721,293.5049893],
		[140.2880901,223.8609442],
		[154.2168991,126.3592811],
		[251.7185622,126.3592811],
		[251.7185622,196.0033262],
		[237.7897532,251.7185622],
		[209.9321352,98.50166309],
		[209.9321352,28.85761803]
	],
	"score": 1.017665452
}
