{
	"point": [
		[234.9286902,546.8336104],
		[208.9366135,403.8771886],
		[195.9405751,260.9207668],
		[247.9247285,286.9128435],
		[247.9247285,416.8732269],
		[247.9247285,546.8336104],
		[182.9445368,247.9247285],
		[156.9524601,208.9366135],
		[169.9484984,130.9603834],
		[286.9128435,130.9603834],
		[325.9009585,195.9405751],
		[273.9168052,247.9247285],
		[221.9326518,104.9683067],
		[221.9326518,26.99207668]
	],
	"score": 1.161088308
}
