{
	"point": [
		[154.2168991,530.2947425],
		[140.2880901,404.9354614],
		[126.3592811,265.6473712],
		[182.0745172,251.7185622],
		[168.1457082,418.8642704],
		[182.0745172,544.2235515],
		[84.57285408,321.3626073],
		[98.50166309,223.8609442],
		[112.4304721,140.2880901],
		[209.9321352,126.3592811],
		[237.7897532,209.9321352],
		[223.8609442,307.4337983],
		[154.2168991,112.4304721],
		[154.2168991,28.85761803]
	],
	"score": 1.558650859
}
