{
	"point": [
		[223.8609442,544.2235515],
		[209.9321352,404.9354614],
		[168.1457082,237.7897532],
		[251.7185622,251.7185622],
		[237.7897532,391.0066524],
		[223.8609442,516.3659335],
		[112.4304721,293.5049893],
		[140.2880901,196.0033262],
		[168.1457082,112.4304721],
		[279.5761803,112.4304721],
		[335.2914163,182.0745172],
		[293.5049893,237.7897532],
		[223.8609442,98.50166309],
		[223.8609442,28.85761803]
	],
	"score": 1.057793476
}
