{
	"point": [
		[209.9993901,553.355531],
		[209.9993901,418.9987802],
		[195.0708622,254.7849737],
		[239.8564458,269.7135016],
		[224.927918,418.9987802],
		[224.927918,553.355531],
		[165.2138065,254.7849737],
		[105.4996951,195.0708622],
		[150.2852786,120.4282229],
		[254.7849737,120.4282229],
		[269.7135016,239.8564458],
		[299.5705573,329.427613],
		[209.9993901,90.57116719],
		[209.9993901,15.92852786]
	],
	"score": 1.443842388
}
