{
	"point": [
		[135.3567508,538.4270031],
		[120.4282229,404.0702523],
		[120.4282229,254.7849737],
		[165.2138065,284.6420294],
		[165.2138065,418.9987802],
		[180.1423344,553.355531],
		[90.57116719,314.4990852],
		[105.4996951,209.9993901],
		[105.4996951,120.4282229],
		[209.9993901,105.4996951],
		[209.9993901,209.9993901],
		[209.9993901,314.4990852],
		[150.2852786,90.57116719],
		[150.2852786,15.92852786]
	],
	"score": 1.836022461
}
