{
	"point": [
		[219.2631856,546.6579639],
		[195.0117205,401.1491736],
		[170.7602554,255.6403832],
		[231.3889181,279.8918482],
		[219.2631856,413.2749061],
		[219.2631856,546.6579639],
		[134.3830579,292.0175808],
		[134.3830579,219.2631856],
		[146.5087904,134.3830579],
		[243.5146506,122.2573253],
		[243.5146506,219.2631856],
		[255.6403832,304.1433133],
		[195.0117205,110.1315928],
		[195.0117205,37.3771976]
	],
	"score": 1.186454387
}
