{
	"point": [
		[130.9603834,546.8336104],
		[130.9603834,416.8732269],
		[117.9643451,273.9168052],
		[182.9445368,286.9128435],
		[169.9484984,416.8732269],
		[156.9524601,546.8336104],
		[78.97623005,234.9286902],
		[52.98415337,182.9445368],
		[91.97226839,117.9643451],
		[195.9405751,117.9643451],
		[195.9405751,182.9445368],
		[221.9326518,247.9247285],
		[143.9564218,91.97226839],
		[143.9564218,26.99207668]
	],
	"score": 1.258285385
}
