{
	"point": [
		[237.7897532,544.2235515],
		[223.8609442,404.9354614],
		[209.9321352,265.6473712],
		[279.5761803,279.5761803],
		[265.6473712,418.8642704],
		[265.6473712,544.2235515],
		[182.0745172,293.5049893],
		[196.0033262,209.9321352],
		[196.0033262,126.3592811],
		[307.4337983,126.3592811],
		[321.3626073,209.9321352],
		[307.4337983,321.3626073],
		[251.7185622,112.4304721],
		[251.7185622,42.78642704]
	],
	"score": 1.242304494
}
