{
	"point": [
		[293.5049893,544.2235515],
		[279.5761803,404.9354614],
		[279.5761803,265.6473712],
		[321.3626073,251.7185622],
		[293.5049893,404.9354614],
		[307.4337983,544.2235515],
		[251.7185622,293.5049893],
		[251.7185622,209.9321352],
		[251.7185622,112.4304721],
		[335.2914163,126.3592811],
		[335.2914163,196.0033262],
		[349.2202253,293.5049893],
		[293.5049893,98.50166309],
		[293.5049893,28.85761803]
	],
	"score": 1.386140909
}
