{
	"point": [
		[154.2168991,544.2235515],
		[140.2880901,418.8642704],
		[126.3592811,251.7185622],
		[196.0033262,265.6473712],
		[196.0033262,404.9354614],
		[168.1457082,544.2235515],
		[98.50166309,321.3626073],
		[98.50166309,209.9321352],
		[112.4304721,112.4304721],
		[223.8609442,112.4304721],
		[237.7897532,209.9321352],
		[251.7185622,307.4337983],
		[168.1457082,98.50166309],
		[168.1457082,28.85761803]
	],
	"score": 1.112260064
}
