{
	"point": [
		[130.9603834,533.837572],
		[117.9643451,390.8811503],
		[117.9643451,247.9247285],
		[169.9484984,273.9168052],
		[156.9524601,416.8732269],
		[156.9524601,546.8336104],
		[78.97623005,312.9049202],
		[91.97226839,208.9366135],
		[104.9683067,117.9643451],
		[208.9366135,104.9683067],
		[221.9326518,169.9484984],
		[234.9286902,273.9168052],
		[156.9524601,91.97226839],
		[156.9524601,26.99207668]
	],
	"score": 1.614916084
}
