{
	"point": [
		[196.0033262,544.2235515],
		[182.0745172,404.9354614],
		[182.0745172,265.6473712],
		[223.8609442,265.6473712],
		[223.8609442,404.9354614],
		[209.9321352,544.2235515],
		[140.2880901,321.3626073],
		[154.2168991,223.8609442],
		[154.2168991,112.4304721],
		[251.7185622,126.3592811],
		[251.7185622,223.8609442],
		[251.7185622,321.3626073],
		[196.0033262,98.50166309],
		[196.0033262,28.85761803]
	],
	"score": 1.836987446
}
