{
	"point": [
		[140.2880901,544.2235515],
		[126.3592811,404.9354614],
		[126.3592811,237.7897532],
		[168.1457082,251.7185622],
		[168.1457082,418.8642704],
		[168.1457082,544.2235515],
		[84.57285408,307.4337983],
		[98.50166309,196.0033262],
		[98.50166309,112.4304721],
		[209.9321352,112.4304721],
		[209.9321352,196.0033262],
		[209.9321352,293.5049893],
		[154.2168991,84.57285408],
		[154.2168991,14.92880901]
	],
	"score": 1.726945165
}
