{
	"point": [
		[209.9321352,502.4371245],
		[182.0745172,391.0066524],
		[168.1457082,237.7897532],
		[223.8609442,251.7185622],
		[223.8609442,391.0066524],
		[196.0033262,544.2235515],
		[126.3592811,307.4337983],
		[140.2880901,209.9321352],
		[154.2168991,112.4304721],
		[251.7185622,112.4304721],
		[251.7185622,209.9321352],
		[265.6473712,307.4337983],
		[209.9321352,84.57285408],
		[209.9321352,14.92880901]
	],
	"score": 1.246577632
}
