{
	"point": [
		[182.885988,510.2807663],
		[170.7602554,389.023441],
		[158.6345229,267.7661157],
		[195.0117205,267.7661157],
		[195.0117205,389.023441],
		[195.0117205,510.2807663],
		[134.3830579,243.5146506],
		[122.2573253,182.885988],
		[134.3830579,122.2573253],
		[231.3889181,134.3830579],
		[231.3889181,195.0117205],
		[231.3889181,292.0175808],
		[182.885988,110.1315928],
		[182.885988,37.3771976]
	],
	"score": 1.177915754
}
