{
	"point": [
		[182.885988,546.6579639],
		[170.7602554,425.4006386],
		[170.7602554,292.0175808],
		[231.3889181,304.1433133],
		[219.2631856,437.5263712],
		[195.0117205,546.6579639],
		[134.3830579,316.2690458],
		[146.5087904,243.5146506],
		[170.7602554,158.6345229],
		[255.6403832,170.7602554],
		[255.6403832,243.5146506],
		[255.6403832,340.5205109],
		[219.2631856,146.5087904],
		[219.2631856,85.88012772]
	],
	"score": 1.552223257
}
