{
	"point": [
		[182.9445368,533.837572],
		[182.9445368,429.8692653],
		[182.9445368,312.9049202],
		[221.9326518,286.9128435],
		[221.9326518,416.8732269],
		[208.9366135,533.837572],
		[130.9603834,325.9009585],
		[130.9603834,247.9247285],
		[156.9524601,156.9524601],
		[247.9247285,156.9524601],
		[247.9247285,247.9247285],
		[247.9247285,338.8969969],
		[195.9405751,143.9564218],
		[195.9405751,78.97623005]
	],
	"score": 1.882531201
}
