{
	"point": [
		[130.9603834,546.8336104],
		[117.9643451,403.8771886],
		[104.9683067,260.9207668],
		[169.9484984,286.9128435],
		[169.9484984,416.8732269],
		[169.9484984,559.8296487],
		[78.97623005,312.9049202],
		[91.97226839,208.9366135],
		[91.97226839,117.9643451],
		[195.9405751,117.9643451],
		[195.9405751,182.9445368],
		[195.9405751,182.9445368],
		[143.9564218,91.97226839],
		[143.9564218,26.99207668]
	],
	"score": 1.55772451
}
