{
	"point": {
		"_ArrayType_": "double",
		"_ArraySize_": [14,2,2],
		"_ArrayData_": [335.3933203,326.8191326,318.2449449,361.1158834,352.5416957,343.967508,318.2449449,318.2449449,309.6707572,378.2642588,378.2642588,378.2642588,343.967508,343.967508,386.8384465,292.5223818,215.3546925,232.5030679,301.0965695,386.8384465,249.6514433,181.0579417,121.0386278,121.0386278,172.483754,223.9288802,112.4644401,61.0193139,103.8902524,78.1676893,69.5935016,103.8902524,103.8902524,112.4644401,43.8709385,61.0193139,61.0193139,129.6128155,138.1870032,103.8902524,95.3160647,95.3160647,395.4126342,283.9481941,189.6321294,206.7805048,292.5223818,369.6900711,215.3546925,155.3353786,103.8902524,103.8902524,138.1870032,95.3160647,95.3160647,43.8709385]
	},
	"score": [0.3016489679,0.1573048898]
}
