{
	"point": {
		"_ArrayType_": "double",
		"_ArraySize_": [14,2,2],
		"_ArrayData_": [90.57116719,75.64263932,60.71411146,135.3567508,120.4282229,105.4996951,45.78558359,60.71411146,60.71411146,165.2138065,209.9993901,150.2852786,120.4282229,120.4282229,538.4270031,404.0702523,239.8564458,269.7135016,404.0702523,553.355531,299.5705573,195.0708622,105.4996951,120.4282229,195.0708622,224.927918,90.57116719,15.92852786,352.6462434,328.3947784,340.5205109,401.1491736,401.1491736,389.023441,304.1433133,304.1433133,316.2690458,425.4006386,425.4006386,437.5263712,364.771976,364.771976,534.5322314,401.1491736,255.6403832,255.6403832,413.2749061,534.5322314,304.1433133,207.137453,110.1315928,122.2573253,219.2631856,316.2690458,85.88012772,25.25146506]
	},
	"score": [1.166783667,0.8503955926]
}
