{
	"point": [
		[122.2573253,558.7836965],
		[122.2573253,461.7778362],
		[110.1315928,328.3947784],
		[182.885988,304.1433133],
		[158.6345229,449.6521037],
		[146.5087904,558.7836965],
		[85.88012772,340.5205109],
		[85.88012772,255.6403832],
		[98.00586026,170.7602554],
		[195.0117205,158.6345229],
		[207.137453,243.5146506],
		[207.137453,340.5205109],
		[146.5087904,146.5087904],
		[146.5087904,73.75439519]
	],
	"score": 1.035624123
}
