{
	"point": [
		[154.2168991,544.2235515],
		[140.2880901,418.8642704],
		[112.4304721,279.5761803],
		[140.2880901,265.6473712],
		[140.2880901,432.7930794],
		[154.2168991,558.1523605],
		[70.64404506,321.3626073],
		[70.64404506,223.8609442],
		[70.64404506,126.3592811],
		[168.1457082,112.4304721],
		[168.1457082,196.0033262],
		[182.0745172,293.5049893],
		[112.4304721,98.50166309],
		[112.4304721,28.85761803]
	],
	"score": 1.13378693
}
