{
	"point": [
		[140.2880901,544.2235515],
		[126.3592811,404.9354614],
		[126.3592811,251.7185622],
		[168.1457082,293.5049893],
		[168.1457082,418.8642704],
		[168.1457082,544.2235515],
		[84.57285408,307.4337983],
		[98.50166309,209.9321352],
		[112.4304721,112.4304721],
		[209.9321352,126.3592811],
		[209.9321352,196.0033262],
		[209.9321352,196.0033262],
		[154.2168991,98.50166309],
		[154.2168991,28.85761803]
	],
	"score": 1.343896883
}
