{
	"point": {
		"_ArrayType_": "double",
		"_ArraySize_": [14,2,2],
		"_ArrayData_": [182.885988,182.885988,182.885988,231.3889181,219.2631856,207.137453,122.2573253,146.5087904,146.5087904,243.5146506,243.5146506,255.6403832,195.0117205,195.0117205,486.0293013,401.1491736,267.7661157,243.5146506,389.023441,534.5322314,267.7661157,207.137453,122.2573253,134.3830579,195.0117205,267.7661157,110.1315928,37.3771976,345.7204357,335.8712804,326.0221251,365.4187464,355.569591,355.569591,296.4746592,296.4746592,306.3238145,375.2679017,375.2679017,385.117057,335.8712804,335.8712804,434.3628335,326.0221251,207.8322614,217.6814167,316.1729698,414.6645229,227.5305721,158.5864849,89.64239776,89.64239776,129.039019,188.1339508,79.79324245,20.69831061]
	},
	"score": [0.5670668667,0.2347797159]
}
