{
	"point": [
		[223.8609442,558.1523605],
		[209.9321352,418.8642704],
		[196.0033262,279.5761803],
		[265.6473712,279.5761803],
		[265.6473712,404.9354614],
		[321.3626073,516.3659335],
		[168.1457082,237.7897532],
		[140.2880901,182.0745172],
		[182.0745172,112.4304721],
		[293.5049893,112.4304721],
		[293.5049893,196.0033262],
		[293.5049893,279.5761803],
		[237.7897532,84.57285408],
		[237.7897532,14.92880901]
	],
	"score": 1.053442152
}
