{
	"point": [
		[279.5761803,544.2235515],
		[251.7185622,404.9354614],
		[251.7185622,307.4337983],
		[321.3626073,265.6473712],
		[307.4337983,432.7930794],
		[293.5049893,558.1523605],
		[223.8609442,265.6473712],
		[237.7897532,196.0033262],
		[251.7185622,140.2880901],
		[349.2202253,126.3592811],
		[363.1490343,182.0745172],
		[349.2202253,251.7185622],
		[293.5049893,112.4304721],
		[293.5049893,28.85761803]
	],
	"score": 1.018690559
}
