{
	"point": {
		"_ArrayType_": "double",
		"_ArraySize_": [14,2,2],
		"_ArrayData_": [159.391919,136.764502,114.137085,170.7056275,148.0782105,136.764502,80.19595949,102.8233765,114.137085,193.3330445,193.3330445,193.3330445,148.0782105,148.0782105,476.175757,363.038672,238.5878785,249.901587,363.038672,476.175757,283.8427125,204.646753,125.4507935,125.4507935,204.646753,283.8427125,114.137085,34.9411255,534.5322314,510.2807663,486.0293013,437.5263712,425.4006386,413.2749061,413.2749061,425.4006386,425.4006386,486.0293013,510.2807663,522.4064989,449.6521037,437.5263712,461.7778362,364.771976,255.6403832,231.3889181,364.771976,473.9035688,292.0175808,219.2631856,134.3830579,122.2573253,195.0117205,279.8918482,122.2573253,61.62866266]
	},
	"score": [1.170223934,0.1038978908]
}
