{
	"point": [
		[195.0117205,510.2807663],
		[182.885988,376.8977085],
		[170.7602554,255.6403832],
		[219.2631856,267.7661157],
		[219.2631856,389.023441],
		[207.137453,510.2807663],
		[110.1315928,267.7661157],
		[146.5087904,195.0117205],
		[158.6345229,110.1315928],
		[243.5146506,122.2573253],
		[243.5146506,182.885988],
		[267.7661157,279.8918482],
		[207.137453,98.00586026],
		[207.137453,37.3771976]
	],
	"score": 1.682320455
}
