{
	"point": [
		[169.9484984,507.8454953],
		[169.9484984,390.8811503],
		[156.9524601,273.9168052],
		[208.9366135,273.9168052],
		[208.9366135,390.8811503],
		[195.9405751,507.8454953],
		[130.9603834,247.9247285],
		[104.9683067,195.9405751],
		[143.9564218,117.9643451],
		[234.9286902,130.9603834],
		[273.9168052,195.9405751],
		[221.9326518,247.9247285],
		[182.9445368,104.9683067],
		[182.9445368,39.98811503]
	],
	"score": 2.12631941
}
