{
	"point": [
		[135.3567508,553.355531],
		[120.4282229,404.0702523],
		[105.4996951,254.7849737],
		[165.2138065,269.7135016],
		[165.2138065,404.0702523],
		[209.9993901,538.4270031],
		[75.64263932,314.4990852],
		[75.64263932,224.927918],
		[105.4996951,120.4282229],
		[209.9993901,105.4996951],
		[224.927918,209.9993901],
		[209.9993901,299.5705573],
		[150.2852786,90.57116719],
		[150.2852786,15.92852786]
	],
	"score": 1.410838407
}
