{
	"point": [
		[126.3592811,544.2235515],
		[98.50166309,404.9354614],
		[98.50166309,265.6473712],
		[168.1457082,209.9321352],
		[168.1457082,377.0778433],
		[196.0033262,516.3659335],
		[70.64404506,307.4337983],
		[84.57285408,196.0033262],
		[84.57285408,112.4304721],
		[196.0033262,112.4304721],
		[196.0033262,168.1457082],
		[209.9321352,251.7185622],
		[140.2880901,84.57285408],
		[140.2880901,14.92880901]
	],
	"score": 1.165983534
}
