{
	"point": [
		[126.3592811,558.1523605],
		[126.3592811,404.9354614],
		[112.4304721,251.7185622],
		[168.1457082,265.6473712],
		[168.1457082,404.9354614],
		[168.1457082,558.1523605],
		[84.57285408,182.0745172],
		[84.57285408,168.1457082],
		[84.57285408,98.50166309],
		[196.0033262,112.4304721],
		[196.0033262,196.0033262],
		[209.9321352,307.4337983],
		[140.2880901,84.57285408],
		[140.2880901,14.92880901]
	],
	"score": 1.083833099
}
