{
	"point": [
		[168.1457082,544.2235515],
		[168.1457082,418.8642704],
		[168.1457082,293.5049893],
		[223.8609442,265.6473712],
		[223.8609442,404.9354614],
		[209.9321352,530.2947425],
		[140.2880901,321.3626073],
		[154.2168991,223.8609442],
		[168.1457082,126.3592811],
		[251.7185622,112.4304721],
		[265.6473712,209.9321352],
		[265.6473712,321.3626073],
		[209.9321352,98.50166309],
		[196.0033262,28.85761803]
	],
	"score": 1.063768204
}
