{
	"point": [
		[207.137453,558.7836965],
		[207.137453,425.4006386],
		[195.0117205,292.0175808],
		[231.3889181,279.8918482],
		[219.2631856,401.1491736],
		[219.2631856,486.0293013],
		[146.5087904,316.2690458],
		[146.5087904,219.2631856],
		[170.7602554,134.3830579],
		[255.6403832,134.3830579],
		[255.6403832,195.0117205],
		[279.8918482,255.6403832],
		[207.137453,110.1315928],
		[207.137453,37.3771976]
	],
	"score": 1.340835656
}
