{
	"point": [
		[143.9564218,533.837572],
		[104.9683067,416.8732269],
		[104.9683067,299.9088819],
		[156.9524601,286.9128435],
		[156.9524601,416.8732269],
		[143.9564218,559.8296487],
		[65.98019171,156.9524601],
		[65.98019171,156.9524601],
		[91.97226839,104.9683067],
		[195.9405751,117.9643451],
		[247.9247285,195.9405751],
		[195.9405751,234.9286902],
		[143.9564218,91.97226839],
		[143.9564218,26.99207668]
	],
	"score": 1.34926999
}
