{
	"point": [
		[196.0033262,544.2235515],
		[182.0745172,404.9354614],
		[168.1457082,251.7185622],
		[223.8609442,307.4337983],
		[223.8609442,418.8642704],
		[209.9321352,544.2235515],
		[168.1457082,321.3626073],
		[154.2168991,223.8609442],
		[154.2168991,126.3592811],
		[265.6473712,140.2880901],
		[251.7185622,223.8609442],
		[237.7897532,321.3626073],
		[209.9321352,126.3592811],
		[209.9321352,42.78642704]
	],
	"score": 1.311943334
}
