{
	"point": [
		[156.9524601,546.8336104],
		[156.9524601,416.8732269],
		[156.9524601,273.9168052],
		[221.9326518,273.9168052],
		[195.9405751,416.8732269],
		[195.9405751,546.8336104],
		[117.9643451,299.9088819],
		[130.9603834,208.9366135],
		[169.9484984,117.9643451],
		[260.9207668,130.9603834],
		[299.9088819,208.9366135],
		[247.9247285,234.9286902],
		[221.9326518,104.9683067],
		[221.9326518,26.99207668]
	],
	"score": 1.263813792
}
