{
	"point": [
		[254.7849737,553.355531],
		[224.927918,433.9273081],
		[224.927918,269.7135016],
		[269.7135016,254.7849737],
		[269.7135016,418.9987802],
		[254.7849737,553.355531],
		[195.0708622,224.927918],
		[135.3567508,180.1423344],
		[195.0708622,105.4996951],
		[314.4990852,90.57116719],
		[374.2131966,180.1423344],
		[314.4990852,239.8564458],
		[254.7849737,75.64263932],
		[254.7849737,15.92852786]
	],
	"score": 1.184736735
}
