{
	"point": [
		[243.5146506,534.5322314],
		[219.2631856,389.023441],
		[195.0117205,243.5146506],
		[255.6403832,267.7661157],
		[255.6403832,401.1491736],
		[243.5146506,498.1550338],
		[146.5087904,304.1433133],
		[170.7602554,219.2631856],
		[195.0117205,110.1315928],
		[292.0175808,110.1315928],
		[304.1433133,195.0117205],
		[340.5205109,279.8918482],
		[243.5146506,98.00586026],
		[243.5146506,25.25146506]
	],
	"score": 1.432944839
}
