{
	"point": [
		[292.0175808,558.7836965],
		[267.7661157,425.4006386],
		[267.7661157,292.0175808],
		[328.3947784,279.8918482],
		[304.1433133,425.4006386],
		[304.1433133,558.7836965],
		[231.3889181,316.2690458],
		[255.6403832,207.137453],
		[267.7661157,122.2573253],
		[364.771976,110.1315928],
		[401.1491736,170.7602554],
		[401.1491736,231.3889181],
		[316.2690458,98.00586026],
		[316.2690458,25.25146506]
	],
	"score": 1.066556881
}
