{
	"point": [
		[209.9993901,538.4270031],
		[209.9993901,404.0702523],
		[209.9993901,239.8564458],
		[254.7849737,254.7849737],
		[254.7849737,404.0702523],
		[239.8564458,553.355531],
		[165.2138065,299.5705573],
		[165.2138065,209.9993901],
		[180.1423344,105.4996951],
		[284.6420294,105.4996951],
		[344.3561409,180.1423344],
		[284.6420294,209.9993901],
		[239.8564458,90.57116719],
		[239.8564458,15.92852786]
	],
	"score": 1.01173479
}
