{
	"point": [
		[168.1457082,544.2235515],
		[168.1457082,404.9354614],
		[168.1457082,279.5761803],
		[223.8609442,293.5049893],
		[251.7185622,404.9354614],
		[265.6473712,544.2235515],
		[140.2880901,307.4337983],
		[154.2168991,209.9321352],
		[154.2168991,126.3592811],
		[265.6473712,126.3592811],
		[279.5761803,126.3592811],
		[265.6473712,209.9321352],
		[209.9321352,112.4304721],
		[209.9321352,42.78642704]
	],
	"score": 1.135568808
}
