{
	"point": [
		[182.0745172,544.2235515],
		[168.1457082,418.8642704],
		[168.1457082,307.4337983],
		[237.7897532,293.5049893],
		[209.9321352,418.8642704],
		[209.9321352,558.1523605],
		[209.9321352,209.9321352],
		[140.2880901,209.9321352],
		[154.2168991,140.2880901],
		[237.7897532,140.2880901],
		[265.6473712,251.7185622],
		[223.8609442,223.8609442],
		[196.0033262,126.3592811],
		[196.0033262,56.71523605]
	],
	"score": 1.025798138
}
