{
	"point": [
		[182.885988,546.6579639],
		[182.885988,401.1491736],
		[182.885988,279.8918482],
		[243.5146506,279.8918482],
		[231.3889181,401.1491736],
		[219.2631856,546.6579639],
		[195.0117205,134.3830579],
		[158.6345229,195.0117205],
		[195.0117205,110.1315928],
		[279.8918482,122.2573253],
		[279.8918482,219.2631856],
		[279.8918482,316.2690458],
		[231.3889181,98.00586026],
		[219.2631856,37.3771976]
	],
	"score": 1.097664155
}
