{
	"point": [
		[150.2852786,538.4270031],
		[120.4282229,404.0702523],
		[105.4996951,269.7135016],
		[165.2138065,269.7135016],
		[150.2852786,404.0702523],
		[135.3567508,538.4270031],
		[60.71411146,299.5705573],
		[90.57116719,195.0708622],
		[90.57116719,105.4996951],
		[195.0708622,105.4996951],
		[195.0708622,195.0708622],
		[195.0708622,299.5705573],
		[135.3567508,90.57116719],
		[135.3567508,15.92852786]
	],
	"score": 1.323021665
}
