{
	"point": [
		[99.49155307,532.8543866],
		[99.49155307,414.6645229],
		[138.8881743,296.4746592],
		[257.078038,335.8712804],
		[257.078038,394.9662123],
		[276.7763486,532.8543866],
		[79.79324245,414.6645229],
		[99.49155307,276.7763486],
		[119.1898637,158.5864849],
		[276.7763486,158.5864849],
		[276.7763486,296.4746592],
		[296.4746592,454.0611441],
		[197.9831061,138.8881743],
		[197.9831061,40.39662123]
	],
	"score": 1.088373226
}
