{
	"point": [
		[207.137453,498.1550338],
		[195.0117205,401.1491736],
		[170.7602554,255.6403832],
		[231.3889181,267.7661157],
		[219.2631856,401.1491736],
		[207.137453,534.5322314],
		[134.3830579,304.1433133],
		[146.5087904,207.137453],
		[158.6345229,122.2573253],
		[243.5146506,122.2573253],
		[243.5146506,170.7602554],
		[243.5146506,98.00586026],
		[207.137453,110.1315928],
		[207.137453,37.3771976]
	],
	"score": 1.045743564
}
