{
	"point": [
		[130.9603834,520.8415337],
		[104.9683067,403.8771886],
		[104.9683067,286.9128435],
		[156.9524601,286.9128435],
		[156.9524601,416.8732269],
		[156.9524601,546.8336104],
		[65.98019171,234.9286902],
		[39.98811503,182.9445368],
		[78.97623005,130.9603834],
		[182.9445368,130.9603834],
		[182.9445368,221.9326518],
		[182.9445368,325.9009585],
		[130.9603834,117.9643451],
		[130.9603834,39.98811503]
	],
	"score": 1.394647124
}
