{
	"point": [
		[75.64263932,538.4270031],
		[75.64263932,404.0702523],
		[60.71411146,239.8564458],
		[120.4282229,269.7135016],
		[165.2138065,374.2131966],
		[239.8564458,508.5699474],
		[30.85705573,314.4990852],
		[45.78558359,224.927918],
		[60.71411146,135.3567508],
		[165.2138065,135.3567508],
		[209.9993901,209.9993901],
		[150.2852786,254.7849737],
		[105.4996951,120.4282229],
		[105.4996951,45.78558359]
	],
	"score": 1.206523147
}
