{
	"point": {
		"_ArrayType_": "double",
		"_ArraySize_": [14,2,2],
		"_ArrayData_": [85.88012772,85.88012772,110.1315928,158.6345229,134.3830579,110.1315928,98.00586026,73.75439519,110.1315928,195.0117205,195.0117205,195.0117205,146.5087904,146.5087904,558.7836965,425.4006386,267.7661157,255.6403832,413.2749061,558.7836965,231.3889181,182.885988,122.2573253,110.1315928,195.0117205,292.0175808,98.00586026,25.25146506,403.8771886,403.8771886,416.8732269,468.8573803,468.8573803,468.8573803,377.8851119,403.8771886,403.8771886,507.8454953,507.8454953,520.8415337,455.861342,468.8573803,546.8336104,390.8811503,247.9247285,234.9286902,403.8771886,559.8296487,286.9128435,195.9405751,104.9683067,117.9643451,208.9366135,299.9088819,91.97226839,26.99207668]
	},
	"score": [0.6217496598,0.2619339395]
}
