{
	"point": [
		[209.9993901,553.355531],
		[195.0708622,418.9987802],
		[180.1423344,299.5705573],
		[254.7849737,299.5705573],
		[254.7849737,418.9987802],
		[239.8564458,553.355531],
		[150.2852786,239.8564458],
		[165.2138065,165.2138065],
		[180.1423344,120.4282229],
		[284.6420294,105.4996951],
		[299.5705573,195.0708622],
		[269.7135016,254.7849737],
		[224.927918,90.57116719],
		[224.927918,15.92852786]
	],
	"score": 1.214012895
}
