{
	"point": {
		"_ArrayType_": "double",
		"_ArraySize_": [14,2,2],
		"_ArrayData_": [46.254834,68.88225099,80.19595949,148.0782105,148.0782105,148.0782105,46.254834,46.254834,68.88225099,159.391919,170.7056275,182.019336,114.137085,114.137085,408.293506,317.783838,227.27417,238.5878785,329.0975465,419.6072145,295.156421,204.646753,102.8233765,114.137085,204.646753,295.156421,91.50966799,23.627417,251.7185622,279.5761803,307.4337983,363.1490343,377.0778433,404.9354614,279.5761803,279.5761803,293.5049893,391.0066524,391.0066524,404.9354614,349.2202253,335.2914163,544.2235515,404.9354614,251.7185622,237.7897532,349.2202253,502.4371245,293.5049893,209.9321352,112.4304721,112.4304721,196.0033262,279.5761803,98.50166309,28.85761803]
	},
	"score": [0.5096658431,-0.03566238788]
}
