{
	"point": [
		[166.4125631,533.9960367],
		[148.0333894,451.2897552],
		[148.0333894,368.5834736],
		[175.60215,368.5834736],
		[175.60215,460.479342],
		[166.4125631,561.5647972],
		[120.4646289,267.4980184],
		[148.0333894,304.2563657],
		[148.0333894,249.1188447],
		[212.3604973,258.3084315],
		[203.1709105,322.6355394],
		[203.1709105,405.341821],
		[175.60215,239.9292578],
		[175.60215,184.7917368]
	],
	"score": 1.532976807
}
