{
	"point": [
		[165.2138065,568.2840589],
		[135.3567508,433.9273081],
		[135.3567508,284.6420294],
		[180.1423344,269.7135016],
		[180.1423344,418.9987802],
		[150.2852786,538.4270031],
		[105.4996951,254.7849737],
		[60.71411146,195.0708622],
		[105.4996951,135.3567508],
		[224.927918,135.3567508],
		[224.927918,224.927918],
		[224.927918,314.4990852],
		[165.2138065,120.4282229],
		[165.2138065,45.78558359]
	],
	"score": 1.750596227
}
