{
	"point": [
		[168.1457082,530.2947425],
		[154.2168991,404.9354614],
		[140.2880901,265.6473712],
		[209.9321352,279.5761803],
		[196.0033262,404.9354614],
		[168.1457082,544.2235515],
		[98.50166309,321.3626073],
		[112.4304721,237.7897532],
		[126.3592811,140.2880901],
		[237.7897532,140.2880901],
		[251.7185622,209.9321352],
		[293.5049893,279.5761803],
		[168.1457082,126.3592811],
		[168.1457082,42.78642704]
	],
	"score": 1.548357747
}
