{
	"point": [
		[196.0033262,516.3659335],
		[182.0745172,404.9354614],
		[154.2168991,265.6473712],
		[209.9321352,293.5049893],
		[209.9321352,404.9354614],
		[196.0033262,530.2947425],
		[126.3592811,293.5049893],
		[126.3592811,196.0033262],
		[140.2880901,112.4304721],
		[237.7897532,126.3592811],
		[251.7185622,237.7897532],
		[237.7897532,321.3626073],
		[182.0745172,98.50166309],
		[182.0745172,28.85761803]
	],
	"score": 1.34102184
}
