{
	"point": [
		[130.9603834,546.8336104],
		[117.9643451,403.8771886],
		[117.9643451,247.9247285],
		[169.9484984,260.9207668],
		[169.9484984,416.8732269],
		[156.9524601,559.8296487],
		[91.97226839,312.9049202],
		[91.97226839,208.9366135],
		[104.9683067,117.9643451],
		[208.9366135,104.9683067],
		[208.9366135,195.9405751],
		[208.9366135,299.9088819],
		[156.9524601,91.97226839],
		[156.9524601,26.99207668]
	],
	"score": 1.718016493
}
