{
	"point": [
		[182.9445368,546.8336104],
		[169.9484984,416.8732269],
		[156.9524601,247.9247285],
		[234.9286902,247.9247285],
		[221.9326518,416.8732269],
		[221.9326518,546.8336104],
		[117.9643451,260.9207668],
		[143.9564218,195.9405751],
		[143.9564218,117.9643451],
		[247.9247285,117.9643451],
		[260.9207668,208.9366135],
		[286.9128435,299.9088819],
		[195.9405751,91.97226839],
		[195.9405751,26.99207668]
	],
	"score": 1.30956304
}
