{
	"point": {
		"_ArrayType_": "double",
		"_ArraySize_": [14,2,2],
		"_ArrayData_": [338.7940252,370.462215,412.6864682,465.4667846,444.354658,402.1304049,391.5743416,402.1304049,412.6864682,476.0228479,476.0228479,497.1349745,444.354658,444.354658,402.1304049,296.569772,201.5652024,201.5652024,317.6818986,412.6864682,222.677329,169.8970126,106.5606329,106.5606329,169.8970126,233.2333923,85.44850629,32.66818986,197.9831061,178.2847955,138.8881743,188.1339508,188.1339508,237.3797274,109.3407084,119.1898637,129.039019,188.1339508,188.1339508,207.8322614,148.7373296,148.7373296,355.569591,266.9271933,188.1339508,197.9831061,296.4746592,355.569591,207.8322614,148.7373296,89.64239776,89.64239776,148.7373296,207.8322614,79.79324245,30.54746592]
	},
	"score": [0.3199404068,0.1306055517]
}
