{
	"point": [
		[237.7897532,544.2235515],
		[223.8609442,418.8642704],
		[209.9321352,279.5761803],
		[265.6473712,265.6473712],
		[265.6473712,418.8642704],
		[265.6473712,558.1523605],
		[182.0745172,237.7897532],
		[140.2880901,182.0745172],
		[196.0033262,112.4304721],
		[307.4337983,112.4304721],
		[307.4337983,209.9321352],
		[307.4337983,321.3626073],
		[251.7185622,98.50166309],
		[251.7185622,28.85761803]
	],
	"score": 1.866502719
}
