{
	"point": [
		[130.9603834,533.837572],
		[117.9643451,403.8771886],
		[117.9643451,247.9247285],
		[169.9484984,273.9168052],
		[156.9524601,416.8732269],
		[156.9524601,559.8296487],
		[91.97226839,312.9049202],
		[91.97226839,208.9366135],
		[91.97226839,117.9643451],
		[195.9405751,104.9683067],
		[234.9286902,117.9643451],
		[169.9484984,91.97226839],
		[143.9564218,91.97226839],
		[143.9564218,26.99207668]
	],
	"score": 1.175049084
}
