{
	"point": [
		[195.9405751,533.837572],
		[169.9484984,403.8771886],
		[156.9524601,234.9286902],
		[221.9326518,260.9207668],
		[221.9326518,403.8771886],
		[208.9366135,533.837572],
		[130.9603834,299.9088819],
		[130.9603834,195.9405751],
		[143.9564218,104.9683067],
		[247.9247285,117.9643451],
		[260.9207668,208.9366135],
		[260.9207668,312.9049202],
		[195.9405751,91.97226839],
		[195.9405751,26.99207668]
	],
	"score": 1.620109627
}
